group_id,collection_id,mms_id,originating_system_id,compoundrelationship,dc:title,dcterms:alternative,oldalttitle,dc:identifier,dcterms:identifier.dcterms:URI,dcterms:tableOfContents,dc:creator,dc:contributor,dc:subject,dcterms:subject.dcterms:LCSH,dcterms:subject.dcterms:LCSH,dcterms:subject.dcterms:LCSH,dcterms:subject.dcterms:LCSH,dcterms:subject.dcterms:LCSH,dcterms:subject.dcterms:LCSH,dcterms:subject.dcterms:LCSH,dcterms:subject.dcterms:LCSH,dcterms:subject.dcterms:LCSH,dcterms:subject.dcterms:LCSH,dcterms:subject.dcterms:LCSH,dcterms:subject.dcterms:LCSH,dc:description,dcterms:provenance,dcterms:bibliographicCitation,dcterms:abstract,dcterms:publisher,dcterms:publisher,dc:date,dcterms:created,dcterms:issued,dcterms:dateSubmitted,dcterms:dateAccepted,dc:type,dc:format,dcterms:extent,dcterms:extent,dcterms:medium,dcterms:format.dcterms:IMT,dcterms:type.dcterms:DCMIType,dc:language,dc:relation,dcterms:isPartOf,dcterms:isPartOf,dcterms:isPartOf,dc:coverage,dcterms:spatial,dcterms:spatial.dcterms:Point,dcterms:temporal,dc:rights,dc:source,bib custom field,rep_label,rep_public_note,rep_access_rights,rep_usage_type,rep_library,rep_note,rep_custom field,file_name_1,file_label_1,file_name_2,file_label_2,googlesheetsource,dginfo
,,991011506418804641,991011506418804641,parent: grinnell:10001,Data Repository for Reproducible Research,,,grinnell:10001; grinnell:10001; http://hdl.handle.net/11084/10001; alma:01GCL_INST/bibs/991011506418804641,http://hdl.handle.net/11084/10001,Data Repository for Reproducible Research (compound); DataRepOvrvw (essays); DataRepository (essays); collections.tar (database); collections.zip (database); data.tar (database); data.zip (database); ReproducibleResearch (essays); ReproducibleResearchSlides (essays),"Weinman, Jerod J. (Faculty/Staff)",Grinnell College. Computer Science,Research Data Repository,,,,,,,,,,,,,"To promote reproducibility, since 2009 all my empirical research has been cached in a data repository that captures all source code and data dependencies automatically or semi-automatically. Our principle goals are to  modularize, document, and preserve all aspects of experimental data. So that others may benefit from or adapt my methods, I provide a bit of motivation and explanation here, along with the full description of the parameters and guidelines of the data repository (provided to my research students) and source code for the utilities.",,,"To promote reproducibility, since 2009 all my empirical research has been cached in a data repository that captures all source code and data dependencies automatically or semi-automatically.",Grinnell College,Grinnell College,2014-10-21,2014,2014-10-21,,2014-10-21,compound,,,,,,,English,,Syllabi and Curricular Materials,Syllabi and Curricular Materials,Syllabi and Curricular Materials,,,,,"Copyright to this work is held by the author(s), in accordance with United States copyright law (USC 17). Readers of this work have certain rights as defined by the law, including but not limited to fair use (17 USC 107 et seq.).",,,,,,,,,,,,,,0000  https://docs.google.com/spreadsheets/d/1JzW8TGU8qJlBAlyoMyDS1mkLTGoaLrsCzVtwQo-4JlU/edit?usp=sharing,"{/""worksheet/"": /""https://docs.google.com/spreadsheets/d/1JzW8TGU8qJlBAlyoMyDS1mkLTGoaLrsCzVtwQo-4JlU#gid=1804306342/"", /""directory/"": /""smb://storage/mediadb/DGingest/Migration-to-Alma/exports/curricular-materials/"", /""children/"": [{/""pid/"": /""grinnell:10020/"", /""title/"": /""DataRepOvrvw/"", /""files/"": [/""grinnell_10020_MODS.xml/"", /""grinnell_10020_RELS-EXT.rdf/""]}, {/""pid/"": /""grinnell:10021/"", /""title/"": /""DataRepository/"", /""files/"": [/""grinnell_10021_MODS.xml/"", /""grinnell_10021_RELS-EXT.rdf/""]}, {/""pid/"": /""grinnell:10022/"", /""title/"": /""collections.tar/"", /""files/"": [/""grinnell_10022_MODS.xml/"", /""grinnell_10022_RELS-EXT.rdf/""]}, {/""pid/"": /""grinnell:10023/"", /""title/"": /""collections.zip/"", /""files/"": [/""grinnell_10023_MODS.xml/"", /""grinnell_10023_RELS-EXT.rdf/""]}, {/""pid/"": /""grinnell:10024/"", /""title/"": /""data.tar/"", /""files/"": [/""grinnell_10024_MODS.xml/"", /""grinnell_10024_RELS-EXT.rdf/""]}, {/""pid/"": /""grinnell:10025/"", /""title/"": /""data.zip/"", /""files/"": [/""grinnell_10025_MODS.xml/"", /""grinnell_10025_RELS-EXT.rdf/""]}, {/""pid/"": /""grinnell:10026/"", /""title/"": /""ReproducibleResearch/"", /""files/"": [/""grinnell_10026_MODS.xml/"", /""grinnell_10026_RELS-EXT.rdf/""]}, {/""pid/"": /""grinnell:10027/"", /""title/"": /""ReproducibleResearchSlides/"", /""files/"": [/""grinnell_10027_MODS.xml/"", /""grinnell_10027_RELS-EXT.rdf/""]}], /""paren/"": {/""pid/"": /""grinnell:10001/"", /""title/"": /""Data Repository for Reproducible Research/"", /""files/"": [/""grinnell_10001_MODS.xml/"", /""grinnell_10001_RELS-EXT.rdf/""]}}"
,,991011506418804641,991011506418804641,parent: grinnell:10001,Data Repository for Reproducible Research,,,grinnell:10001; grinnell:10001; http://hdl.handle.net/11084/10001; alma:01GCL_INST/bibs/991011506418804641,http://hdl.handle.net/11084/10001,Data Repository for Reproducible Research (compound); DataRepOvrvw (essays); DataRepository (essays); collections.tar (database); collections.zip (database); data.tar (database); data.zip (database); ReproducibleResearch (essays); ReproducibleResearchSlides (essays),"Weinman, Jerod J. (Faculty/Staff)",Grinnell College. Computer Science,Research Data Repository,,,,,,,,,,,,,"To promote reproducibility, since 2009 all my empirical research has been cached in a data repository that captures all source code and data dependencies automatically or semi-automatically. Our principle goals are to  modularize, document, and preserve all aspects of experimental data. So that others may benefit from or adapt my methods, I provide a bit of motivation and explanation here, along with the full description of the parameters and guidelines of the data repository (provided to my research students) and source code for the utilities.",,,"To promote reproducibility, since 2009 all my empirical research has been cached in a data repository that captures all source code and data dependencies automatically or semi-automatically.",Grinnell College,Grinnell College,2014-10-21,2014,2014-10-21,,2014-10-21,compound,,,,,,,English,,Syllabi and Curricular Materials,Syllabi and Curricular Materials,Syllabi and Curricular Materials,,,,,"Copyright to this work is held by the author(s), in accordance with United States copyright law (USC 17). Readers of this work have certain rights as defined by the law, including but not limited to fair use (17 USC 107 et seq.).",,,,,,,,,,,,,,0000  https://docs.google.com/spreadsheets/d/1JzW8TGU8qJlBAlyoMyDS1mkLTGoaLrsCzVtwQo-4JlU/edit?usp=sharing,"{/""worksheet/"": /""https://docs.google.com/spreadsheets/d/1JzW8TGU8qJlBAlyoMyDS1mkLTGoaLrsCzVtwQo-4JlU#gid=1804306342/"", /""directory/"": /""smb://storage/mediadb/DGingest/Migration-to-Alma/exports/curricular-materials/"", /""children/"": [{/""pid/"": /""grinnell:10020/"", /""title/"": /""DataRepOvrvw/"", /""files/"": [/""grinnell_10020_MODS.xml/"", /""grinnell_10020_RELS-EXT.rdf/""]}, {/""pid/"": /""grinnell:10021/"", /""title/"": /""DataRepository/"", /""files/"": [/""grinnell_10021_MODS.xml/"", /""grinnell_10021_RELS-EXT.rdf/""]}, {/""pid/"": /""grinnell:10022/"", /""title/"": /""collections.tar/"", /""files/"": [/""grinnell_10022_MODS.xml/"", /""grinnell_10022_RELS-EXT.rdf/""]}, {/""pid/"": /""grinnell:10023/"", /""title/"": /""collections.zip/"", /""files/"": [/""grinnell_10023_MODS.xml/"", /""grinnell_10023_RELS-EXT.rdf/""]}, {/""pid/"": /""grinnell:10024/"", /""title/"": /""data.tar/"", /""files/"": [/""grinnell_10024_MODS.xml/"", /""grinnell_10024_RELS-EXT.rdf/""]}, {/""pid/"": /""grinnell:10025/"", /""title/"": /""data.zip/"", /""files/"": [/""grinnell_10025_MODS.xml/"", /""grinnell_10025_RELS-EXT.rdf/""]}, {/""pid/"": /""grinnell:10026/"", /""title/"": /""ReproducibleResearch/"", /""files/"": [/""grinnell_10026_MODS.xml/"", /""grinnell_10026_RELS-EXT.rdf/""]}, {/""pid/"": /""grinnell:10027/"", /""title/"": /""ReproducibleResearchSlides/"", /""files/"": [/""grinnell_10027_MODS.xml/"", /""grinnell_10027_RELS-EXT.rdf/""]}], /""paren/"": {/""pid/"": /""grinnell:10001/"", /""title/"": /""Data Repository for Reproducible Research/"", /""files/"": [/""grinnell_10001_MODS.xml/"", /""grinnell_10001_RELS-EXT.rdf/""]}}"
,,991011506418804641,991011506418804641,parent: grinnell:10001,Data Repository for Reproducible Research,,,grinnell:10001; grinnell:10001; http://hdl.handle.net/11084/10001; alma:01GCL_INST/bibs/991011506418804641,http://hdl.handle.net/11084/10001,Data Repository for Reproducible Research (compound); DataRepOvrvw (essays); DataRepository (essays); collections.tar (database); collections.zip (database); data.tar (database); data.zip (database); ReproducibleResearch (essays); ReproducibleResearchSlides (essays),"Weinman, Jerod J. (Faculty/Staff)",Grinnell College. Computer Science,Research Data Repository,,,,,,,,,,,,,"To promote reproducibility, since 2009 all my empirical research has been cached in a data repository that captures all source code and data dependencies automatically or semi-automatically. Our principle goals are to  modularize, document, and preserve all aspects of experimental data. So that others may benefit from or adapt my methods, I provide a bit of motivation and explanation here, along with the full description of the parameters and guidelines of the data repository (provided to my research students) and source code for the utilities.",,,"To promote reproducibility, since 2009 all my empirical research has been cached in a data repository that captures all source code and data dependencies automatically or semi-automatically.",Grinnell College,Grinnell College,2014-10-21,2014,2014-10-21,,2014-10-21,compound,,,,,,,English,,Syllabi and Curricular Materials,Syllabi and Curricular Materials,Syllabi and Curricular Materials,,,,,"Copyright to this work is held by the author(s), in accordance with United States copyright law (USC 17). Readers of this work have certain rights as defined by the law, including but not limited to fair use (17 USC 107 et seq.).",,,,,,,,,,,,,,0000  https://docs.google.com/spreadsheets/d/1JzW8TGU8qJlBAlyoMyDS1mkLTGoaLrsCzVtwQo-4JlU/edit?usp=sharing,"{/""worksheet/"": /""https://docs.google.com/spreadsheets/d/1JzW8TGU8qJlBAlyoMyDS1mkLTGoaLrsCzVtwQo-4JlU#gid=1804306342/"", /""directory/"": /""smb://storage/mediadb/DGingest/Migration-to-Alma/exports/curricular-materials/"", /""children/"": [{/""pid/"": /""grinnell:10020/"", /""title/"": /""DataRepOvrvw/"", /""files/"": [/""grinnell_10020_MODS.xml/"", /""grinnell_10020_RELS-EXT.rdf/""]}, {/""pid/"": /""grinnell:10021/"", /""title/"": /""DataRepository/"", /""files/"": [/""grinnell_10021_MODS.xml/"", /""grinnell_10021_RELS-EXT.rdf/""]}, {/""pid/"": /""grinnell:10022/"", /""title/"": /""collections.tar/"", /""files/"": [/""grinnell_10022_MODS.xml/"", /""grinnell_10022_RELS-EXT.rdf/""]}, {/""pid/"": /""grinnell:10023/"", /""title/"": /""collections.zip/"", /""files/"": [/""grinnell_10023_MODS.xml/"", /""grinnell_10023_RELS-EXT.rdf/""]}, {/""pid/"": /""grinnell:10024/"", /""title/"": /""data.tar/"", /""files/"": [/""grinnell_10024_MODS.xml/"", /""grinnell_10024_RELS-EXT.rdf/""]}, {/""pid/"": /""grinnell:10025/"", /""title/"": /""data.zip/"", /""files/"": [/""grinnell_10025_MODS.xml/"", /""grinnell_10025_RELS-EXT.rdf/""]}, {/""pid/"": /""grinnell:10026/"", /""title/"": /""ReproducibleResearch/"", /""files/"": [/""grinnell_10026_MODS.xml/"", /""grinnell_10026_RELS-EXT.rdf/""]}, {/""pid/"": /""grinnell:10027/"", /""title/"": /""ReproducibleResearchSlides/"", /""files/"": [/""grinnell_10027_MODS.xml/"", /""grinnell_10027_RELS-EXT.rdf/""]}], /""paren/"": {/""pid/"": /""grinnell:10001/"", /""title/"": /""Data Repository for Reproducible Research/"", /""files/"": [/""grinnell_10001_MODS.xml/"", /""grinnell_10001_RELS-EXT.rdf/""]}}"
,,991011506418804641,991011506418804641,parent: grinnell:10001,Data Repository for Reproducible Research,,,grinnell:10001; grinnell:10001; http://hdl.handle.net/11084/10001; alma:01GCL_INST/bibs/991011506418804641,http://hdl.handle.net/11084/10001,Data Repository for Reproducible Research (compound); DataRepOvrvw (essays); DataRepository (essays); collections.tar (database); collections.zip (database); data.tar (database); data.zip (database); ReproducibleResearch (essays); ReproducibleResearchSlides (essays),"Weinman, Jerod J. (Faculty/Staff)",Grinnell College. Computer Science,Research Data Repository,,,,,,,,,,,,,"To promote reproducibility, since 2009 all my empirical research has been cached in a data repository that captures all source code and data dependencies automatically or semi-automatically. Our principle goals are to  modularize, document, and preserve all aspects of experimental data. So that others may benefit from or adapt my methods, I provide a bit of motivation and explanation here, along with the full description of the parameters and guidelines of the data repository (provided to my research students) and source code for the utilities.",,,"To promote reproducibility, since 2009 all my empirical research has been cached in a data repository that captures all source code and data dependencies automatically or semi-automatically.",Grinnell College,Grinnell College,2014-10-21,2014,2014-10-21,,2014-10-21,compound,,,,,,,English,,Syllabi and Curricular Materials,Syllabi and Curricular Materials,Syllabi and Curricular Materials,,,,,"Copyright to this work is held by the author(s), in accordance with United States copyright law (USC 17). Readers of this work have certain rights as defined by the law, including but not limited to fair use (17 USC 107 et seq.).",,,,,,,,,,,,,,0000  https://docs.google.com/spreadsheets/d/1JzW8TGU8qJlBAlyoMyDS1mkLTGoaLrsCzVtwQo-4JlU/edit?usp=sharing,"{/""worksheet/"": /""https://docs.google.com/spreadsheets/d/1JzW8TGU8qJlBAlyoMyDS1mkLTGoaLrsCzVtwQo-4JlU#gid=1804306342/"", /""directory/"": /""smb://storage/mediadb/DGingest/Migration-to-Alma/exports/curricular-materials/"", /""children/"": [{/""pid/"": /""grinnell:10020/"", /""title/"": /""DataRepOvrvw/"", /""files/"": [/""grinnell_10020_MODS.xml/"", /""grinnell_10020_RELS-EXT.rdf/""]}, {/""pid/"": /""grinnell:10021/"", /""title/"": /""DataRepository/"", /""files/"": [/""grinnell_10021_MODS.xml/"", /""grinnell_10021_RELS-EXT.rdf/""]}, {/""pid/"": /""grinnell:10022/"", /""title/"": /""collections.tar/"", /""files/"": [/""grinnell_10022_MODS.xml/"", /""grinnell_10022_RELS-EXT.rdf/""]}, {/""pid/"": /""grinnell:10023/"", /""title/"": /""collections.zip/"", /""files/"": [/""grinnell_10023_MODS.xml/"", /""grinnell_10023_RELS-EXT.rdf/""]}, {/""pid/"": /""grinnell:10024/"", /""title/"": /""data.tar/"", /""files/"": [/""grinnell_10024_MODS.xml/"", /""grinnell_10024_RELS-EXT.rdf/""]}, {/""pid/"": /""grinnell:10025/"", /""title/"": /""data.zip/"", /""files/"": [/""grinnell_10025_MODS.xml/"", /""grinnell_10025_RELS-EXT.rdf/""]}, {/""pid/"": /""grinnell:10026/"", /""title/"": /""ReproducibleResearch/"", /""files/"": [/""grinnell_10026_MODS.xml/"", /""grinnell_10026_RELS-EXT.rdf/""]}, {/""pid/"": /""grinnell:10027/"", /""title/"": /""ReproducibleResearchSlides/"", /""files/"": [/""grinnell_10027_MODS.xml/"", /""grinnell_10027_RELS-EXT.rdf/""]}], /""paren/"": {/""pid/"": /""grinnell:10001/"", /""title/"": /""Data Repository for Reproducible Research/"", /""files/"": [/""grinnell_10001_MODS.xml/"", /""grinnell_10001_RELS-EXT.rdf/""]}}"
,,991011506418804641,991011506418804641,parent: grinnell:10001,Data Repository for Reproducible Research,,,grinnell:10001; grinnell:10001; http://hdl.handle.net/11084/10001; alma:01GCL_INST/bibs/991011506418804641,http://hdl.handle.net/11084/10001,Data Repository for Reproducible Research (compound); DataRepOvrvw (essays); DataRepository (essays); collections.tar (database); collections.zip (database); data.tar (database); data.zip (database); ReproducibleResearch (essays); ReproducibleResearchSlides (essays),"Weinman, Jerod J. (Faculty/Staff)",Grinnell College. Computer Science,Research Data Repository,,,,,,,,,,,,,"To promote reproducibility, since 2009 all my empirical research has been cached in a data repository that captures all source code and data dependencies automatically or semi-automatically. Our principle goals are to  modularize, document, and preserve all aspects of experimental data. So that others may benefit from or adapt my methods, I provide a bit of motivation and explanation here, along with the full description of the parameters and guidelines of the data repository (provided to my research students) and source code for the utilities.",,,"To promote reproducibility, since 2009 all my empirical research has been cached in a data repository that captures all source code and data dependencies automatically or semi-automatically.",Grinnell College,Grinnell College,2014-10-21,2014,2014-10-21,,2014-10-21,compound,,,,,,,English,,Syllabi and Curricular Materials,Syllabi and Curricular Materials,Syllabi and Curricular Materials,,,,,"Copyright to this work is held by the author(s), in accordance with United States copyright law (USC 17). Readers of this work have certain rights as defined by the law, including but not limited to fair use (17 USC 107 et seq.).",,,,,,,,,,,,,,0000  https://docs.google.com/spreadsheets/d/1JzW8TGU8qJlBAlyoMyDS1mkLTGoaLrsCzVtwQo-4JlU/edit?usp=sharing,"{/""worksheet/"": /""https://docs.google.com/spreadsheets/d/1JzW8TGU8qJlBAlyoMyDS1mkLTGoaLrsCzVtwQo-4JlU#gid=1804306342/"", /""directory/"": /""smb://storage/mediadb/DGingest/Migration-to-Alma/exports/curricular-materials/"", /""children/"": [{/""pid/"": /""grinnell:10020/"", /""title/"": /""DataRepOvrvw/"", /""files/"": [/""grinnell_10020_MODS.xml/"", /""grinnell_10020_RELS-EXT.rdf/""]}, {/""pid/"": /""grinnell:10021/"", /""title/"": /""DataRepository/"", /""files/"": [/""grinnell_10021_MODS.xml/"", /""grinnell_10021_RELS-EXT.rdf/""]}, {/""pid/"": /""grinnell:10022/"", /""title/"": /""collections.tar/"", /""files/"": [/""grinnell_10022_MODS.xml/"", /""grinnell_10022_RELS-EXT.rdf/""]}, {/""pid/"": /""grinnell:10023/"", /""title/"": /""collections.zip/"", /""files/"": [/""grinnell_10023_MODS.xml/"", /""grinnell_10023_RELS-EXT.rdf/""]}, {/""pid/"": /""grinnell:10024/"", /""title/"": /""data.tar/"", /""files/"": [/""grinnell_10024_MODS.xml/"", /""grinnell_10024_RELS-EXT.rdf/""]}, {/""pid/"": /""grinnell:10025/"", /""title/"": /""data.zip/"", /""files/"": [/""grinnell_10025_MODS.xml/"", /""grinnell_10025_RELS-EXT.rdf/""]}, {/""pid/"": /""grinnell:10026/"", /""title/"": /""ReproducibleResearch/"", /""files/"": [/""grinnell_10026_MODS.xml/"", /""grinnell_10026_RELS-EXT.rdf/""]}, {/""pid/"": /""grinnell:10027/"", /""title/"": /""ReproducibleResearchSlides/"", /""files/"": [/""grinnell_10027_MODS.xml/"", /""grinnell_10027_RELS-EXT.rdf/""]}], /""paren/"": {/""pid/"": /""grinnell:10001/"", /""title/"": /""Data Repository for Reproducible Research/"", /""files/"": [/""grinnell_10001_MODS.xml/"", /""grinnell_10001_RELS-EXT.rdf/""]}}"
,,991011506418804641,991011506418804641,parent: grinnell:10001,Data Repository for Reproducible Research,,,grinnell:10001; grinnell:10001; http://hdl.handle.net/11084/10001; alma:01GCL_INST/bibs/991011506418804641,http://hdl.handle.net/11084/10001,Data Repository for Reproducible Research (compound); DataRepOvrvw (essays); DataRepository (essays); collections.tar (database); collections.zip (database); data.tar (database); data.zip (database); ReproducibleResearch (essays); ReproducibleResearchSlides (essays),"Weinman, Jerod J. (Faculty/Staff)",Grinnell College. Computer Science,Research Data Repository,,,,,,,,,,,,,"To promote reproducibility, since 2009 all my empirical research has been cached in a data repository that captures all source code and data dependencies automatically or semi-automatically. Our principle goals are to  modularize, document, and preserve all aspects of experimental data. So that others may benefit from or adapt my methods, I provide a bit of motivation and explanation here, along with the full description of the parameters and guidelines of the data repository (provided to my research students) and source code for the utilities.",,,"To promote reproducibility, since 2009 all my empirical research has been cached in a data repository that captures all source code and data dependencies automatically or semi-automatically.",Grinnell College,Grinnell College,2014-10-21,2014,2014-10-21,,2014-10-21,compound,,,,,,,English,,Syllabi and Curricular Materials,Syllabi and Curricular Materials,Syllabi and Curricular Materials,,,,,"Copyright to this work is held by the author(s), in accordance with United States copyright law (USC 17). Readers of this work have certain rights as defined by the law, including but not limited to fair use (17 USC 107 et seq.).",,,,,,,,,,,,,,0000  https://docs.google.com/spreadsheets/d/1JzW8TGU8qJlBAlyoMyDS1mkLTGoaLrsCzVtwQo-4JlU/edit?usp=sharing,"{/""worksheet/"": /""https://docs.google.com/spreadsheets/d/1JzW8TGU8qJlBAlyoMyDS1mkLTGoaLrsCzVtwQo-4JlU#gid=1804306342/"", /""directory/"": /""smb://storage/mediadb/DGingest/Migration-to-Alma/exports/curricular-materials/"", /""children/"": [{/""pid/"": /""grinnell:10020/"", /""title/"": /""DataRepOvrvw/"", /""files/"": [/""grinnell_10020_MODS.xml/"", /""grinnell_10020_RELS-EXT.rdf/""]}, {/""pid/"": /""grinnell:10021/"", /""title/"": /""DataRepository/"", /""files/"": [/""grinnell_10021_MODS.xml/"", /""grinnell_10021_RELS-EXT.rdf/""]}, {/""pid/"": /""grinnell:10022/"", /""title/"": /""collections.tar/"", /""files/"": [/""grinnell_10022_MODS.xml/"", /""grinnell_10022_RELS-EXT.rdf/""]}, {/""pid/"": /""grinnell:10023/"", /""title/"": /""collections.zip/"", /""files/"": [/""grinnell_10023_MODS.xml/"", /""grinnell_10023_RELS-EXT.rdf/""]}, {/""pid/"": /""grinnell:10024/"", /""title/"": /""data.tar/"", /""files/"": [/""grinnell_10024_MODS.xml/"", /""grinnell_10024_RELS-EXT.rdf/""]}, {/""pid/"": /""grinnell:10025/"", /""title/"": /""data.zip/"", /""files/"": [/""grinnell_10025_MODS.xml/"", /""grinnell_10025_RELS-EXT.rdf/""]}, {/""pid/"": /""grinnell:10026/"", /""title/"": /""ReproducibleResearch/"", /""files/"": [/""grinnell_10026_MODS.xml/"", /""grinnell_10026_RELS-EXT.rdf/""]}, {/""pid/"": /""grinnell:10027/"", /""title/"": /""ReproducibleResearchSlides/"", /""files/"": [/""grinnell_10027_MODS.xml/"", /""grinnell_10027_RELS-EXT.rdf/""]}], /""paren/"": {/""pid/"": /""grinnell:10001/"", /""title/"": /""Data Repository for Reproducible Research/"", /""files/"": [/""grinnell_10001_MODS.xml/"", /""grinnell_10001_RELS-EXT.rdf/""]}}"
,,991011506418804641,991011506418804641,parent: grinnell:10001,Data Repository for Reproducible Research,,,grinnell:10001; grinnell:10001; http://hdl.handle.net/11084/10001; alma:01GCL_INST/bibs/991011506418804641,http://hdl.handle.net/11084/10001,Data Repository for Reproducible Research (compound); DataRepOvrvw (essays); DataRepository (essays); collections.tar (database); collections.zip (database); data.tar (database); data.zip (database); ReproducibleResearch (essays); ReproducibleResearchSlides (essays),"Weinman, Jerod J. (Faculty/Staff)",Grinnell College. Computer Science,Research Data Repository,,,,,,,,,,,,,"To promote reproducibility, since 2009 all my empirical research has been cached in a data repository that captures all source code and data dependencies automatically or semi-automatically. Our principle goals are to  modularize, document, and preserve all aspects of experimental data. So that others may benefit from or adapt my methods, I provide a bit of motivation and explanation here, along with the full description of the parameters and guidelines of the data repository (provided to my research students) and source code for the utilities.",,,"To promote reproducibility, since 2009 all my empirical research has been cached in a data repository that captures all source code and data dependencies automatically or semi-automatically.",Grinnell College,Grinnell College,2014-10-21,2014,2014-10-21,,2014-10-21,compound,,,,,,,English,,Syllabi and Curricular Materials,Syllabi and Curricular Materials,Syllabi and Curricular Materials,,,,,"Copyright to this work is held by the author(s), in accordance with United States copyright law (USC 17). Readers of this work have certain rights as defined by the law, including but not limited to fair use (17 USC 107 et seq.).",,,,,,,,,,,,,,0000  https://docs.google.com/spreadsheets/d/1JzW8TGU8qJlBAlyoMyDS1mkLTGoaLrsCzVtwQo-4JlU/edit?usp=sharing,"{/""worksheet/"": /""https://docs.google.com/spreadsheets/d/1JzW8TGU8qJlBAlyoMyDS1mkLTGoaLrsCzVtwQo-4JlU#gid=1804306342/"", /""directory/"": /""smb://storage/mediadb/DGingest/Migration-to-Alma/exports/curricular-materials/"", /""children/"": [{/""pid/"": /""grinnell:10020/"", /""title/"": /""DataRepOvrvw/"", /""files/"": [/""grinnell_10020_MODS.xml/"", /""grinnell_10020_RELS-EXT.rdf/""]}, {/""pid/"": /""grinnell:10021/"", /""title/"": /""DataRepository/"", /""files/"": [/""grinnell_10021_MODS.xml/"", /""grinnell_10021_RELS-EXT.rdf/""]}, {/""pid/"": /""grinnell:10022/"", /""title/"": /""collections.tar/"", /""files/"": [/""grinnell_10022_MODS.xml/"", /""grinnell_10022_RELS-EXT.rdf/""]}, {/""pid/"": /""grinnell:10023/"", /""title/"": /""collections.zip/"", /""files/"": [/""grinnell_10023_MODS.xml/"", /""grinnell_10023_RELS-EXT.rdf/""]}, {/""pid/"": /""grinnell:10024/"", /""title/"": /""data.tar/"", /""files/"": [/""grinnell_10024_MODS.xml/"", /""grinnell_10024_RELS-EXT.rdf/""]}, {/""pid/"": /""grinnell:10025/"", /""title/"": /""data.zip/"", /""files/"": [/""grinnell_10025_MODS.xml/"", /""grinnell_10025_RELS-EXT.rdf/""]}, {/""pid/"": /""grinnell:10026/"", /""title/"": /""ReproducibleResearch/"", /""files/"": [/""grinnell_10026_MODS.xml/"", /""grinnell_10026_RELS-EXT.rdf/""]}, {/""pid/"": /""grinnell:10027/"", /""title/"": /""ReproducibleResearchSlides/"", /""files/"": [/""grinnell_10027_MODS.xml/"", /""grinnell_10027_RELS-EXT.rdf/""]}], /""paren/"": {/""pid/"": /""grinnell:10001/"", /""title/"": /""Data Repository for Reproducible Research/"", /""files/"": [/""grinnell_10001_MODS.xml/"", /""grinnell_10001_RELS-EXT.rdf/""]}}"
,,991011506418804641,991011506418804641,parent: grinnell:10001,Data Repository for Reproducible Research,,,grinnell:10001; grinnell:10001; http://hdl.handle.net/11084/10001; alma:01GCL_INST/bibs/991011506418804641,http://hdl.handle.net/11084/10001,Data Repository for Reproducible Research (compound); DataRepOvrvw (essays); DataRepository (essays); collections.tar (database); collections.zip (database); data.tar (database); data.zip (database); ReproducibleResearch (essays); ReproducibleResearchSlides (essays),"Weinman, Jerod J. (Faculty/Staff)",Grinnell College. Computer Science,Research Data Repository,,,,,,,,,,,,,"To promote reproducibility, since 2009 all my empirical research has been cached in a data repository that captures all source code and data dependencies automatically or semi-automatically. Our principle goals are to  modularize, document, and preserve all aspects of experimental data. So that others may benefit from or adapt my methods, I provide a bit of motivation and explanation here, along with the full description of the parameters and guidelines of the data repository (provided to my research students) and source code for the utilities.",,,"To promote reproducibility, since 2009 all my empirical research has been cached in a data repository that captures all source code and data dependencies automatically or semi-automatically.",Grinnell College,Grinnell College,2014-10-21,2014,2014-10-21,,2014-10-21,compound,,,,,,,English,,Syllabi and Curricular Materials,Syllabi and Curricular Materials,Syllabi and Curricular Materials,,,,,"Copyright to this work is held by the author(s), in accordance with United States copyright law (USC 17). Readers of this work have certain rights as defined by the law, including but not limited to fair use (17 USC 107 et seq.).",,,,,,,,,,,,,,0000  https://docs.google.com/spreadsheets/d/1JzW8TGU8qJlBAlyoMyDS1mkLTGoaLrsCzVtwQo-4JlU/edit?usp=sharing,"{/""worksheet/"": /""https://docs.google.com/spreadsheets/d/1JzW8TGU8qJlBAlyoMyDS1mkLTGoaLrsCzVtwQo-4JlU#gid=1804306342/"", /""directory/"": /""smb://storage/mediadb/DGingest/Migration-to-Alma/exports/curricular-materials/"", /""children/"": [{/""pid/"": /""grinnell:10020/"", /""title/"": /""DataRepOvrvw/"", /""files/"": [/""grinnell_10020_MODS.xml/"", /""grinnell_10020_RELS-EXT.rdf/""]}, {/""pid/"": /""grinnell:10021/"", /""title/"": /""DataRepository/"", /""files/"": [/""grinnell_10021_MODS.xml/"", /""grinnell_10021_RELS-EXT.rdf/""]}, {/""pid/"": /""grinnell:10022/"", /""title/"": /""collections.tar/"", /""files/"": [/""grinnell_10022_MODS.xml/"", /""grinnell_10022_RELS-EXT.rdf/""]}, {/""pid/"": /""grinnell:10023/"", /""title/"": /""collections.zip/"", /""files/"": [/""grinnell_10023_MODS.xml/"", /""grinnell_10023_RELS-EXT.rdf/""]}, {/""pid/"": /""grinnell:10024/"", /""title/"": /""data.tar/"", /""files/"": [/""grinnell_10024_MODS.xml/"", /""grinnell_10024_RELS-EXT.rdf/""]}, {/""pid/"": /""grinnell:10025/"", /""title/"": /""data.zip/"", /""files/"": [/""grinnell_10025_MODS.xml/"", /""grinnell_10025_RELS-EXT.rdf/""]}, {/""pid/"": /""grinnell:10026/"", /""title/"": /""ReproducibleResearch/"", /""files/"": [/""grinnell_10026_MODS.xml/"", /""grinnell_10026_RELS-EXT.rdf/""]}, {/""pid/"": /""grinnell:10027/"", /""title/"": /""ReproducibleResearchSlides/"", /""files/"": [/""grinnell_10027_MODS.xml/"", /""grinnell_10027_RELS-EXT.rdf/""]}], /""paren/"": {/""pid/"": /""grinnell:10001/"", /""title/"": /""Data Repository for Reproducible Research/"", /""files/"": [/""grinnell_10001_MODS.xml/"", /""grinnell_10001_RELS-EXT.rdf/""]}}"
,,991011506418904641,991011506418904641,parent: grinnell:10002,Research Methods for Empirical Computer Science,,,grinnell:10002; grinnell:10002; http://hdl.handle.net/11084/10002; alma:01GCL_INST/bibs/991011506418904641,http://hdl.handle.net/11084/10002,Research Methods for Empirical Computer Science (compound); Course Intro (essays); Doing Computer Science as Science (essays); Selecting Research Projects (essays); The Varieties of Scientific Experience (essays); Why Science is Hard (essays); Causality and Abduction (essays); Hypotheses and Falsifiability (essays); Strong Inference (Laboratory) (essays); Exploratory Data Analysis (essays); The Agony and Ecstasy of Research (essays); Personal Productivity (essays); Planning and Proposing Research (essays); Tactical Decisionmaking in Research (essays); Tactics of Experimetal Design (1) (essays); Tactics of Experimetal Design (2) (essays); Experimental Design (Lab) (essays); Hypothesis testing (essays); Hypothesis testing (B) (essays); Modeling Systems (essays); Writing and Reading Papers (essays); Schedule Spring 2009 (essays); ZIP Archive (essays),"Jensen, David",,Higher education,,,,,,,,,,,,,,,,Course materials for Research methods for empirical computer science which is designed to teach basic methods for conducting a personal research program for graduate students.,Grinnell College,Grinnell College,2009,2009,2009,,,compound,born digital,,,,,,English,,Curricular Materials,Curricular Materials,Curricular Materials,,,,,"Except where noted, use of this work is governed by the Creative Commons Attribution-NonCommercial-ShareAlike 4.0 license.  See http://creativecommons.org/licenses/by-nc-sa/4.0/ for details.  Copyright to this work is held by the author(s), in accordance with United States copyright law (USC 17). Readers of this work have certain rights as defined by the law, including but not limited to fair use (17 USC 107 et seq.).",,,,,,,,,,,,,,0001  https://docs.google.com/spreadsheets/d/1JzW8TGU8qJlBAlyoMyDS1mkLTGoaLrsCzVtwQo-4JlU/edit?usp=sharing,"{/""worksheet/"": /""https://docs.google.com/spreadsheets/d/1JzW8TGU8qJlBAlyoMyDS1mkLTGoaLrsCzVtwQo-4JlU#gid=1804306342/"", /""directory/"": /""smb://storage/mediadb/DGingest/Migration-to-Alma/exports/curricular-materials/"", /""children/"": [{/""pid/"": /""grinnell:11188/"", /""title/"": /"" Course Intro/"", /""files/"": [/""grinnell_11188_MODS.xml/"", /""grinnell_11188_RELS-EXT.rdf/""]}, {/""pid/"": /""grinnell:11189/"", /""title/"": /"" Doing Computer Science as Science/"", /""files/"": [/""grinnell_11189_MODS.xml/"", /""grinnell_11189_RELS-EXT.rdf/""]}, {/""pid/"": /""grinnell:11190/"", /""title/"": /"" Selecting Research Projects/"", /""files/"": [/""grinnell_11190_MODS.xml/"", /""grinnell_11190_RELS-EXT.rdf/""]}, {/""pid/"": /""grinnell:11191/"", /""title/"": /"" The Varieties of Scientific Experience/"", /""files/"": [/""grinnell_11191_MODS.xml/"", /""grinnell_11191_RELS-EXT.rdf/""]}, {/""pid/"": /""grinnell:11192/"", /""title/"": /""Why Science is Hard/"", /""files/"": [/""grinnell_11192_MODS.xml/"", /""grinnell_11192_RELS-EXT.rdf/""]}, {/""pid/"": /""grinnell:11193/"", /""title/"": /"" Causality and Abduction/"", /""files/"": [/""grinnell_11193_MODS.xml/"", /""grinnell_11193_RELS-EXT.rdf/""]}, {/""pid/"": /""grinnell:11194/"", /""title/"": /"" Hypotheses and Falsifiability/"", /""files/"": [/""grinnell_11194_MODS.xml/"", /""grinnell_11194_RELS-EXT.rdf/""]}, {/""pid/"": /""grinnell:11195/"", /""title/"": /"" Strong Inference (Laboratory)/"", /""files/"": [/""grinnell_11195_MODS.xml/"", /""grinnell_11195_RELS-EXT.rdf/""]}, {/""pid/"": /""grinnell:11196/"", /""title/"": /""Exploratory Data Analysis/"", /""files/"": [/""grinnell_11196_MODS.xml/"", /""grinnell_11196_RELS-EXT.rdf/""]}, {/""pid/"": /""grinnell:11197/"", /""title/"": /"" The Agony and Ecstasy of Research/"", /""files/"": [/""grinnell_11197_MODS.xml/"", /""grinnell_11197_RELS-EXT.rdf/""]}, {/""pid/"": /""grinnell:11198/"", /""title/"": /"" Personal Productivity/"", /""files/"": [/""grinnell_11198_MODS.xml/"", /""grinnell_11198_RELS-EXT.rdf/""]}, {/""pid/"": /""grinnell:11199/"", /""title/"": /"" Planning and Proposing Research/"", /""files/"": [/""grinnell_11199_MODS.xml/"", /""grinnell_11199_RELS-EXT.rdf/""]}, {/""pid/"": /""grinnell:11200/"", /""title/"": /"" Tactical Decisionmaking in Research/"", /""files/"": [/""grinnell_11200_MODS.xml/"", /""grinnell_11200_RELS-EXT.rdf/""]}, {/""pid/"": /""grinnell:11201/"", /""title/"": /"" Tactics of Experimetal Design (1)/"", /""files/"": [/""grinnell_11201_MODS.xml/"", /""grinnell_11201_RELS-EXT.rdf/""]}, {/""pid/"": /""grinnell:11202/"", /""title/"": /"" Tactics of Experimetal Design (2)/"", /""files/"": [/""grinnell_11202_MODS.xml/"", /""grinnell_11202_RELS-EXT.rdf/""]}, {/""pid/"": /""grinnell:11203/"", /""title/"": /"" Experimental Design (Lab)/"", /""files/"": [/""grinnell_11203_MODS.xml/"", /""grinnell_11203_RELS-EXT.rdf/""]}, {/""pid/"": /""grinnell:11204/"", /""title/"": /"" Hypothesis testing/"", /""files/"": [/""grinnell_11204_MODS.xml/"", /""grinnell_11204_RELS-EXT.rdf/""]}, {/""pid/"": /""grinnell:11205/"", /""title/"": /"" Hypothesis testing (B)/"", /""files/"": [/""grinnell_11205_MODS.xml/"", /""grinnell_11205_RELS-EXT.rdf/""]}, {/""pid/"": /""grinnell:11206/"", /""title/"": /"" Modeling Systems/"", /""files/"": [/""grinnell_11206_MODS.xml/"", /""grinnell_11206_RELS-EXT.rdf/""]}, {/""pid/"": /""grinnell:11207/"", /""title/"": /"" Writing and Reading Papers/"", /""files/"": [/""grinnell_11207_MODS.xml/"", /""grinnell_11207_RELS-EXT.rdf/""]}, {/""pid/"": /""grinnell:11208/"", /""title/"": /""Schedule Spring 2009/"", /""files/"": [/""grinnell_11208_MODS.xml/"", /""grinnell_11208_RELS-EXT.rdf/""]}, {/""pid/"": /""grinnell:11213/"", /""title/"": /""ZIP Archive/"", /""files/"": [/""grinnell_11213_MODS.xml/"", /""grinnell_11213_RELS-EXT.rdf/""]}], /""paren/"": {/""pid/"": /""grinnell:10002/"", /""title/"": /""Research Methods for Empirical Computer Science/"", /""files/"": [/""grinnell_10002_MODS.xml/"", /""grinnell_10002_RELS-EXT.rdf/""]}}"
,,991011506418904641,991011506418904641,parent: grinnell:10002,Research Methods for Empirical Computer Science,,,grinnell:10002; grinnell:10002; http://hdl.handle.net/11084/10002; alma:01GCL_INST/bibs/991011506418904641,http://hdl.handle.net/11084/10002,Research Methods for Empirical Computer Science (compound); Course Intro (essays); Doing Computer Science as Science (essays); Selecting Research Projects (essays); The Varieties of Scientific Experience (essays); Why Science is Hard (essays); Causality and Abduction (essays); Hypotheses and Falsifiability (essays); Strong Inference (Laboratory) (essays); Exploratory Data Analysis (essays); The Agony and Ecstasy of Research (essays); Personal Productivity (essays); Planning and Proposing Research (essays); Tactical Decisionmaking in Research (essays); Tactics of Experimetal Design (1) (essays); Tactics of Experimetal Design (2) (essays); Experimental Design (Lab) (essays); Hypothesis testing (essays); Hypothesis testing (B) (essays); Modeling Systems (essays); Writing and Reading Papers (essays); Schedule Spring 2009 (essays); ZIP Archive (essays),"Jensen, David",,Higher education,,,,,,,,,,,,,,,,Course materials for Research methods for empirical computer science which is designed to teach basic methods for conducting a personal research program for graduate students.,Grinnell College,Grinnell College,2009,2009,2009,,,compound,born digital,,,,,,English,,Curricular Materials,Curricular Materials,Curricular Materials,,,,,"Except where noted, use of this work is governed by the Creative Commons Attribution-NonCommercial-ShareAlike 4.0 license.  See http://creativecommons.org/licenses/by-nc-sa/4.0/ for details.  Copyright to this work is held by the author(s), in accordance with United States copyright law (USC 17). Readers of this work have certain rights as defined by the law, including but not limited to fair use (17 USC 107 et seq.).",,,,,,,,,,,,,,0001  https://docs.google.com/spreadsheets/d/1JzW8TGU8qJlBAlyoMyDS1mkLTGoaLrsCzVtwQo-4JlU/edit?usp=sharing,"{/""worksheet/"": /""https://docs.google.com/spreadsheets/d/1JzW8TGU8qJlBAlyoMyDS1mkLTGoaLrsCzVtwQo-4JlU#gid=1804306342/"", /""directory/"": /""smb://storage/mediadb/DGingest/Migration-to-Alma/exports/curricular-materials/"", /""children/"": [{/""pid/"": /""grinnell:11188/"", /""title/"": /"" Course Intro/"", /""files/"": [/""grinnell_11188_MODS.xml/"", /""grinnell_11188_RELS-EXT.rdf/""]}, {/""pid/"": /""grinnell:11189/"", /""title/"": /"" Doing Computer Science as Science/"", /""files/"": [/""grinnell_11189_MODS.xml/"", /""grinnell_11189_RELS-EXT.rdf/""]}, {/""pid/"": /""grinnell:11190/"", /""title/"": /"" Selecting Research Projects/"", /""files/"": [/""grinnell_11190_MODS.xml/"", /""grinnell_11190_RELS-EXT.rdf/""]}, {/""pid/"": /""grinnell:11191/"", /""title/"": /"" The Varieties of Scientific Experience/"", /""files/"": [/""grinnell_11191_MODS.xml/"", /""grinnell_11191_RELS-EXT.rdf/""]}, {/""pid/"": /""grinnell:11192/"", /""title/"": /""Why Science is Hard/"", /""files/"": [/""grinnell_11192_MODS.xml/"", /""grinnell_11192_RELS-EXT.rdf/""]}, {/""pid/"": /""grinnell:11193/"", /""title/"": /"" Causality and Abduction/"", /""files/"": [/""grinnell_11193_MODS.xml/"", /""grinnell_11193_RELS-EXT.rdf/""]}, {/""pid/"": /""grinnell:11194/"", /""title/"": /"" Hypotheses and Falsifiability/"", /""files/"": [/""grinnell_11194_MODS.xml/"", /""grinnell_11194_RELS-EXT.rdf/""]}, {/""pid/"": /""grinnell:11195/"", /""title/"": /"" Strong Inference (Laboratory)/"", /""files/"": [/""grinnell_11195_MODS.xml/"", /""grinnell_11195_RELS-EXT.rdf/""]}, {/""pid/"": /""grinnell:11196/"", /""title/"": /""Exploratory Data Analysis/"", /""files/"": [/""grinnell_11196_MODS.xml/"", /""grinnell_11196_RELS-EXT.rdf/""]}, {/""pid/"": /""grinnell:11197/"", /""title/"": /"" The Agony and Ecstasy of Research/"", /""files/"": [/""grinnell_11197_MODS.xml/"", /""grinnell_11197_RELS-EXT.rdf/""]}, {/""pid/"": /""grinnell:11198/"", /""title/"": /"" Personal Productivity/"", /""files/"": [/""grinnell_11198_MODS.xml/"", /""grinnell_11198_RELS-EXT.rdf/""]}, {/""pid/"": /""grinnell:11199/"", /""title/"": /"" Planning and Proposing Research/"", /""files/"": [/""grinnell_11199_MODS.xml/"", /""grinnell_11199_RELS-EXT.rdf/""]}, {/""pid/"": /""grinnell:11200/"", /""title/"": /"" Tactical Decisionmaking in Research/"", /""files/"": [/""grinnell_11200_MODS.xml/"", /""grinnell_11200_RELS-EXT.rdf/""]}, {/""pid/"": /""grinnell:11201/"", /""title/"": /"" Tactics of Experimetal Design (1)/"", /""files/"": [/""grinnell_11201_MODS.xml/"", /""grinnell_11201_RELS-EXT.rdf/""]}, {/""pid/"": /""grinnell:11202/"", /""title/"": /"" Tactics of Experimetal Design (2)/"", /""files/"": [/""grinnell_11202_MODS.xml/"", /""grinnell_11202_RELS-EXT.rdf/""]}, {/""pid/"": /""grinnell:11203/"", /""title/"": /"" Experimental Design (Lab)/"", /""files/"": [/""grinnell_11203_MODS.xml/"", /""grinnell_11203_RELS-EXT.rdf/""]}, {/""pid/"": /""grinnell:11204/"", /""title/"": /"" Hypothesis testing/"", /""files/"": [/""grinnell_11204_MODS.xml/"", /""grinnell_11204_RELS-EXT.rdf/""]}, {/""pid/"": /""grinnell:11205/"", /""title/"": /"" Hypothesis testing (B)/"", /""files/"": [/""grinnell_11205_MODS.xml/"", /""grinnell_11205_RELS-EXT.rdf/""]}, {/""pid/"": /""grinnell:11206/"", /""title/"": /"" Modeling Systems/"", /""files/"": [/""grinnell_11206_MODS.xml/"", /""grinnell_11206_RELS-EXT.rdf/""]}, {/""pid/"": /""grinnell:11207/"", /""title/"": /"" Writing and Reading Papers/"", /""files/"": [/""grinnell_11207_MODS.xml/"", /""grinnell_11207_RELS-EXT.rdf/""]}, {/""pid/"": /""grinnell:11208/"", /""title/"": /""Schedule Spring 2009/"", /""files/"": [/""grinnell_11208_MODS.xml/"", /""grinnell_11208_RELS-EXT.rdf/""]}, {/""pid/"": /""grinnell:11213/"", /""title/"": /""ZIP Archive/"", /""files/"": [/""grinnell_11213_MODS.xml/"", /""grinnell_11213_RELS-EXT.rdf/""]}], /""paren/"": {/""pid/"": /""grinnell:10002/"", /""title/"": /""Research Methods for Empirical Computer Science/"", /""files/"": [/""grinnell_10002_MODS.xml/"", /""grinnell_10002_RELS-EXT.rdf/""]}}"
,,991011506418904641,991011506418904641,parent: grinnell:10002,Research Methods for Empirical Computer Science,,,grinnell:10002; grinnell:10002; http://hdl.handle.net/11084/10002; alma:01GCL_INST/bibs/991011506418904641,http://hdl.handle.net/11084/10002,Research Methods for Empirical Computer Science (compound); Course Intro (essays); Doing Computer Science as Science (essays); Selecting Research Projects (essays); The Varieties of Scientific Experience (essays); Why Science is Hard (essays); Causality and Abduction (essays); Hypotheses and Falsifiability (essays); Strong Inference (Laboratory) (essays); Exploratory Data Analysis (essays); The Agony and Ecstasy of Research (essays); Personal Productivity (essays); Planning and Proposing Research (essays); Tactical Decisionmaking in Research (essays); Tactics of Experimetal Design (1) (essays); Tactics of Experimetal Design (2) (essays); Experimental Design (Lab) (essays); Hypothesis testing (essays); Hypothesis testing (B) (essays); Modeling Systems (essays); Writing and Reading Papers (essays); Schedule Spring 2009 (essays); ZIP Archive (essays),"Jensen, David",,Higher education,,,,,,,,,,,,,,,,Course materials for Research methods for empirical computer science which is designed to teach basic methods for conducting a personal research program for graduate students.,Grinnell College,Grinnell College,2009,2009,2009,,,compound,born digital,,,,,,English,,Curricular Materials,Curricular Materials,Curricular Materials,,,,,"Except where noted, use of this work is governed by the Creative Commons Attribution-NonCommercial-ShareAlike 4.0 license.  See http://creativecommons.org/licenses/by-nc-sa/4.0/ for details.  Copyright to this work is held by the author(s), in accordance with United States copyright law (USC 17). Readers of this work have certain rights as defined by the law, including but not limited to fair use (17 USC 107 et seq.).",,,,,,,,,,,,,,0001  https://docs.google.com/spreadsheets/d/1JzW8TGU8qJlBAlyoMyDS1mkLTGoaLrsCzVtwQo-4JlU/edit?usp=sharing,"{/""worksheet/"": /""https://docs.google.com/spreadsheets/d/1JzW8TGU8qJlBAlyoMyDS1mkLTGoaLrsCzVtwQo-4JlU#gid=1804306342/"", /""directory/"": /""smb://storage/mediadb/DGingest/Migration-to-Alma/exports/curricular-materials/"", /""children/"": [{/""pid/"": /""grinnell:11188/"", /""title/"": /"" Course Intro/"", /""files/"": [/""grinnell_11188_MODS.xml/"", /""grinnell_11188_RELS-EXT.rdf/""]}, {/""pid/"": /""grinnell:11189/"", /""title/"": /"" Doing Computer Science as Science/"", /""files/"": [/""grinnell_11189_MODS.xml/"", /""grinnell_11189_RELS-EXT.rdf/""]}, {/""pid/"": /""grinnell:11190/"", /""title/"": /"" Selecting Research Projects/"", /""files/"": [/""grinnell_11190_MODS.xml/"", /""grinnell_11190_RELS-EXT.rdf/""]}, {/""pid/"": /""grinnell:11191/"", /""title/"": /"" The Varieties of Scientific Experience/"", /""files/"": [/""grinnell_11191_MODS.xml/"", /""grinnell_11191_RELS-EXT.rdf/""]}, {/""pid/"": /""grinnell:11192/"", /""title/"": /""Why Science is Hard/"", /""files/"": [/""grinnell_11192_MODS.xml/"", /""grinnell_11192_RELS-EXT.rdf/""]}, {/""pid/"": /""grinnell:11193/"", /""title/"": /"" Causality and Abduction/"", /""files/"": [/""grinnell_11193_MODS.xml/"", /""grinnell_11193_RELS-EXT.rdf/""]}, {/""pid/"": /""grinnell:11194/"", /""title/"": /"" Hypotheses and Falsifiability/"", /""files/"": [/""grinnell_11194_MODS.xml/"", /""grinnell_11194_RELS-EXT.rdf/""]}, {/""pid/"": /""grinnell:11195/"", /""title/"": /"" Strong Inference (Laboratory)/"", /""files/"": [/""grinnell_11195_MODS.xml/"", /""grinnell_11195_RELS-EXT.rdf/""]}, {/""pid/"": /""grinnell:11196/"", /""title/"": /""Exploratory Data Analysis/"", /""files/"": [/""grinnell_11196_MODS.xml/"", /""grinnell_11196_RELS-EXT.rdf/""]}, {/""pid/"": /""grinnell:11197/"", /""title/"": /"" The Agony and Ecstasy of Research/"", /""files/"": [/""grinnell_11197_MODS.xml/"", /""grinnell_11197_RELS-EXT.rdf/""]}, {/""pid/"": /""grinnell:11198/"", /""title/"": /"" Personal Productivity/"", /""files/"": [/""grinnell_11198_MODS.xml/"", /""grinnell_11198_RELS-EXT.rdf/""]}, {/""pid/"": /""grinnell:11199/"", /""title/"": /"" Planning and Proposing Research/"", /""files/"": [/""grinnell_11199_MODS.xml/"", /""grinnell_11199_RELS-EXT.rdf/""]}, {/""pid/"": /""grinnell:11200/"", /""title/"": /"" Tactical Decisionmaking in Research/"", /""files/"": [/""grinnell_11200_MODS.xml/"", /""grinnell_11200_RELS-EXT.rdf/""]}, {/""pid/"": /""grinnell:11201/"", /""title/"": /"" Tactics of Experimetal Design (1)/"", /""files/"": [/""grinnell_11201_MODS.xml/"", /""grinnell_11201_RELS-EXT.rdf/""]}, {/""pid/"": /""grinnell:11202/"", /""title/"": /"" Tactics of Experimetal Design (2)/"", /""files/"": [/""grinnell_11202_MODS.xml/"", /""grinnell_11202_RELS-EXT.rdf/""]}, {/""pid/"": /""grinnell:11203/"", /""title/"": /"" Experimental Design (Lab)/"", /""files/"": [/""grinnell_11203_MODS.xml/"", /""grinnell_11203_RELS-EXT.rdf/""]}, {/""pid/"": /""grinnell:11204/"", /""title/"": /"" Hypothesis testing/"", /""files/"": [/""grinnell_11204_MODS.xml/"", /""grinnell_11204_RELS-EXT.rdf/""]}, {/""pid/"": /""grinnell:11205/"", /""title/"": /"" Hypothesis testing (B)/"", /""files/"": [/""grinnell_11205_MODS.xml/"", /""grinnell_11205_RELS-EXT.rdf/""]}, {/""pid/"": /""grinnell:11206/"", /""title/"": /"" Modeling Systems/"", /""files/"": [/""grinnell_11206_MODS.xml/"", /""grinnell_11206_RELS-EXT.rdf/""]}, {/""pid/"": /""grinnell:11207/"", /""title/"": /"" Writing and Reading Papers/"", /""files/"": [/""grinnell_11207_MODS.xml/"", /""grinnell_11207_RELS-EXT.rdf/""]}, {/""pid/"": /""grinnell:11208/"", /""title/"": /""Schedule Spring 2009/"", /""files/"": [/""grinnell_11208_MODS.xml/"", /""grinnell_11208_RELS-EXT.rdf/""]}, {/""pid/"": /""grinnell:11213/"", /""title/"": /""ZIP Archive/"", /""files/"": [/""grinnell_11213_MODS.xml/"", /""grinnell_11213_RELS-EXT.rdf/""]}], /""paren/"": {/""pid/"": /""grinnell:10002/"", /""title/"": /""Research Methods for Empirical Computer Science/"", /""files/"": [/""grinnell_10002_MODS.xml/"", /""grinnell_10002_RELS-EXT.rdf/""]}}"
,,991011506418904641,991011506418904641,parent: grinnell:10002,Research Methods for Empirical Computer Science,,,grinnell:10002; grinnell:10002; http://hdl.handle.net/11084/10002; alma:01GCL_INST/bibs/991011506418904641,http://hdl.handle.net/11084/10002,Research Methods for Empirical Computer Science (compound); Course Intro (essays); Doing Computer Science as Science (essays); Selecting Research Projects (essays); The Varieties of Scientific Experience (essays); Why Science is Hard (essays); Causality and Abduction (essays); Hypotheses and Falsifiability (essays); Strong Inference (Laboratory) (essays); Exploratory Data Analysis (essays); The Agony and Ecstasy of Research (essays); Personal Productivity (essays); Planning and Proposing Research (essays); Tactical Decisionmaking in Research (essays); Tactics of Experimetal Design (1) (essays); Tactics of Experimetal Design (2) (essays); Experimental Design (Lab) (essays); Hypothesis testing (essays); Hypothesis testing (B) (essays); Modeling Systems (essays); Writing and Reading Papers (essays); Schedule Spring 2009 (essays); ZIP Archive (essays),"Jensen, David",,Higher education,,,,,,,,,,,,,,,,Course materials for Research methods for empirical computer science which is designed to teach basic methods for conducting a personal research program for graduate students.,Grinnell College,Grinnell College,2009,2009,2009,,,compound,born digital,,,,,,English,,Curricular Materials,Curricular Materials,Curricular Materials,,,,,"Except where noted, use of this work is governed by the Creative Commons Attribution-NonCommercial-ShareAlike 4.0 license.  See http://creativecommons.org/licenses/by-nc-sa/4.0/ for details.  Copyright to this work is held by the author(s), in accordance with United States copyright law (USC 17). Readers of this work have certain rights as defined by the law, including but not limited to fair use (17 USC 107 et seq.).",,,,,,,,,,,,,,0001  https://docs.google.com/spreadsheets/d/1JzW8TGU8qJlBAlyoMyDS1mkLTGoaLrsCzVtwQo-4JlU/edit?usp=sharing,"{/""worksheet/"": /""https://docs.google.com/spreadsheets/d/1JzW8TGU8qJlBAlyoMyDS1mkLTGoaLrsCzVtwQo-4JlU#gid=1804306342/"", /""directory/"": /""smb://storage/mediadb/DGingest/Migration-to-Alma/exports/curricular-materials/"", /""children/"": [{/""pid/"": /""grinnell:11188/"", /""title/"": /"" Course Intro/"", /""files/"": [/""grinnell_11188_MODS.xml/"", /""grinnell_11188_RELS-EXT.rdf/""]}, {/""pid/"": /""grinnell:11189/"", /""title/"": /"" Doing Computer Science as Science/"", /""files/"": [/""grinnell_11189_MODS.xml/"", /""grinnell_11189_RELS-EXT.rdf/""]}, {/""pid/"": /""grinnell:11190/"", /""title/"": /"" Selecting Research Projects/"", /""files/"": [/""grinnell_11190_MODS.xml/"", /""grinnell_11190_RELS-EXT.rdf/""]}, {/""pid/"": /""grinnell:11191/"", /""title/"": /"" The Varieties of Scientific Experience/"", /""files/"": [/""grinnell_11191_MODS.xml/"", /""grinnell_11191_RELS-EXT.rdf/""]}, {/""pid/"": /""grinnell:11192/"", /""title/"": /""Why Science is Hard/"", /""files/"": [/""grinnell_11192_MODS.xml/"", /""grinnell_11192_RELS-EXT.rdf/""]}, {/""pid/"": /""grinnell:11193/"", /""title/"": /"" Causality and Abduction/"", /""files/"": [/""grinnell_11193_MODS.xml/"", /""grinnell_11193_RELS-EXT.rdf/""]}, {/""pid/"": /""grinnell:11194/"", /""title/"": /"" Hypotheses and Falsifiability/"", /""files/"": [/""grinnell_11194_MODS.xml/"", /""grinnell_11194_RELS-EXT.rdf/""]}, {/""pid/"": /""grinnell:11195/"", /""title/"": /"" Strong Inference (Laboratory)/"", /""files/"": [/""grinnell_11195_MODS.xml/"", /""grinnell_11195_RELS-EXT.rdf/""]}, {/""pid/"": /""grinnell:11196/"", /""title/"": /""Exploratory Data Analysis/"", /""files/"": [/""grinnell_11196_MODS.xml/"", /""grinnell_11196_RELS-EXT.rdf/""]}, {/""pid/"": /""grinnell:11197/"", /""title/"": /"" The Agony and Ecstasy of Research/"", /""files/"": [/""grinnell_11197_MODS.xml/"", /""grinnell_11197_RELS-EXT.rdf/""]}, {/""pid/"": /""grinnell:11198/"", /""title/"": /"" Personal Productivity/"", /""files/"": [/""grinnell_11198_MODS.xml/"", /""grinnell_11198_RELS-EXT.rdf/""]}, {/""pid/"": /""grinnell:11199/"", /""title/"": /"" Planning and Proposing Research/"", /""files/"": [/""grinnell_11199_MODS.xml/"", /""grinnell_11199_RELS-EXT.rdf/""]}, {/""pid/"": /""grinnell:11200/"", /""title/"": /"" Tactical Decisionmaking in Research/"", /""files/"": [/""grinnell_11200_MODS.xml/"", /""grinnell_11200_RELS-EXT.rdf/""]}, {/""pid/"": /""grinnell:11201/"", /""title/"": /"" Tactics of Experimetal Design (1)/"", /""files/"": [/""grinnell_11201_MODS.xml/"", /""grinnell_11201_RELS-EXT.rdf/""]}, {/""pid/"": /""grinnell:11202/"", /""title/"": /"" Tactics of Experimetal Design (2)/"", /""files/"": [/""grinnell_11202_MODS.xml/"", /""grinnell_11202_RELS-EXT.rdf/""]}, {/""pid/"": /""grinnell:11203/"", /""title/"": /"" Experimental Design (Lab)/"", /""files/"": [/""grinnell_11203_MODS.xml/"", /""grinnell_11203_RELS-EXT.rdf/""]}, {/""pid/"": /""grinnell:11204/"", /""title/"": /"" Hypothesis testing/"", /""files/"": [/""grinnell_11204_MODS.xml/"", /""grinnell_11204_RELS-EXT.rdf/""]}, {/""pid/"": /""grinnell:11205/"", /""title/"": /"" Hypothesis testing (B)/"", /""files/"": [/""grinnell_11205_MODS.xml/"", /""grinnell_11205_RELS-EXT.rdf/""]}, {/""pid/"": /""grinnell:11206/"", /""title/"": /"" Modeling Systems/"", /""files/"": [/""grinnell_11206_MODS.xml/"", /""grinnell_11206_RELS-EXT.rdf/""]}, {/""pid/"": /""grinnell:11207/"", /""title/"": /"" Writing and Reading Papers/"", /""files/"": [/""grinnell_11207_MODS.xml/"", /""grinnell_11207_RELS-EXT.rdf/""]}, {/""pid/"": /""grinnell:11208/"", /""title/"": /""Schedule Spring 2009/"", /""files/"": [/""grinnell_11208_MODS.xml/"", /""grinnell_11208_RELS-EXT.rdf/""]}, {/""pid/"": /""grinnell:11213/"", /""title/"": /""ZIP Archive/"", /""files/"": [/""grinnell_11213_MODS.xml/"", /""grinnell_11213_RELS-EXT.rdf/""]}], /""paren/"": {/""pid/"": /""grinnell:10002/"", /""title/"": /""Research Methods for Empirical Computer Science/"", /""files/"": [/""grinnell_10002_MODS.xml/"", /""grinnell_10002_RELS-EXT.rdf/""]}}"
,,991011506418904641,991011506418904641,parent: grinnell:10002,Research Methods for Empirical Computer Science,,,grinnell:10002; grinnell:10002; http://hdl.handle.net/11084/10002; alma:01GCL_INST/bibs/991011506418904641,http://hdl.handle.net/11084/10002,Research Methods for Empirical Computer Science (compound); Course Intro (essays); Doing Computer Science as Science (essays); Selecting Research Projects (essays); The Varieties of Scientific Experience (essays); Why Science is Hard (essays); Causality and Abduction (essays); Hypotheses and Falsifiability (essays); Strong Inference (Laboratory) (essays); Exploratory Data Analysis (essays); The Agony and Ecstasy of Research (essays); Personal Productivity (essays); Planning and Proposing Research (essays); Tactical Decisionmaking in Research (essays); Tactics of Experimetal Design (1) (essays); Tactics of Experimetal Design (2) (essays); Experimental Design (Lab) (essays); Hypothesis testing (essays); Hypothesis testing (B) (essays); Modeling Systems (essays); Writing and Reading Papers (essays); Schedule Spring 2009 (essays); ZIP Archive (essays),"Jensen, David",,Higher education,,,,,,,,,,,,,,,,Course materials for Research methods for empirical computer science which is designed to teach basic methods for conducting a personal research program for graduate students.,Grinnell College,Grinnell College,2009,2009,2009,,,compound,born digital,,,,,,English,,Curricular Materials,Curricular Materials,Curricular Materials,,,,,"Except where noted, use of this work is governed by the Creative Commons Attribution-NonCommercial-ShareAlike 4.0 license.  See http://creativecommons.org/licenses/by-nc-sa/4.0/ for details.  Copyright to this work is held by the author(s), in accordance with United States copyright law (USC 17). Readers of this work have certain rights as defined by the law, including but not limited to fair use (17 USC 107 et seq.).",,,,,,,,,,,,,,0001  https://docs.google.com/spreadsheets/d/1JzW8TGU8qJlBAlyoMyDS1mkLTGoaLrsCzVtwQo-4JlU/edit?usp=sharing,"{/""worksheet/"": /""https://docs.google.com/spreadsheets/d/1JzW8TGU8qJlBAlyoMyDS1mkLTGoaLrsCzVtwQo-4JlU#gid=1804306342/"", /""directory/"": /""smb://storage/mediadb/DGingest/Migration-to-Alma/exports/curricular-materials/"", /""children/"": [{/""pid/"": /""grinnell:11188/"", /""title/"": /"" Course Intro/"", /""files/"": [/""grinnell_11188_MODS.xml/"", /""grinnell_11188_RELS-EXT.rdf/""]}, {/""pid/"": /""grinnell:11189/"", /""title/"": /"" Doing Computer Science as Science/"", /""files/"": [/""grinnell_11189_MODS.xml/"", /""grinnell_11189_RELS-EXT.rdf/""]}, {/""pid/"": /""grinnell:11190/"", /""title/"": /"" Selecting Research Projects/"", /""files/"": [/""grinnell_11190_MODS.xml/"", /""grinnell_11190_RELS-EXT.rdf/""]}, {/""pid/"": /""grinnell:11191/"", /""title/"": /"" The Varieties of Scientific Experience/"", /""files/"": [/""grinnell_11191_MODS.xml/"", /""grinnell_11191_RELS-EXT.rdf/""]}, {/""pid/"": /""grinnell:11192/"", /""title/"": /""Why Science is Hard/"", /""files/"": [/""grinnell_11192_MODS.xml/"", /""grinnell_11192_RELS-EXT.rdf/""]}, {/""pid/"": /""grinnell:11193/"", /""title/"": /"" Causality and Abduction/"", /""files/"": [/""grinnell_11193_MODS.xml/"", /""grinnell_11193_RELS-EXT.rdf/""]}, {/""pid/"": /""grinnell:11194/"", /""title/"": /"" Hypotheses and Falsifiability/"", /""files/"": [/""grinnell_11194_MODS.xml/"", /""grinnell_11194_RELS-EXT.rdf/""]}, {/""pid/"": /""grinnell:11195/"", /""title/"": /"" Strong Inference (Laboratory)/"", /""files/"": [/""grinnell_11195_MODS.xml/"", /""grinnell_11195_RELS-EXT.rdf/""]}, {/""pid/"": /""grinnell:11196/"", /""title/"": /""Exploratory Data Analysis/"", /""files/"": [/""grinnell_11196_MODS.xml/"", /""grinnell_11196_RELS-EXT.rdf/""]}, {/""pid/"": /""grinnell:11197/"", /""title/"": /"" The Agony and Ecstasy of Research/"", /""files/"": [/""grinnell_11197_MODS.xml/"", /""grinnell_11197_RELS-EXT.rdf/""]}, {/""pid/"": /""grinnell:11198/"", /""title/"": /"" Personal Productivity/"", /""files/"": [/""grinnell_11198_MODS.xml/"", /""grinnell_11198_RELS-EXT.rdf/""]}, {/""pid/"": /""grinnell:11199/"", /""title/"": /"" Planning and Proposing Research/"", /""files/"": [/""grinnell_11199_MODS.xml/"", /""grinnell_11199_RELS-EXT.rdf/""]}, {/""pid/"": /""grinnell:11200/"", /""title/"": /"" Tactical Decisionmaking in Research/"", /""files/"": [/""grinnell_11200_MODS.xml/"", /""grinnell_11200_RELS-EXT.rdf/""]}, {/""pid/"": /""grinnell:11201/"", /""title/"": /"" Tactics of Experimetal Design (1)/"", /""files/"": [/""grinnell_11201_MODS.xml/"", /""grinnell_11201_RELS-EXT.rdf/""]}, {/""pid/"": /""grinnell:11202/"", /""title/"": /"" Tactics of Experimetal Design (2)/"", /""files/"": [/""grinnell_11202_MODS.xml/"", /""grinnell_11202_RELS-EXT.rdf/""]}, {/""pid/"": /""grinnell:11203/"", /""title/"": /"" Experimental Design (Lab)/"", /""files/"": [/""grinnell_11203_MODS.xml/"", /""grinnell_11203_RELS-EXT.rdf/""]}, {/""pid/"": /""grinnell:11204/"", /""title/"": /"" Hypothesis testing/"", /""files/"": [/""grinnell_11204_MODS.xml/"", /""grinnell_11204_RELS-EXT.rdf/""]}, {/""pid/"": /""grinnell:11205/"", /""title/"": /"" Hypothesis testing (B)/"", /""files/"": [/""grinnell_11205_MODS.xml/"", /""grinnell_11205_RELS-EXT.rdf/""]}, {/""pid/"": /""grinnell:11206/"", /""title/"": /"" Modeling Systems/"", /""files/"": [/""grinnell_11206_MODS.xml/"", /""grinnell_11206_RELS-EXT.rdf/""]}, {/""pid/"": /""grinnell:11207/"", /""title/"": /"" Writing and Reading Papers/"", /""files/"": [/""grinnell_11207_MODS.xml/"", /""grinnell_11207_RELS-EXT.rdf/""]}, {/""pid/"": /""grinnell:11208/"", /""title/"": /""Schedule Spring 2009/"", /""files/"": [/""grinnell_11208_MODS.xml/"", /""grinnell_11208_RELS-EXT.rdf/""]}, {/""pid/"": /""grinnell:11213/"", /""title/"": /""ZIP Archive/"", /""files/"": [/""grinnell_11213_MODS.xml/"", /""grinnell_11213_RELS-EXT.rdf/""]}], /""paren/"": {/""pid/"": /""grinnell:10002/"", /""title/"": /""Research Methods for Empirical Computer Science/"", /""files/"": [/""grinnell_10002_MODS.xml/"", /""grinnell_10002_RELS-EXT.rdf/""]}}"
,,991011506418904641,991011506418904641,parent: grinnell:10002,Research Methods for Empirical Computer Science,,,grinnell:10002; grinnell:10002; http://hdl.handle.net/11084/10002; alma:01GCL_INST/bibs/991011506418904641,http://hdl.handle.net/11084/10002,Research Methods for Empirical Computer Science (compound); Course Intro (essays); Doing Computer Science as Science (essays); Selecting Research Projects (essays); The Varieties of Scientific Experience (essays); Why Science is Hard (essays); Causality and Abduction (essays); Hypotheses and Falsifiability (essays); Strong Inference (Laboratory) (essays); Exploratory Data Analysis (essays); The Agony and Ecstasy of Research (essays); Personal Productivity (essays); Planning and Proposing Research (essays); Tactical Decisionmaking in Research (essays); Tactics of Experimetal Design (1) (essays); Tactics of Experimetal Design (2) (essays); Experimental Design (Lab) (essays); Hypothesis testing (essays); Hypothesis testing (B) (essays); Modeling Systems (essays); Writing and Reading Papers (essays); Schedule Spring 2009 (essays); ZIP Archive (essays),"Jensen, David",,Higher education,,,,,,,,,,,,,,,,Course materials for Research methods for empirical computer science which is designed to teach basic methods for conducting a personal research program for graduate students.,Grinnell College,Grinnell College,2009,2009,2009,,,compound,born digital,,,,,,English,,Curricular Materials,Curricular Materials,Curricular Materials,,,,,"Except where noted, use of this work is governed by the Creative Commons Attribution-NonCommercial-ShareAlike 4.0 license.  See http://creativecommons.org/licenses/by-nc-sa/4.0/ for details.  Copyright to this work is held by the author(s), in accordance with United States copyright law (USC 17). Readers of this work have certain rights as defined by the law, including but not limited to fair use (17 USC 107 et seq.).",,,,,,,,,,,,,,0001  https://docs.google.com/spreadsheets/d/1JzW8TGU8qJlBAlyoMyDS1mkLTGoaLrsCzVtwQo-4JlU/edit?usp=sharing,"{/""worksheet/"": /""https://docs.google.com/spreadsheets/d/1JzW8TGU8qJlBAlyoMyDS1mkLTGoaLrsCzVtwQo-4JlU#gid=1804306342/"", /""directory/"": /""smb://storage/mediadb/DGingest/Migration-to-Alma/exports/curricular-materials/"", /""children/"": [{/""pid/"": /""grinnell:11188/"", /""title/"": /"" Course Intro/"", /""files/"": [/""grinnell_11188_MODS.xml/"", /""grinnell_11188_RELS-EXT.rdf/""]}, {/""pid/"": /""grinnell:11189/"", /""title/"": /"" Doing Computer Science as Science/"", /""files/"": [/""grinnell_11189_MODS.xml/"", /""grinnell_11189_RELS-EXT.rdf/""]}, {/""pid/"": /""grinnell:11190/"", /""title/"": /"" Selecting Research Projects/"", /""files/"": [/""grinnell_11190_MODS.xml/"", /""grinnell_11190_RELS-EXT.rdf/""]}, {/""pid/"": /""grinnell:11191/"", /""title/"": /"" The Varieties of Scientific Experience/"", /""files/"": [/""grinnell_11191_MODS.xml/"", /""grinnell_11191_RELS-EXT.rdf/""]}, {/""pid/"": /""grinnell:11192/"", /""title/"": /""Why Science is Hard/"", /""files/"": [/""grinnell_11192_MODS.xml/"", /""grinnell_11192_RELS-EXT.rdf/""]}, {/""pid/"": /""grinnell:11193/"", /""title/"": /"" Causality and Abduction/"", /""files/"": [/""grinnell_11193_MODS.xml/"", /""grinnell_11193_RELS-EXT.rdf/""]}, {/""pid/"": /""grinnell:11194/"", /""title/"": /"" Hypotheses and Falsifiability/"", /""files/"": [/""grinnell_11194_MODS.xml/"", /""grinnell_11194_RELS-EXT.rdf/""]}, {/""pid/"": /""grinnell:11195/"", /""title/"": /"" Strong Inference (Laboratory)/"", /""files/"": [/""grinnell_11195_MODS.xml/"", /""grinnell_11195_RELS-EXT.rdf/""]}, {/""pid/"": /""grinnell:11196/"", /""title/"": /""Exploratory Data Analysis/"", /""files/"": [/""grinnell_11196_MODS.xml/"", /""grinnell_11196_RELS-EXT.rdf/""]}, {/""pid/"": /""grinnell:11197/"", /""title/"": /"" The Agony and Ecstasy of Research/"", /""files/"": [/""grinnell_11197_MODS.xml/"", /""grinnell_11197_RELS-EXT.rdf/""]}, {/""pid/"": /""grinnell:11198/"", /""title/"": /"" Personal Productivity/"", /""files/"": [/""grinnell_11198_MODS.xml/"", /""grinnell_11198_RELS-EXT.rdf/""]}, {/""pid/"": /""grinnell:11199/"", /""title/"": /"" Planning and Proposing Research/"", /""files/"": [/""grinnell_11199_MODS.xml/"", /""grinnell_11199_RELS-EXT.rdf/""]}, {/""pid/"": /""grinnell:11200/"", /""title/"": /"" Tactical Decisionmaking in Research/"", /""files/"": [/""grinnell_11200_MODS.xml/"", /""grinnell_11200_RELS-EXT.rdf/""]}, {/""pid/"": /""grinnell:11201/"", /""title/"": /"" Tactics of Experimetal Design (1)/"", /""files/"": [/""grinnell_11201_MODS.xml/"", /""grinnell_11201_RELS-EXT.rdf/""]}, {/""pid/"": /""grinnell:11202/"", /""title/"": /"" Tactics of Experimetal Design (2)/"", /""files/"": [/""grinnell_11202_MODS.xml/"", /""grinnell_11202_RELS-EXT.rdf/""]}, {/""pid/"": /""grinnell:11203/"", /""title/"": /"" Experimental Design (Lab)/"", /""files/"": [/""grinnell_11203_MODS.xml/"", /""grinnell_11203_RELS-EXT.rdf/""]}, {/""pid/"": /""grinnell:11204/"", /""title/"": /"" Hypothesis testing/"", /""files/"": [/""grinnell_11204_MODS.xml/"", /""grinnell_11204_RELS-EXT.rdf/""]}, {/""pid/"": /""grinnell:11205/"", /""title/"": /"" Hypothesis testing (B)/"", /""files/"": [/""grinnell_11205_MODS.xml/"", /""grinnell_11205_RELS-EXT.rdf/""]}, {/""pid/"": /""grinnell:11206/"", /""title/"": /"" Modeling Systems/"", /""files/"": [/""grinnell_11206_MODS.xml/"", /""grinnell_11206_RELS-EXT.rdf/""]}, {/""pid/"": /""grinnell:11207/"", /""title/"": /"" Writing and Reading Papers/"", /""files/"": [/""grinnell_11207_MODS.xml/"", /""grinnell_11207_RELS-EXT.rdf/""]}, {/""pid/"": /""grinnell:11208/"", /""title/"": /""Schedule Spring 2009/"", /""files/"": [/""grinnell_11208_MODS.xml/"", /""grinnell_11208_RELS-EXT.rdf/""]}, {/""pid/"": /""grinnell:11213/"", /""title/"": /""ZIP Archive/"", /""files/"": [/""grinnell_11213_MODS.xml/"", /""grinnell_11213_RELS-EXT.rdf/""]}], /""paren/"": {/""pid/"": /""grinnell:10002/"", /""title/"": /""Research Methods for Empirical Computer Science/"", /""files/"": [/""grinnell_10002_MODS.xml/"", /""grinnell_10002_RELS-EXT.rdf/""]}}"
,,991011506418904641,991011506418904641,parent: grinnell:10002,Research Methods for Empirical Computer Science,,,grinnell:10002; grinnell:10002; http://hdl.handle.net/11084/10002; alma:01GCL_INST/bibs/991011506418904641,http://hdl.handle.net/11084/10002,Research Methods for Empirical Computer Science (compound); Course Intro (essays); Doing Computer Science as Science (essays); Selecting Research Projects (essays); The Varieties of Scientific Experience (essays); Why Science is Hard (essays); Causality and Abduction (essays); Hypotheses and Falsifiability (essays); Strong Inference (Laboratory) (essays); Exploratory Data Analysis (essays); The Agony and Ecstasy of Research (essays); Personal Productivity (essays); Planning and Proposing Research (essays); Tactical Decisionmaking in Research (essays); Tactics of Experimetal Design (1) (essays); Tactics of Experimetal Design (2) (essays); Experimental Design (Lab) (essays); Hypothesis testing (essays); Hypothesis testing (B) (essays); Modeling Systems (essays); Writing and Reading Papers (essays); Schedule Spring 2009 (essays); ZIP Archive (essays),"Jensen, David",,Higher education,,,,,,,,,,,,,,,,Course materials for Research methods for empirical computer science which is designed to teach basic methods for conducting a personal research program for graduate students.,Grinnell College,Grinnell College,2009,2009,2009,,,compound,born digital,,,,,,English,,Curricular Materials,Curricular Materials,Curricular Materials,,,,,"Except where noted, use of this work is governed by the Creative Commons Attribution-NonCommercial-ShareAlike 4.0 license.  See http://creativecommons.org/licenses/by-nc-sa/4.0/ for details.  Copyright to this work is held by the author(s), in accordance with United States copyright law (USC 17). Readers of this work have certain rights as defined by the law, including but not limited to fair use (17 USC 107 et seq.).",,,,,,,,,,,,,,0001  https://docs.google.com/spreadsheets/d/1JzW8TGU8qJlBAlyoMyDS1mkLTGoaLrsCzVtwQo-4JlU/edit?usp=sharing,"{/""worksheet/"": /""https://docs.google.com/spreadsheets/d/1JzW8TGU8qJlBAlyoMyDS1mkLTGoaLrsCzVtwQo-4JlU#gid=1804306342/"", /""directory/"": /""smb://storage/mediadb/DGingest/Migration-to-Alma/exports/curricular-materials/"", /""children/"": [{/""pid/"": /""grinnell:11188/"", /""title/"": /"" Course Intro/"", /""files/"": [/""grinnell_11188_MODS.xml/"", /""grinnell_11188_RELS-EXT.rdf/""]}, {/""pid/"": /""grinnell:11189/"", /""title/"": /"" Doing Computer Science as Science/"", /""files/"": [/""grinnell_11189_MODS.xml/"", /""grinnell_11189_RELS-EXT.rdf/""]}, {/""pid/"": /""grinnell:11190/"", /""title/"": /"" Selecting Research Projects/"", /""files/"": [/""grinnell_11190_MODS.xml/"", /""grinnell_11190_RELS-EXT.rdf/""]}, {/""pid/"": /""grinnell:11191/"", /""title/"": /"" The Varieties of Scientific Experience/"", /""files/"": [/""grinnell_11191_MODS.xml/"", /""grinnell_11191_RELS-EXT.rdf/""]}, {/""pid/"": /""grinnell:11192/"", /""title/"": /""Why Science is Hard/"", /""files/"": [/""grinnell_11192_MODS.xml/"", /""grinnell_11192_RELS-EXT.rdf/""]}, {/""pid/"": /""grinnell:11193/"", /""title/"": /"" Causality and Abduction/"", /""files/"": [/""grinnell_11193_MODS.xml/"", /""grinnell_11193_RELS-EXT.rdf/""]}, {/""pid/"": /""grinnell:11194/"", /""title/"": /"" Hypotheses and Falsifiability/"", /""files/"": [/""grinnell_11194_MODS.xml/"", /""grinnell_11194_RELS-EXT.rdf/""]}, {/""pid/"": /""grinnell:11195/"", /""title/"": /"" Strong Inference (Laboratory)/"", /""files/"": [/""grinnell_11195_MODS.xml/"", /""grinnell_11195_RELS-EXT.rdf/""]}, {/""pid/"": /""grinnell:11196/"", /""title/"": /""Exploratory Data Analysis/"", /""files/"": [/""grinnell_11196_MODS.xml/"", /""grinnell_11196_RELS-EXT.rdf/""]}, {/""pid/"": /""grinnell:11197/"", /""title/"": /"" The Agony and Ecstasy of Research/"", /""files/"": [/""grinnell_11197_MODS.xml/"", /""grinnell_11197_RELS-EXT.rdf/""]}, {/""pid/"": /""grinnell:11198/"", /""title/"": /"" Personal Productivity/"", /""files/"": [/""grinnell_11198_MODS.xml/"", /""grinnell_11198_RELS-EXT.rdf/""]}, {/""pid/"": /""grinnell:11199/"", /""title/"": /"" Planning and Proposing Research/"", /""files/"": [/""grinnell_11199_MODS.xml/"", /""grinnell_11199_RELS-EXT.rdf/""]}, {/""pid/"": /""grinnell:11200/"", /""title/"": /"" Tactical Decisionmaking in Research/"", /""files/"": [/""grinnell_11200_MODS.xml/"", /""grinnell_11200_RELS-EXT.rdf/""]}, {/""pid/"": /""grinnell:11201/"", /""title/"": /"" Tactics of Experimetal Design (1)/"", /""files/"": [/""grinnell_11201_MODS.xml/"", /""grinnell_11201_RELS-EXT.rdf/""]}, {/""pid/"": /""grinnell:11202/"", /""title/"": /"" Tactics of Experimetal Design (2)/"", /""files/"": [/""grinnell_11202_MODS.xml/"", /""grinnell_11202_RELS-EXT.rdf/""]}, {/""pid/"": /""grinnell:11203/"", /""title/"": /"" Experimental Design (Lab)/"", /""files/"": [/""grinnell_11203_MODS.xml/"", /""grinnell_11203_RELS-EXT.rdf/""]}, {/""pid/"": /""grinnell:11204/"", /""title/"": /"" Hypothesis testing/"", /""files/"": [/""grinnell_11204_MODS.xml/"", /""grinnell_11204_RELS-EXT.rdf/""]}, {/""pid/"": /""grinnell:11205/"", /""title/"": /"" Hypothesis testing (B)/"", /""files/"": [/""grinnell_11205_MODS.xml/"", /""grinnell_11205_RELS-EXT.rdf/""]}, {/""pid/"": /""grinnell:11206/"", /""title/"": /"" Modeling Systems/"", /""files/"": [/""grinnell_11206_MODS.xml/"", /""grinnell_11206_RELS-EXT.rdf/""]}, {/""pid/"": /""grinnell:11207/"", /""title/"": /"" Writing and Reading Papers/"", /""files/"": [/""grinnell_11207_MODS.xml/"", /""grinnell_11207_RELS-EXT.rdf/""]}, {/""pid/"": /""grinnell:11208/"", /""title/"": /""Schedule Spring 2009/"", /""files/"": [/""grinnell_11208_MODS.xml/"", /""grinnell_11208_RELS-EXT.rdf/""]}, {/""pid/"": /""grinnell:11213/"", /""title/"": /""ZIP Archive/"", /""files/"": [/""grinnell_11213_MODS.xml/"", /""grinnell_11213_RELS-EXT.rdf/""]}], /""paren/"": {/""pid/"": /""grinnell:10002/"", /""title/"": /""Research Methods for Empirical Computer Science/"", /""files/"": [/""grinnell_10002_MODS.xml/"", /""grinnell_10002_RELS-EXT.rdf/""]}}"
,,991011506418904641,991011506418904641,parent: grinnell:10002,Research Methods for Empirical Computer Science,,,grinnell:10002; grinnell:10002; http://hdl.handle.net/11084/10002; alma:01GCL_INST/bibs/991011506418904641,http://hdl.handle.net/11084/10002,Research Methods for Empirical Computer Science (compound); Course Intro (essays); Doing Computer Science as Science (essays); Selecting Research Projects (essays); The Varieties of Scientific Experience (essays); Why Science is Hard (essays); Causality and Abduction (essays); Hypotheses and Falsifiability (essays); Strong Inference (Laboratory) (essays); Exploratory Data Analysis (essays); The Agony and Ecstasy of Research (essays); Personal Productivity (essays); Planning and Proposing Research (essays); Tactical Decisionmaking in Research (essays); Tactics of Experimetal Design (1) (essays); Tactics of Experimetal Design (2) (essays); Experimental Design (Lab) (essays); Hypothesis testing (essays); Hypothesis testing (B) (essays); Modeling Systems (essays); Writing and Reading Papers (essays); Schedule Spring 2009 (essays); ZIP Archive (essays),"Jensen, David",,Higher education,,,,,,,,,,,,,,,,Course materials for Research methods for empirical computer science which is designed to teach basic methods for conducting a personal research program for graduate students.,Grinnell College,Grinnell College,2009,2009,2009,,,compound,born digital,,,,,,English,,Curricular Materials,Curricular Materials,Curricular Materials,,,,,"Except where noted, use of this work is governed by the Creative Commons Attribution-NonCommercial-ShareAlike 4.0 license.  See http://creativecommons.org/licenses/by-nc-sa/4.0/ for details.  Copyright to this work is held by the author(s), in accordance with United States copyright law (USC 17). Readers of this work have certain rights as defined by the law, including but not limited to fair use (17 USC 107 et seq.).",,,,,,,,,,,,,,0001  https://docs.google.com/spreadsheets/d/1JzW8TGU8qJlBAlyoMyDS1mkLTGoaLrsCzVtwQo-4JlU/edit?usp=sharing,"{/""worksheet/"": /""https://docs.google.com/spreadsheets/d/1JzW8TGU8qJlBAlyoMyDS1mkLTGoaLrsCzVtwQo-4JlU#gid=1804306342/"", /""directory/"": /""smb://storage/mediadb/DGingest/Migration-to-Alma/exports/curricular-materials/"", /""children/"": [{/""pid/"": /""grinnell:11188/"", /""title/"": /"" Course Intro/"", /""files/"": [/""grinnell_11188_MODS.xml/"", /""grinnell_11188_RELS-EXT.rdf/""]}, {/""pid/"": /""grinnell:11189/"", /""title/"": /"" Doing Computer Science as Science/"", /""files/"": [/""grinnell_11189_MODS.xml/"", /""grinnell_11189_RELS-EXT.rdf/""]}, {/""pid/"": /""grinnell:11190/"", /""title/"": /"" Selecting Research Projects/"", /""files/"": [/""grinnell_11190_MODS.xml/"", /""grinnell_11190_RELS-EXT.rdf/""]}, {/""pid/"": /""grinnell:11191/"", /""title/"": /"" The Varieties of Scientific Experience/"", /""files/"": [/""grinnell_11191_MODS.xml/"", /""grinnell_11191_RELS-EXT.rdf/""]}, {/""pid/"": /""grinnell:11192/"", /""title/"": /""Why Science is Hard/"", /""files/"": [/""grinnell_11192_MODS.xml/"", /""grinnell_11192_RELS-EXT.rdf/""]}, {/""pid/"": /""grinnell:11193/"", /""title/"": /"" Causality and Abduction/"", /""files/"": [/""grinnell_11193_MODS.xml/"", /""grinnell_11193_RELS-EXT.rdf/""]}, {/""pid/"": /""grinnell:11194/"", /""title/"": /"" Hypotheses and Falsifiability/"", /""files/"": [/""grinnell_11194_MODS.xml/"", /""grinnell_11194_RELS-EXT.rdf/""]}, {/""pid/"": /""grinnell:11195/"", /""title/"": /"" Strong Inference (Laboratory)/"", /""files/"": [/""grinnell_11195_MODS.xml/"", /""grinnell_11195_RELS-EXT.rdf/""]}, {/""pid/"": /""grinnell:11196/"", /""title/"": /""Exploratory Data Analysis/"", /""files/"": [/""grinnell_11196_MODS.xml/"", /""grinnell_11196_RELS-EXT.rdf/""]}, {/""pid/"": /""grinnell:11197/"", /""title/"": /"" The Agony and Ecstasy of Research/"", /""files/"": [/""grinnell_11197_MODS.xml/"", /""grinnell_11197_RELS-EXT.rdf/""]}, {/""pid/"": /""grinnell:11198/"", /""title/"": /"" Personal Productivity/"", /""files/"": [/""grinnell_11198_MODS.xml/"", /""grinnell_11198_RELS-EXT.rdf/""]}, {/""pid/"": /""grinnell:11199/"", /""title/"": /"" Planning and Proposing Research/"", /""files/"": [/""grinnell_11199_MODS.xml/"", /""grinnell_11199_RELS-EXT.rdf/""]}, {/""pid/"": /""grinnell:11200/"", /""title/"": /"" Tactical Decisionmaking in Research/"", /""files/"": [/""grinnell_11200_MODS.xml/"", /""grinnell_11200_RELS-EXT.rdf/""]}, {/""pid/"": /""grinnell:11201/"", /""title/"": /"" Tactics of Experimetal Design (1)/"", /""files/"": [/""grinnell_11201_MODS.xml/"", /""grinnell_11201_RELS-EXT.rdf/""]}, {/""pid/"": /""grinnell:11202/"", /""title/"": /"" Tactics of Experimetal Design (2)/"", /""files/"": [/""grinnell_11202_MODS.xml/"", /""grinnell_11202_RELS-EXT.rdf/""]}, {/""pid/"": /""grinnell:11203/"", /""title/"": /"" Experimental Design (Lab)/"", /""files/"": [/""grinnell_11203_MODS.xml/"", /""grinnell_11203_RELS-EXT.rdf/""]}, {/""pid/"": /""grinnell:11204/"", /""title/"": /"" Hypothesis testing/"", /""files/"": [/""grinnell_11204_MODS.xml/"", /""grinnell_11204_RELS-EXT.rdf/""]}, {/""pid/"": /""grinnell:11205/"", /""title/"": /"" Hypothesis testing (B)/"", /""files/"": [/""grinnell_11205_MODS.xml/"", /""grinnell_11205_RELS-EXT.rdf/""]}, {/""pid/"": /""grinnell:11206/"", /""title/"": /"" Modeling Systems/"", /""files/"": [/""grinnell_11206_MODS.xml/"", /""grinnell_11206_RELS-EXT.rdf/""]}, {/""pid/"": /""grinnell:11207/"", /""title/"": /"" Writing and Reading Papers/"", /""files/"": [/""grinnell_11207_MODS.xml/"", /""grinnell_11207_RELS-EXT.rdf/""]}, {/""pid/"": /""grinnell:11208/"", /""title/"": /""Schedule Spring 2009/"", /""files/"": [/""grinnell_11208_MODS.xml/"", /""grinnell_11208_RELS-EXT.rdf/""]}, {/""pid/"": /""grinnell:11213/"", /""title/"": /""ZIP Archive/"", /""files/"": [/""grinnell_11213_MODS.xml/"", /""grinnell_11213_RELS-EXT.rdf/""]}], /""paren/"": {/""pid/"": /""grinnell:10002/"", /""title/"": /""Research Methods for Empirical Computer Science/"", /""files/"": [/""grinnell_10002_MODS.xml/"", /""grinnell_10002_RELS-EXT.rdf/""]}}"
,,991011506418904641,991011506418904641,parent: grinnell:10002,Research Methods for Empirical Computer Science,,,grinnell:10002; grinnell:10002; http://hdl.handle.net/11084/10002; alma:01GCL_INST/bibs/991011506418904641,http://hdl.handle.net/11084/10002,Research Methods for Empirical Computer Science (compound); Course Intro (essays); Doing Computer Science as Science (essays); Selecting Research Projects (essays); The Varieties of Scientific Experience (essays); Why Science is Hard (essays); Causality and Abduction (essays); Hypotheses and Falsifiability (essays); Strong Inference (Laboratory) (essays); Exploratory Data Analysis (essays); The Agony and Ecstasy of Research (essays); Personal Productivity (essays); Planning and Proposing Research (essays); Tactical Decisionmaking in Research (essays); Tactics of Experimetal Design (1) (essays); Tactics of Experimetal Design (2) (essays); Experimental Design (Lab) (essays); Hypothesis testing (essays); Hypothesis testing (B) (essays); Modeling Systems (essays); Writing and Reading Papers (essays); Schedule Spring 2009 (essays); ZIP Archive (essays),"Jensen, David",,Higher education,,,,,,,,,,,,,,,,Course materials for Research methods for empirical computer science which is designed to teach basic methods for conducting a personal research program for graduate students.,Grinnell College,Grinnell College,2009,2009,2009,,,compound,born digital,,,,,,English,,Curricular Materials,Curricular Materials,Curricular Materials,,,,,"Except where noted, use of this work is governed by the Creative Commons Attribution-NonCommercial-ShareAlike 4.0 license.  See http://creativecommons.org/licenses/by-nc-sa/4.0/ for details.  Copyright to this work is held by the author(s), in accordance with United States copyright law (USC 17). Readers of this work have certain rights as defined by the law, including but not limited to fair use (17 USC 107 et seq.).",,,,,,,,,,,,,,0001  https://docs.google.com/spreadsheets/d/1JzW8TGU8qJlBAlyoMyDS1mkLTGoaLrsCzVtwQo-4JlU/edit?usp=sharing,"{/""worksheet/"": /""https://docs.google.com/spreadsheets/d/1JzW8TGU8qJlBAlyoMyDS1mkLTGoaLrsCzVtwQo-4JlU#gid=1804306342/"", /""directory/"": /""smb://storage/mediadb/DGingest/Migration-to-Alma/exports/curricular-materials/"", /""children/"": [{/""pid/"": /""grinnell:11188/"", /""title/"": /"" Course Intro/"", /""files/"": [/""grinnell_11188_MODS.xml/"", /""grinnell_11188_RELS-EXT.rdf/""]}, {/""pid/"": /""grinnell:11189/"", /""title/"": /"" Doing Computer Science as Science/"", /""files/"": [/""grinnell_11189_MODS.xml/"", /""grinnell_11189_RELS-EXT.rdf/""]}, {/""pid/"": /""grinnell:11190/"", /""title/"": /"" Selecting Research Projects/"", /""files/"": [/""grinnell_11190_MODS.xml/"", /""grinnell_11190_RELS-EXT.rdf/""]}, {/""pid/"": /""grinnell:11191/"", /""title/"": /"" The Varieties of Scientific Experience/"", /""files/"": [/""grinnell_11191_MODS.xml/"", /""grinnell_11191_RELS-EXT.rdf/""]}, {/""pid/"": /""grinnell:11192/"", /""title/"": /""Why Science is Hard/"", /""files/"": [/""grinnell_11192_MODS.xml/"", /""grinnell_11192_RELS-EXT.rdf/""]}, {/""pid/"": /""grinnell:11193/"", /""title/"": /"" Causality and Abduction/"", /""files/"": [/""grinnell_11193_MODS.xml/"", /""grinnell_11193_RELS-EXT.rdf/""]}, {/""pid/"": /""grinnell:11194/"", /""title/"": /"" Hypotheses and Falsifiability/"", /""files/"": [/""grinnell_11194_MODS.xml/"", /""grinnell_11194_RELS-EXT.rdf/""]}, {/""pid/"": /""grinnell:11195/"", /""title/"": /"" Strong Inference (Laboratory)/"", /""files/"": [/""grinnell_11195_MODS.xml/"", /""grinnell_11195_RELS-EXT.rdf/""]}, {/""pid/"": /""grinnell:11196/"", /""title/"": /""Exploratory Data Analysis/"", /""files/"": [/""grinnell_11196_MODS.xml/"", /""grinnell_11196_RELS-EXT.rdf/""]}, {/""pid/"": /""grinnell:11197/"", /""title/"": /"" The Agony and Ecstasy of Research/"", /""files/"": [/""grinnell_11197_MODS.xml/"", /""grinnell_11197_RELS-EXT.rdf/""]}, {/""pid/"": /""grinnell:11198/"", /""title/"": /"" Personal Productivity/"", /""files/"": [/""grinnell_11198_MODS.xml/"", /""grinnell_11198_RELS-EXT.rdf/""]}, {/""pid/"": /""grinnell:11199/"", /""title/"": /"" Planning and Proposing Research/"", /""files/"": [/""grinnell_11199_MODS.xml/"", /""grinnell_11199_RELS-EXT.rdf/""]}, {/""pid/"": /""grinnell:11200/"", /""title/"": /"" Tactical Decisionmaking in Research/"", /""files/"": [/""grinnell_11200_MODS.xml/"", /""grinnell_11200_RELS-EXT.rdf/""]}, {/""pid/"": /""grinnell:11201/"", /""title/"": /"" Tactics of Experimetal Design (1)/"", /""files/"": [/""grinnell_11201_MODS.xml/"", /""grinnell_11201_RELS-EXT.rdf/""]}, {/""pid/"": /""grinnell:11202/"", /""title/"": /"" Tactics of Experimetal Design (2)/"", /""files/"": [/""grinnell_11202_MODS.xml/"", /""grinnell_11202_RELS-EXT.rdf/""]}, {/""pid/"": /""grinnell:11203/"", /""title/"": /"" Experimental Design (Lab)/"", /""files/"": [/""grinnell_11203_MODS.xml/"", /""grinnell_11203_RELS-EXT.rdf/""]}, {/""pid/"": /""grinnell:11204/"", /""title/"": /"" Hypothesis testing/"", /""files/"": [/""grinnell_11204_MODS.xml/"", /""grinnell_11204_RELS-EXT.rdf/""]}, {/""pid/"": /""grinnell:11205/"", /""title/"": /"" Hypothesis testing (B)/"", /""files/"": [/""grinnell_11205_MODS.xml/"", /""grinnell_11205_RELS-EXT.rdf/""]}, {/""pid/"": /""grinnell:11206/"", /""title/"": /"" Modeling Systems/"", /""files/"": [/""grinnell_11206_MODS.xml/"", /""grinnell_11206_RELS-EXT.rdf/""]}, {/""pid/"": /""grinnell:11207/"", /""title/"": /"" Writing and Reading Papers/"", /""files/"": [/""grinnell_11207_MODS.xml/"", /""grinnell_11207_RELS-EXT.rdf/""]}, {/""pid/"": /""grinnell:11208/"", /""title/"": /""Schedule Spring 2009/"", /""files/"": [/""grinnell_11208_MODS.xml/"", /""grinnell_11208_RELS-EXT.rdf/""]}, {/""pid/"": /""grinnell:11213/"", /""title/"": /""ZIP Archive/"", /""files/"": [/""grinnell_11213_MODS.xml/"", /""grinnell_11213_RELS-EXT.rdf/""]}], /""paren/"": {/""pid/"": /""grinnell:10002/"", /""title/"": /""Research Methods for Empirical Computer Science/"", /""files/"": [/""grinnell_10002_MODS.xml/"", /""grinnell_10002_RELS-EXT.rdf/""]}}"
,,991011506418904641,991011506418904641,parent: grinnell:10002,Research Methods for Empirical Computer Science,,,grinnell:10002; grinnell:10002; http://hdl.handle.net/11084/10002; alma:01GCL_INST/bibs/991011506418904641,http://hdl.handle.net/11084/10002,Research Methods for Empirical Computer Science (compound); Course Intro (essays); Doing Computer Science as Science (essays); Selecting Research Projects (essays); The Varieties of Scientific Experience (essays); Why Science is Hard (essays); Causality and Abduction (essays); Hypotheses and Falsifiability (essays); Strong Inference (Laboratory) (essays); Exploratory Data Analysis (essays); The Agony and Ecstasy of Research (essays); Personal Productivity (essays); Planning and Proposing Research (essays); Tactical Decisionmaking in Research (essays); Tactics of Experimetal Design (1) (essays); Tactics of Experimetal Design (2) (essays); Experimental Design (Lab) (essays); Hypothesis testing (essays); Hypothesis testing (B) (essays); Modeling Systems (essays); Writing and Reading Papers (essays); Schedule Spring 2009 (essays); ZIP Archive (essays),"Jensen, David",,Higher education,,,,,,,,,,,,,,,,Course materials for Research methods for empirical computer science which is designed to teach basic methods for conducting a personal research program for graduate students.,Grinnell College,Grinnell College,2009,2009,2009,,,compound,born digital,,,,,,English,,Curricular Materials,Curricular Materials,Curricular Materials,,,,,"Except where noted, use of this work is governed by the Creative Commons Attribution-NonCommercial-ShareAlike 4.0 license.  See http://creativecommons.org/licenses/by-nc-sa/4.0/ for details.  Copyright to this work is held by the author(s), in accordance with United States copyright law (USC 17). Readers of this work have certain rights as defined by the law, including but not limited to fair use (17 USC 107 et seq.).",,,,,,,,,,,,,,0001  https://docs.google.com/spreadsheets/d/1JzW8TGU8qJlBAlyoMyDS1mkLTGoaLrsCzVtwQo-4JlU/edit?usp=sharing,"{/""worksheet/"": /""https://docs.google.com/spreadsheets/d/1JzW8TGU8qJlBAlyoMyDS1mkLTGoaLrsCzVtwQo-4JlU#gid=1804306342/"", /""directory/"": /""smb://storage/mediadb/DGingest/Migration-to-Alma/exports/curricular-materials/"", /""children/"": [{/""pid/"": /""grinnell:11188/"", /""title/"": /"" Course Intro/"", /""files/"": [/""grinnell_11188_MODS.xml/"", /""grinnell_11188_RELS-EXT.rdf/""]}, {/""pid/"": /""grinnell:11189/"", /""title/"": /"" Doing Computer Science as Science/"", /""files/"": [/""grinnell_11189_MODS.xml/"", /""grinnell_11189_RELS-EXT.rdf/""]}, {/""pid/"": /""grinnell:11190/"", /""title/"": /"" Selecting Research Projects/"", /""files/"": [/""grinnell_11190_MODS.xml/"", /""grinnell_11190_RELS-EXT.rdf/""]}, {/""pid/"": /""grinnell:11191/"", /""title/"": /"" The Varieties of Scientific Experience/"", /""files/"": [/""grinnell_11191_MODS.xml/"", /""grinnell_11191_RELS-EXT.rdf/""]}, {/""pid/"": /""grinnell:11192/"", /""title/"": /""Why Science is Hard/"", /""files/"": [/""grinnell_11192_MODS.xml/"", /""grinnell_11192_RELS-EXT.rdf/""]}, {/""pid/"": /""grinnell:11193/"", /""title/"": /"" Causality and Abduction/"", /""files/"": [/""grinnell_11193_MODS.xml/"", /""grinnell_11193_RELS-EXT.rdf/""]}, {/""pid/"": /""grinnell:11194/"", /""title/"": /"" Hypotheses and Falsifiability/"", /""files/"": [/""grinnell_11194_MODS.xml/"", /""grinnell_11194_RELS-EXT.rdf/""]}, {/""pid/"": /""grinnell:11195/"", /""title/"": /"" Strong Inference (Laboratory)/"", /""files/"": [/""grinnell_11195_MODS.xml/"", /""grinnell_11195_RELS-EXT.rdf/""]}, {/""pid/"": /""grinnell:11196/"", /""title/"": /""Exploratory Data Analysis/"", /""files/"": [/""grinnell_11196_MODS.xml/"", /""grinnell_11196_RELS-EXT.rdf/""]}, {/""pid/"": /""grinnell:11197/"", /""title/"": /"" The Agony and Ecstasy of Research/"", /""files/"": [/""grinnell_11197_MODS.xml/"", /""grinnell_11197_RELS-EXT.rdf/""]}, {/""pid/"": /""grinnell:11198/"", /""title/"": /"" Personal Productivity/"", /""files/"": [/""grinnell_11198_MODS.xml/"", /""grinnell_11198_RELS-EXT.rdf/""]}, {/""pid/"": /""grinnell:11199/"", /""title/"": /"" Planning and Proposing Research/"", /""files/"": [/""grinnell_11199_MODS.xml/"", /""grinnell_11199_RELS-EXT.rdf/""]}, {/""pid/"": /""grinnell:11200/"", /""title/"": /"" Tactical Decisionmaking in Research/"", /""files/"": [/""grinnell_11200_MODS.xml/"", /""grinnell_11200_RELS-EXT.rdf/""]}, {/""pid/"": /""grinnell:11201/"", /""title/"": /"" Tactics of Experimetal Design (1)/"", /""files/"": [/""grinnell_11201_MODS.xml/"", /""grinnell_11201_RELS-EXT.rdf/""]}, {/""pid/"": /""grinnell:11202/"", /""title/"": /"" Tactics of Experimetal Design (2)/"", /""files/"": [/""grinnell_11202_MODS.xml/"", /""grinnell_11202_RELS-EXT.rdf/""]}, {/""pid/"": /""grinnell:11203/"", /""title/"": /"" Experimental Design (Lab)/"", /""files/"": [/""grinnell_11203_MODS.xml/"", /""grinnell_11203_RELS-EXT.rdf/""]}, {/""pid/"": /""grinnell:11204/"", /""title/"": /"" Hypothesis testing/"", /""files/"": [/""grinnell_11204_MODS.xml/"", /""grinnell_11204_RELS-EXT.rdf/""]}, {/""pid/"": /""grinnell:11205/"", /""title/"": /"" Hypothesis testing (B)/"", /""files/"": [/""grinnell_11205_MODS.xml/"", /""grinnell_11205_RELS-EXT.rdf/""]}, {/""pid/"": /""grinnell:11206/"", /""title/"": /"" Modeling Systems/"", /""files/"": [/""grinnell_11206_MODS.xml/"", /""grinnell_11206_RELS-EXT.rdf/""]}, {/""pid/"": /""grinnell:11207/"", /""title/"": /"" Writing and Reading Papers/"", /""files/"": [/""grinnell_11207_MODS.xml/"", /""grinnell_11207_RELS-EXT.rdf/""]}, {/""pid/"": /""grinnell:11208/"", /""title/"": /""Schedule Spring 2009/"", /""files/"": [/""grinnell_11208_MODS.xml/"", /""grinnell_11208_RELS-EXT.rdf/""]}, {/""pid/"": /""grinnell:11213/"", /""title/"": /""ZIP Archive/"", /""files/"": [/""grinnell_11213_MODS.xml/"", /""grinnell_11213_RELS-EXT.rdf/""]}], /""paren/"": {/""pid/"": /""grinnell:10002/"", /""title/"": /""Research Methods for Empirical Computer Science/"", /""files/"": [/""grinnell_10002_MODS.xml/"", /""grinnell_10002_RELS-EXT.rdf/""]}}"
,,991011506418904641,991011506418904641,parent: grinnell:10002,Research Methods for Empirical Computer Science,,,grinnell:10002; grinnell:10002; http://hdl.handle.net/11084/10002; alma:01GCL_INST/bibs/991011506418904641,http://hdl.handle.net/11084/10002,Research Methods for Empirical Computer Science (compound); Course Intro (essays); Doing Computer Science as Science (essays); Selecting Research Projects (essays); The Varieties of Scientific Experience (essays); Why Science is Hard (essays); Causality and Abduction (essays); Hypotheses and Falsifiability (essays); Strong Inference (Laboratory) (essays); Exploratory Data Analysis (essays); The Agony and Ecstasy of Research (essays); Personal Productivity (essays); Planning and Proposing Research (essays); Tactical Decisionmaking in Research (essays); Tactics of Experimetal Design (1) (essays); Tactics of Experimetal Design (2) (essays); Experimental Design (Lab) (essays); Hypothesis testing (essays); Hypothesis testing (B) (essays); Modeling Systems (essays); Writing and Reading Papers (essays); Schedule Spring 2009 (essays); ZIP Archive (essays),"Jensen, David",,Higher education,,,,,,,,,,,,,,,,Course materials for Research methods for empirical computer science which is designed to teach basic methods for conducting a personal research program for graduate students.,Grinnell College,Grinnell College,2009,2009,2009,,,compound,born digital,,,,,,English,,Curricular Materials,Curricular Materials,Curricular Materials,,,,,"Except where noted, use of this work is governed by the Creative Commons Attribution-NonCommercial-ShareAlike 4.0 license.  See http://creativecommons.org/licenses/by-nc-sa/4.0/ for details.  Copyright to this work is held by the author(s), in accordance with United States copyright law (USC 17). Readers of this work have certain rights as defined by the law, including but not limited to fair use (17 USC 107 et seq.).",,,,,,,,,,,,,,0001  https://docs.google.com/spreadsheets/d/1JzW8TGU8qJlBAlyoMyDS1mkLTGoaLrsCzVtwQo-4JlU/edit?usp=sharing,"{/""worksheet/"": /""https://docs.google.com/spreadsheets/d/1JzW8TGU8qJlBAlyoMyDS1mkLTGoaLrsCzVtwQo-4JlU#gid=1804306342/"", /""directory/"": /""smb://storage/mediadb/DGingest/Migration-to-Alma/exports/curricular-materials/"", /""children/"": [{/""pid/"": /""grinnell:11188/"", /""title/"": /"" Course Intro/"", /""files/"": [/""grinnell_11188_MODS.xml/"", /""grinnell_11188_RELS-EXT.rdf/""]}, {/""pid/"": /""grinnell:11189/"", /""title/"": /"" Doing Computer Science as Science/"", /""files/"": [/""grinnell_11189_MODS.xml/"", /""grinnell_11189_RELS-EXT.rdf/""]}, {/""pid/"": /""grinnell:11190/"", /""title/"": /"" Selecting Research Projects/"", /""files/"": [/""grinnell_11190_MODS.xml/"", /""grinnell_11190_RELS-EXT.rdf/""]}, {/""pid/"": /""grinnell:11191/"", /""title/"": /"" The Varieties of Scientific Experience/"", /""files/"": [/""grinnell_11191_MODS.xml/"", /""grinnell_11191_RELS-EXT.rdf/""]}, {/""pid/"": /""grinnell:11192/"", /""title/"": /""Why Science is Hard/"", /""files/"": [/""grinnell_11192_MODS.xml/"", /""grinnell_11192_RELS-EXT.rdf/""]}, {/""pid/"": /""grinnell:11193/"", /""title/"": /"" Causality and Abduction/"", /""files/"": [/""grinnell_11193_MODS.xml/"", /""grinnell_11193_RELS-EXT.rdf/""]}, {/""pid/"": /""grinnell:11194/"", /""title/"": /"" Hypotheses and Falsifiability/"", /""files/"": [/""grinnell_11194_MODS.xml/"", /""grinnell_11194_RELS-EXT.rdf/""]}, {/""pid/"": /""grinnell:11195/"", /""title/"": /"" Strong Inference (Laboratory)/"", /""files/"": [/""grinnell_11195_MODS.xml/"", /""grinnell_11195_RELS-EXT.rdf/""]}, {/""pid/"": /""grinnell:11196/"", /""title/"": /""Exploratory Data Analysis/"", /""files/"": [/""grinnell_11196_MODS.xml/"", /""grinnell_11196_RELS-EXT.rdf/""]}, {/""pid/"": /""grinnell:11197/"", /""title/"": /"" The Agony and Ecstasy of Research/"", /""files/"": [/""grinnell_11197_MODS.xml/"", /""grinnell_11197_RELS-EXT.rdf/""]}, {/""pid/"": /""grinnell:11198/"", /""title/"": /"" Personal Productivity/"", /""files/"": [/""grinnell_11198_MODS.xml/"", /""grinnell_11198_RELS-EXT.rdf/""]}, {/""pid/"": /""grinnell:11199/"", /""title/"": /"" Planning and Proposing Research/"", /""files/"": [/""grinnell_11199_MODS.xml/"", /""grinnell_11199_RELS-EXT.rdf/""]}, {/""pid/"": /""grinnell:11200/"", /""title/"": /"" Tactical Decisionmaking in Research/"", /""files/"": [/""grinnell_11200_MODS.xml/"", /""grinnell_11200_RELS-EXT.rdf/""]}, {/""pid/"": /""grinnell:11201/"", /""title/"": /"" Tactics of Experimetal Design (1)/"", /""files/"": [/""grinnell_11201_MODS.xml/"", /""grinnell_11201_RELS-EXT.rdf/""]}, {/""pid/"": /""grinnell:11202/"", /""title/"": /"" Tactics of Experimetal Design (2)/"", /""files/"": [/""grinnell_11202_MODS.xml/"", /""grinnell_11202_RELS-EXT.rdf/""]}, {/""pid/"": /""grinnell:11203/"", /""title/"": /"" Experimental Design (Lab)/"", /""files/"": [/""grinnell_11203_MODS.xml/"", /""grinnell_11203_RELS-EXT.rdf/""]}, {/""pid/"": /""grinnell:11204/"", /""title/"": /"" Hypothesis testing/"", /""files/"": [/""grinnell_11204_MODS.xml/"", /""grinnell_11204_RELS-EXT.rdf/""]}, {/""pid/"": /""grinnell:11205/"", /""title/"": /"" Hypothesis testing (B)/"", /""files/"": [/""grinnell_11205_MODS.xml/"", /""grinnell_11205_RELS-EXT.rdf/""]}, {/""pid/"": /""grinnell:11206/"", /""title/"": /"" Modeling Systems/"", /""files/"": [/""grinnell_11206_MODS.xml/"", /""grinnell_11206_RELS-EXT.rdf/""]}, {/""pid/"": /""grinnell:11207/"", /""title/"": /"" Writing and Reading Papers/"", /""files/"": [/""grinnell_11207_MODS.xml/"", /""grinnell_11207_RELS-EXT.rdf/""]}, {/""pid/"": /""grinnell:11208/"", /""title/"": /""Schedule Spring 2009/"", /""files/"": [/""grinnell_11208_MODS.xml/"", /""grinnell_11208_RELS-EXT.rdf/""]}, {/""pid/"": /""grinnell:11213/"", /""title/"": /""ZIP Archive/"", /""files/"": [/""grinnell_11213_MODS.xml/"", /""grinnell_11213_RELS-EXT.rdf/""]}], /""paren/"": {/""pid/"": /""grinnell:10002/"", /""title/"": /""Research Methods for Empirical Computer Science/"", /""files/"": [/""grinnell_10002_MODS.xml/"", /""grinnell_10002_RELS-EXT.rdf/""]}}"
,,991011506418904641,991011506418904641,parent: grinnell:10002,Research Methods for Empirical Computer Science,,,grinnell:10002; grinnell:10002; http://hdl.handle.net/11084/10002; alma:01GCL_INST/bibs/991011506418904641,http://hdl.handle.net/11084/10002,Research Methods for Empirical Computer Science (compound); Course Intro (essays); Doing Computer Science as Science (essays); Selecting Research Projects (essays); The Varieties of Scientific Experience (essays); Why Science is Hard (essays); Causality and Abduction (essays); Hypotheses and Falsifiability (essays); Strong Inference (Laboratory) (essays); Exploratory Data Analysis (essays); The Agony and Ecstasy of Research (essays); Personal Productivity (essays); Planning and Proposing Research (essays); Tactical Decisionmaking in Research (essays); Tactics of Experimetal Design (1) (essays); Tactics of Experimetal Design (2) (essays); Experimental Design (Lab) (essays); Hypothesis testing (essays); Hypothesis testing (B) (essays); Modeling Systems (essays); Writing and Reading Papers (essays); Schedule Spring 2009 (essays); ZIP Archive (essays),"Jensen, David",,Higher education,,,,,,,,,,,,,,,,Course materials for Research methods for empirical computer science which is designed to teach basic methods for conducting a personal research program for graduate students.,Grinnell College,Grinnell College,2009,2009,2009,,,compound,born digital,,,,,,English,,Curricular Materials,Curricular Materials,Curricular Materials,,,,,"Except where noted, use of this work is governed by the Creative Commons Attribution-NonCommercial-ShareAlike 4.0 license.  See http://creativecommons.org/licenses/by-nc-sa/4.0/ for details.  Copyright to this work is held by the author(s), in accordance with United States copyright law (USC 17). Readers of this work have certain rights as defined by the law, including but not limited to fair use (17 USC 107 et seq.).",,,,,,,,,,,,,,0001  https://docs.google.com/spreadsheets/d/1JzW8TGU8qJlBAlyoMyDS1mkLTGoaLrsCzVtwQo-4JlU/edit?usp=sharing,"{/""worksheet/"": /""https://docs.google.com/spreadsheets/d/1JzW8TGU8qJlBAlyoMyDS1mkLTGoaLrsCzVtwQo-4JlU#gid=1804306342/"", /""directory/"": /""smb://storage/mediadb/DGingest/Migration-to-Alma/exports/curricular-materials/"", /""children/"": [{/""pid/"": /""grinnell:11188/"", /""title/"": /"" Course Intro/"", /""files/"": [/""grinnell_11188_MODS.xml/"", /""grinnell_11188_RELS-EXT.rdf/""]}, {/""pid/"": /""grinnell:11189/"", /""title/"": /"" Doing Computer Science as Science/"", /""files/"": [/""grinnell_11189_MODS.xml/"", /""grinnell_11189_RELS-EXT.rdf/""]}, {/""pid/"": /""grinnell:11190/"", /""title/"": /"" Selecting Research Projects/"", /""files/"": [/""grinnell_11190_MODS.xml/"", /""grinnell_11190_RELS-EXT.rdf/""]}, {/""pid/"": /""grinnell:11191/"", /""title/"": /"" The Varieties of Scientific Experience/"", /""files/"": [/""grinnell_11191_MODS.xml/"", /""grinnell_11191_RELS-EXT.rdf/""]}, {/""pid/"": /""grinnell:11192/"", /""title/"": /""Why Science is Hard/"", /""files/"": [/""grinnell_11192_MODS.xml/"", /""grinnell_11192_RELS-EXT.rdf/""]}, {/""pid/"": /""grinnell:11193/"", /""title/"": /"" Causality and Abduction/"", /""files/"": [/""grinnell_11193_MODS.xml/"", /""grinnell_11193_RELS-EXT.rdf/""]}, {/""pid/"": /""grinnell:11194/"", /""title/"": /"" Hypotheses and Falsifiability/"", /""files/"": [/""grinnell_11194_MODS.xml/"", /""grinnell_11194_RELS-EXT.rdf/""]}, {/""pid/"": /""grinnell:11195/"", /""title/"": /"" Strong Inference (Laboratory)/"", /""files/"": [/""grinnell_11195_MODS.xml/"", /""grinnell_11195_RELS-EXT.rdf/""]}, {/""pid/"": /""grinnell:11196/"", /""title/"": /""Exploratory Data Analysis/"", /""files/"": [/""grinnell_11196_MODS.xml/"", /""grinnell_11196_RELS-EXT.rdf/""]}, {/""pid/"": /""grinnell:11197/"", /""title/"": /"" The Agony and Ecstasy of Research/"", /""files/"": [/""grinnell_11197_MODS.xml/"", /""grinnell_11197_RELS-EXT.rdf/""]}, {/""pid/"": /""grinnell:11198/"", /""title/"": /"" Personal Productivity/"", /""files/"": [/""grinnell_11198_MODS.xml/"", /""grinnell_11198_RELS-EXT.rdf/""]}, {/""pid/"": /""grinnell:11199/"", /""title/"": /"" Planning and Proposing Research/"", /""files/"": [/""grinnell_11199_MODS.xml/"", /""grinnell_11199_RELS-EXT.rdf/""]}, {/""pid/"": /""grinnell:11200/"", /""title/"": /"" Tactical Decisionmaking in Research/"", /""files/"": [/""grinnell_11200_MODS.xml/"", /""grinnell_11200_RELS-EXT.rdf/""]}, {/""pid/"": /""grinnell:11201/"", /""title/"": /"" Tactics of Experimetal Design (1)/"", /""files/"": [/""grinnell_11201_MODS.xml/"", /""grinnell_11201_RELS-EXT.rdf/""]}, {/""pid/"": /""grinnell:11202/"", /""title/"": /"" Tactics of Experimetal Design (2)/"", /""files/"": [/""grinnell_11202_MODS.xml/"", /""grinnell_11202_RELS-EXT.rdf/""]}, {/""pid/"": /""grinnell:11203/"", /""title/"": /"" Experimental Design (Lab)/"", /""files/"": [/""grinnell_11203_MODS.xml/"", /""grinnell_11203_RELS-EXT.rdf/""]}, {/""pid/"": /""grinnell:11204/"", /""title/"": /"" Hypothesis testing/"", /""files/"": [/""grinnell_11204_MODS.xml/"", /""grinnell_11204_RELS-EXT.rdf/""]}, {/""pid/"": /""grinnell:11205/"", /""title/"": /"" Hypothesis testing (B)/"", /""files/"": [/""grinnell_11205_MODS.xml/"", /""grinnell_11205_RELS-EXT.rdf/""]}, {/""pid/"": /""grinnell:11206/"", /""title/"": /"" Modeling Systems/"", /""files/"": [/""grinnell_11206_MODS.xml/"", /""grinnell_11206_RELS-EXT.rdf/""]}, {/""pid/"": /""grinnell:11207/"", /""title/"": /"" Writing and Reading Papers/"", /""files/"": [/""grinnell_11207_MODS.xml/"", /""grinnell_11207_RELS-EXT.rdf/""]}, {/""pid/"": /""grinnell:11208/"", /""title/"": /""Schedule Spring 2009/"", /""files/"": [/""grinnell_11208_MODS.xml/"", /""grinnell_11208_RELS-EXT.rdf/""]}, {/""pid/"": /""grinnell:11213/"", /""title/"": /""ZIP Archive/"", /""files/"": [/""grinnell_11213_MODS.xml/"", /""grinnell_11213_RELS-EXT.rdf/""]}], /""paren/"": {/""pid/"": /""grinnell:10002/"", /""title/"": /""Research Methods for Empirical Computer Science/"", /""files/"": [/""grinnell_10002_MODS.xml/"", /""grinnell_10002_RELS-EXT.rdf/""]}}"
,,991011506418904641,991011506418904641,parent: grinnell:10002,Research Methods for Empirical Computer Science,,,grinnell:10002; grinnell:10002; http://hdl.handle.net/11084/10002; alma:01GCL_INST/bibs/991011506418904641,http://hdl.handle.net/11084/10002,Research Methods for Empirical Computer Science (compound); Course Intro (essays); Doing Computer Science as Science (essays); Selecting Research Projects (essays); The Varieties of Scientific Experience (essays); Why Science is Hard (essays); Causality and Abduction (essays); Hypotheses and Falsifiability (essays); Strong Inference (Laboratory) (essays); Exploratory Data Analysis (essays); The Agony and Ecstasy of Research (essays); Personal Productivity (essays); Planning and Proposing Research (essays); Tactical Decisionmaking in Research (essays); Tactics of Experimetal Design (1) (essays); Tactics of Experimetal Design (2) (essays); Experimental Design (Lab) (essays); Hypothesis testing (essays); Hypothesis testing (B) (essays); Modeling Systems (essays); Writing and Reading Papers (essays); Schedule Spring 2009 (essays); ZIP Archive (essays),"Jensen, David",,Higher education,,,,,,,,,,,,,,,,Course materials for Research methods for empirical computer science which is designed to teach basic methods for conducting a personal research program for graduate students.,Grinnell College,Grinnell College,2009,2009,2009,,,compound,born digital,,,,,,English,,Curricular Materials,Curricular Materials,Curricular Materials,,,,,"Except where noted, use of this work is governed by the Creative Commons Attribution-NonCommercial-ShareAlike 4.0 license.  See http://creativecommons.org/licenses/by-nc-sa/4.0/ for details.  Copyright to this work is held by the author(s), in accordance with United States copyright law (USC 17). Readers of this work have certain rights as defined by the law, including but not limited to fair use (17 USC 107 et seq.).",,,,,,,,,,,,,,0001  https://docs.google.com/spreadsheets/d/1JzW8TGU8qJlBAlyoMyDS1mkLTGoaLrsCzVtwQo-4JlU/edit?usp=sharing,"{/""worksheet/"": /""https://docs.google.com/spreadsheets/d/1JzW8TGU8qJlBAlyoMyDS1mkLTGoaLrsCzVtwQo-4JlU#gid=1804306342/"", /""directory/"": /""smb://storage/mediadb/DGingest/Migration-to-Alma/exports/curricular-materials/"", /""children/"": [{/""pid/"": /""grinnell:11188/"", /""title/"": /"" Course Intro/"", /""files/"": [/""grinnell_11188_MODS.xml/"", /""grinnell_11188_RELS-EXT.rdf/""]}, {/""pid/"": /""grinnell:11189/"", /""title/"": /"" Doing Computer Science as Science/"", /""files/"": [/""grinnell_11189_MODS.xml/"", /""grinnell_11189_RELS-EXT.rdf/""]}, {/""pid/"": /""grinnell:11190/"", /""title/"": /"" Selecting Research Projects/"", /""files/"": [/""grinnell_11190_MODS.xml/"", /""grinnell_11190_RELS-EXT.rdf/""]}, {/""pid/"": /""grinnell:11191/"", /""title/"": /"" The Varieties of Scientific Experience/"", /""files/"": [/""grinnell_11191_MODS.xml/"", /""grinnell_11191_RELS-EXT.rdf/""]}, {/""pid/"": /""grinnell:11192/"", /""title/"": /""Why Science is Hard/"", /""files/"": [/""grinnell_11192_MODS.xml/"", /""grinnell_11192_RELS-EXT.rdf/""]}, {/""pid/"": /""grinnell:11193/"", /""title/"": /"" Causality and Abduction/"", /""files/"": [/""grinnell_11193_MODS.xml/"", /""grinnell_11193_RELS-EXT.rdf/""]}, {/""pid/"": /""grinnell:11194/"", /""title/"": /"" Hypotheses and Falsifiability/"", /""files/"": [/""grinnell_11194_MODS.xml/"", /""grinnell_11194_RELS-EXT.rdf/""]}, {/""pid/"": /""grinnell:11195/"", /""title/"": /"" Strong Inference (Laboratory)/"", /""files/"": [/""grinnell_11195_MODS.xml/"", /""grinnell_11195_RELS-EXT.rdf/""]}, {/""pid/"": /""grinnell:11196/"", /""title/"": /""Exploratory Data Analysis/"", /""files/"": [/""grinnell_11196_MODS.xml/"", /""grinnell_11196_RELS-EXT.rdf/""]}, {/""pid/"": /""grinnell:11197/"", /""title/"": /"" The Agony and Ecstasy of Research/"", /""files/"": [/""grinnell_11197_MODS.xml/"", /""grinnell_11197_RELS-EXT.rdf/""]}, {/""pid/"": /""grinnell:11198/"", /""title/"": /"" Personal Productivity/"", /""files/"": [/""grinnell_11198_MODS.xml/"", /""grinnell_11198_RELS-EXT.rdf/""]}, {/""pid/"": /""grinnell:11199/"", /""title/"": /"" Planning and Proposing Research/"", /""files/"": [/""grinnell_11199_MODS.xml/"", /""grinnell_11199_RELS-EXT.rdf/""]}, {/""pid/"": /""grinnell:11200/"", /""title/"": /"" Tactical Decisionmaking in Research/"", /""files/"": [/""grinnell_11200_MODS.xml/"", /""grinnell_11200_RELS-EXT.rdf/""]}, {/""pid/"": /""grinnell:11201/"", /""title/"": /"" Tactics of Experimetal Design (1)/"", /""files/"": [/""grinnell_11201_MODS.xml/"", /""grinnell_11201_RELS-EXT.rdf/""]}, {/""pid/"": /""grinnell:11202/"", /""title/"": /"" Tactics of Experimetal Design (2)/"", /""files/"": [/""grinnell_11202_MODS.xml/"", /""grinnell_11202_RELS-EXT.rdf/""]}, {/""pid/"": /""grinnell:11203/"", /""title/"": /"" Experimental Design (Lab)/"", /""files/"": [/""grinnell_11203_MODS.xml/"", /""grinnell_11203_RELS-EXT.rdf/""]}, {/""pid/"": /""grinnell:11204/"", /""title/"": /"" Hypothesis testing/"", /""files/"": [/""grinnell_11204_MODS.xml/"", /""grinnell_11204_RELS-EXT.rdf/""]}, {/""pid/"": /""grinnell:11205/"", /""title/"": /"" Hypothesis testing (B)/"", /""files/"": [/""grinnell_11205_MODS.xml/"", /""grinnell_11205_RELS-EXT.rdf/""]}, {/""pid/"": /""grinnell:11206/"", /""title/"": /"" Modeling Systems/"", /""files/"": [/""grinnell_11206_MODS.xml/"", /""grinnell_11206_RELS-EXT.rdf/""]}, {/""pid/"": /""grinnell:11207/"", /""title/"": /"" Writing and Reading Papers/"", /""files/"": [/""grinnell_11207_MODS.xml/"", /""grinnell_11207_RELS-EXT.rdf/""]}, {/""pid/"": /""grinnell:11208/"", /""title/"": /""Schedule Spring 2009/"", /""files/"": [/""grinnell_11208_MODS.xml/"", /""grinnell_11208_RELS-EXT.rdf/""]}, {/""pid/"": /""grinnell:11213/"", /""title/"": /""ZIP Archive/"", /""files/"": [/""grinnell_11213_MODS.xml/"", /""grinnell_11213_RELS-EXT.rdf/""]}], /""paren/"": {/""pid/"": /""grinnell:10002/"", /""title/"": /""Research Methods for Empirical Computer Science/"", /""files/"": [/""grinnell_10002_MODS.xml/"", /""grinnell_10002_RELS-EXT.rdf/""]}}"
,,991011506418904641,991011506418904641,parent: grinnell:10002,Research Methods for Empirical Computer Science,,,grinnell:10002; grinnell:10002; http://hdl.handle.net/11084/10002; alma:01GCL_INST/bibs/991011506418904641,http://hdl.handle.net/11084/10002,Research Methods for Empirical Computer Science (compound); Course Intro (essays); Doing Computer Science as Science (essays); Selecting Research Projects (essays); The Varieties of Scientific Experience (essays); Why Science is Hard (essays); Causality and Abduction (essays); Hypotheses and Falsifiability (essays); Strong Inference (Laboratory) (essays); Exploratory Data Analysis (essays); The Agony and Ecstasy of Research (essays); Personal Productivity (essays); Planning and Proposing Research (essays); Tactical Decisionmaking in Research (essays); Tactics of Experimetal Design (1) (essays); Tactics of Experimetal Design (2) (essays); Experimental Design (Lab) (essays); Hypothesis testing (essays); Hypothesis testing (B) (essays); Modeling Systems (essays); Writing and Reading Papers (essays); Schedule Spring 2009 (essays); ZIP Archive (essays),"Jensen, David",,Higher education,,,,,,,,,,,,,,,,Course materials for Research methods for empirical computer science which is designed to teach basic methods for conducting a personal research program for graduate students.,Grinnell College,Grinnell College,2009,2009,2009,,,compound,born digital,,,,,,English,,Curricular Materials,Curricular Materials,Curricular Materials,,,,,"Except where noted, use of this work is governed by the Creative Commons Attribution-NonCommercial-ShareAlike 4.0 license.  See http://creativecommons.org/licenses/by-nc-sa/4.0/ for details.  Copyright to this work is held by the author(s), in accordance with United States copyright law (USC 17). Readers of this work have certain rights as defined by the law, including but not limited to fair use (17 USC 107 et seq.).",,,,,,,,,,,,,,0001  https://docs.google.com/spreadsheets/d/1JzW8TGU8qJlBAlyoMyDS1mkLTGoaLrsCzVtwQo-4JlU/edit?usp=sharing,"{/""worksheet/"": /""https://docs.google.com/spreadsheets/d/1JzW8TGU8qJlBAlyoMyDS1mkLTGoaLrsCzVtwQo-4JlU#gid=1804306342/"", /""directory/"": /""smb://storage/mediadb/DGingest/Migration-to-Alma/exports/curricular-materials/"", /""children/"": [{/""pid/"": /""grinnell:11188/"", /""title/"": /"" Course Intro/"", /""files/"": [/""grinnell_11188_MODS.xml/"", /""grinnell_11188_RELS-EXT.rdf/""]}, {/""pid/"": /""grinnell:11189/"", /""title/"": /"" Doing Computer Science as Science/"", /""files/"": [/""grinnell_11189_MODS.xml/"", /""grinnell_11189_RELS-EXT.rdf/""]}, {/""pid/"": /""grinnell:11190/"", /""title/"": /"" Selecting Research Projects/"", /""files/"": [/""grinnell_11190_MODS.xml/"", /""grinnell_11190_RELS-EXT.rdf/""]}, {/""pid/"": /""grinnell:11191/"", /""title/"": /"" The Varieties of Scientific Experience/"", /""files/"": [/""grinnell_11191_MODS.xml/"", /""grinnell_11191_RELS-EXT.rdf/""]}, {/""pid/"": /""grinnell:11192/"", /""title/"": /""Why Science is Hard/"", /""files/"": [/""grinnell_11192_MODS.xml/"", /""grinnell_11192_RELS-EXT.rdf/""]}, {/""pid/"": /""grinnell:11193/"", /""title/"": /"" Causality and Abduction/"", /""files/"": [/""grinnell_11193_MODS.xml/"", /""grinnell_11193_RELS-EXT.rdf/""]}, {/""pid/"": /""grinnell:11194/"", /""title/"": /"" Hypotheses and Falsifiability/"", /""files/"": [/""grinnell_11194_MODS.xml/"", /""grinnell_11194_RELS-EXT.rdf/""]}, {/""pid/"": /""grinnell:11195/"", /""title/"": /"" Strong Inference (Laboratory)/"", /""files/"": [/""grinnell_11195_MODS.xml/"", /""grinnell_11195_RELS-EXT.rdf/""]}, {/""pid/"": /""grinnell:11196/"", /""title/"": /""Exploratory Data Analysis/"", /""files/"": [/""grinnell_11196_MODS.xml/"", /""grinnell_11196_RELS-EXT.rdf/""]}, {/""pid/"": /""grinnell:11197/"", /""title/"": /"" The Agony and Ecstasy of Research/"", /""files/"": [/""grinnell_11197_MODS.xml/"", /""grinnell_11197_RELS-EXT.rdf/""]}, {/""pid/"": /""grinnell:11198/"", /""title/"": /"" Personal Productivity/"", /""files/"": [/""grinnell_11198_MODS.xml/"", /""grinnell_11198_RELS-EXT.rdf/""]}, {/""pid/"": /""grinnell:11199/"", /""title/"": /"" Planning and Proposing Research/"", /""files/"": [/""grinnell_11199_MODS.xml/"", /""grinnell_11199_RELS-EXT.rdf/""]}, {/""pid/"": /""grinnell:11200/"", /""title/"": /"" Tactical Decisionmaking in Research/"", /""files/"": [/""grinnell_11200_MODS.xml/"", /""grinnell_11200_RELS-EXT.rdf/""]}, {/""pid/"": /""grinnell:11201/"", /""title/"": /"" Tactics of Experimetal Design (1)/"", /""files/"": [/""grinnell_11201_MODS.xml/"", /""grinnell_11201_RELS-EXT.rdf/""]}, {/""pid/"": /""grinnell:11202/"", /""title/"": /"" Tactics of Experimetal Design (2)/"", /""files/"": [/""grinnell_11202_MODS.xml/"", /""grinnell_11202_RELS-EXT.rdf/""]}, {/""pid/"": /""grinnell:11203/"", /""title/"": /"" Experimental Design (Lab)/"", /""files/"": [/""grinnell_11203_MODS.xml/"", /""grinnell_11203_RELS-EXT.rdf/""]}, {/""pid/"": /""grinnell:11204/"", /""title/"": /"" Hypothesis testing/"", /""files/"": [/""grinnell_11204_MODS.xml/"", /""grinnell_11204_RELS-EXT.rdf/""]}, {/""pid/"": /""grinnell:11205/"", /""title/"": /"" Hypothesis testing (B)/"", /""files/"": [/""grinnell_11205_MODS.xml/"", /""grinnell_11205_RELS-EXT.rdf/""]}, {/""pid/"": /""grinnell:11206/"", /""title/"": /"" Modeling Systems/"", /""files/"": [/""grinnell_11206_MODS.xml/"", /""grinnell_11206_RELS-EXT.rdf/""]}, {/""pid/"": /""grinnell:11207/"", /""title/"": /"" Writing and Reading Papers/"", /""files/"": [/""grinnell_11207_MODS.xml/"", /""grinnell_11207_RELS-EXT.rdf/""]}, {/""pid/"": /""grinnell:11208/"", /""title/"": /""Schedule Spring 2009/"", /""files/"": [/""grinnell_11208_MODS.xml/"", /""grinnell_11208_RELS-EXT.rdf/""]}, {/""pid/"": /""grinnell:11213/"", /""title/"": /""ZIP Archive/"", /""files/"": [/""grinnell_11213_MODS.xml/"", /""grinnell_11213_RELS-EXT.rdf/""]}], /""paren/"": {/""pid/"": /""grinnell:10002/"", /""title/"": /""Research Methods for Empirical Computer Science/"", /""files/"": [/""grinnell_10002_MODS.xml/"", /""grinnell_10002_RELS-EXT.rdf/""]}}"
,,991011506418904641,991011506418904641,parent: grinnell:10002,Research Methods for Empirical Computer Science,,,grinnell:10002; grinnell:10002; http://hdl.handle.net/11084/10002; alma:01GCL_INST/bibs/991011506418904641,http://hdl.handle.net/11084/10002,Research Methods for Empirical Computer Science (compound); Course Intro (essays); Doing Computer Science as Science (essays); Selecting Research Projects (essays); The Varieties of Scientific Experience (essays); Why Science is Hard (essays); Causality and Abduction (essays); Hypotheses and Falsifiability (essays); Strong Inference (Laboratory) (essays); Exploratory Data Analysis (essays); The Agony and Ecstasy of Research (essays); Personal Productivity (essays); Planning and Proposing Research (essays); Tactical Decisionmaking in Research (essays); Tactics of Experimetal Design (1) (essays); Tactics of Experimetal Design (2) (essays); Experimental Design (Lab) (essays); Hypothesis testing (essays); Hypothesis testing (B) (essays); Modeling Systems (essays); Writing and Reading Papers (essays); Schedule Spring 2009 (essays); ZIP Archive (essays),"Jensen, David",,Higher education,,,,,,,,,,,,,,,,Course materials for Research methods for empirical computer science which is designed to teach basic methods for conducting a personal research program for graduate students.,Grinnell College,Grinnell College,2009,2009,2009,,,compound,born digital,,,,,,English,,Curricular Materials,Curricular Materials,Curricular Materials,,,,,"Except where noted, use of this work is governed by the Creative Commons Attribution-NonCommercial-ShareAlike 4.0 license.  See http://creativecommons.org/licenses/by-nc-sa/4.0/ for details.  Copyright to this work is held by the author(s), in accordance with United States copyright law (USC 17). Readers of this work have certain rights as defined by the law, including but not limited to fair use (17 USC 107 et seq.).",,,,,,,,,,,,,,0001  https://docs.google.com/spreadsheets/d/1JzW8TGU8qJlBAlyoMyDS1mkLTGoaLrsCzVtwQo-4JlU/edit?usp=sharing,"{/""worksheet/"": /""https://docs.google.com/spreadsheets/d/1JzW8TGU8qJlBAlyoMyDS1mkLTGoaLrsCzVtwQo-4JlU#gid=1804306342/"", /""directory/"": /""smb://storage/mediadb/DGingest/Migration-to-Alma/exports/curricular-materials/"", /""children/"": [{/""pid/"": /""grinnell:11188/"", /""title/"": /"" Course Intro/"", /""files/"": [/""grinnell_11188_MODS.xml/"", /""grinnell_11188_RELS-EXT.rdf/""]}, {/""pid/"": /""grinnell:11189/"", /""title/"": /"" Doing Computer Science as Science/"", /""files/"": [/""grinnell_11189_MODS.xml/"", /""grinnell_11189_RELS-EXT.rdf/""]}, {/""pid/"": /""grinnell:11190/"", /""title/"": /"" Selecting Research Projects/"", /""files/"": [/""grinnell_11190_MODS.xml/"", /""grinnell_11190_RELS-EXT.rdf/""]}, {/""pid/"": /""grinnell:11191/"", /""title/"": /"" The Varieties of Scientific Experience/"", /""files/"": [/""grinnell_11191_MODS.xml/"", /""grinnell_11191_RELS-EXT.rdf/""]}, {/""pid/"": /""grinnell:11192/"", /""title/"": /""Why Science is Hard/"", /""files/"": [/""grinnell_11192_MODS.xml/"", /""grinnell_11192_RELS-EXT.rdf/""]}, {/""pid/"": /""grinnell:11193/"", /""title/"": /"" Causality and Abduction/"", /""files/"": [/""grinnell_11193_MODS.xml/"", /""grinnell_11193_RELS-EXT.rdf/""]}, {/""pid/"": /""grinnell:11194/"", /""title/"": /"" Hypotheses and Falsifiability/"", /""files/"": [/""grinnell_11194_MODS.xml/"", /""grinnell_11194_RELS-EXT.rdf/""]}, {/""pid/"": /""grinnell:11195/"", /""title/"": /"" Strong Inference (Laboratory)/"", /""files/"": [/""grinnell_11195_MODS.xml/"", /""grinnell_11195_RELS-EXT.rdf/""]}, {/""pid/"": /""grinnell:11196/"", /""title/"": /""Exploratory Data Analysis/"", /""files/"": [/""grinnell_11196_MODS.xml/"", /""grinnell_11196_RELS-EXT.rdf/""]}, {/""pid/"": /""grinnell:11197/"", /""title/"": /"" The Agony and Ecstasy of Research/"", /""files/"": [/""grinnell_11197_MODS.xml/"", /""grinnell_11197_RELS-EXT.rdf/""]}, {/""pid/"": /""grinnell:11198/"", /""title/"": /"" Personal Productivity/"", /""files/"": [/""grinnell_11198_MODS.xml/"", /""grinnell_11198_RELS-EXT.rdf/""]}, {/""pid/"": /""grinnell:11199/"", /""title/"": /"" Planning and Proposing Research/"", /""files/"": [/""grinnell_11199_MODS.xml/"", /""grinnell_11199_RELS-EXT.rdf/""]}, {/""pid/"": /""grinnell:11200/"", /""title/"": /"" Tactical Decisionmaking in Research/"", /""files/"": [/""grinnell_11200_MODS.xml/"", /""grinnell_11200_RELS-EXT.rdf/""]}, {/""pid/"": /""grinnell:11201/"", /""title/"": /"" Tactics of Experimetal Design (1)/"", /""files/"": [/""grinnell_11201_MODS.xml/"", /""grinnell_11201_RELS-EXT.rdf/""]}, {/""pid/"": /""grinnell:11202/"", /""title/"": /"" Tactics of Experimetal Design (2)/"", /""files/"": [/""grinnell_11202_MODS.xml/"", /""grinnell_11202_RELS-EXT.rdf/""]}, {/""pid/"": /""grinnell:11203/"", /""title/"": /"" Experimental Design (Lab)/"", /""files/"": [/""grinnell_11203_MODS.xml/"", /""grinnell_11203_RELS-EXT.rdf/""]}, {/""pid/"": /""grinnell:11204/"", /""title/"": /"" Hypothesis testing/"", /""files/"": [/""grinnell_11204_MODS.xml/"", /""grinnell_11204_RELS-EXT.rdf/""]}, {/""pid/"": /""grinnell:11205/"", /""title/"": /"" Hypothesis testing (B)/"", /""files/"": [/""grinnell_11205_MODS.xml/"", /""grinnell_11205_RELS-EXT.rdf/""]}, {/""pid/"": /""grinnell:11206/"", /""title/"": /"" Modeling Systems/"", /""files/"": [/""grinnell_11206_MODS.xml/"", /""grinnell_11206_RELS-EXT.rdf/""]}, {/""pid/"": /""grinnell:11207/"", /""title/"": /"" Writing and Reading Papers/"", /""files/"": [/""grinnell_11207_MODS.xml/"", /""grinnell_11207_RELS-EXT.rdf/""]}, {/""pid/"": /""grinnell:11208/"", /""title/"": /""Schedule Spring 2009/"", /""files/"": [/""grinnell_11208_MODS.xml/"", /""grinnell_11208_RELS-EXT.rdf/""]}, {/""pid/"": /""grinnell:11213/"", /""title/"": /""ZIP Archive/"", /""files/"": [/""grinnell_11213_MODS.xml/"", /""grinnell_11213_RELS-EXT.rdf/""]}], /""paren/"": {/""pid/"": /""grinnell:10002/"", /""title/"": /""Research Methods for Empirical Computer Science/"", /""files/"": [/""grinnell_10002_MODS.xml/"", /""grinnell_10002_RELS-EXT.rdf/""]}}"
,,991011506418904641,991011506418904641,parent: grinnell:10002,Research Methods for Empirical Computer Science,,,grinnell:10002; grinnell:10002; http://hdl.handle.net/11084/10002; alma:01GCL_INST/bibs/991011506418904641,http://hdl.handle.net/11084/10002,Research Methods for Empirical Computer Science (compound); Course Intro (essays); Doing Computer Science as Science (essays); Selecting Research Projects (essays); The Varieties of Scientific Experience (essays); Why Science is Hard (essays); Causality and Abduction (essays); Hypotheses and Falsifiability (essays); Strong Inference (Laboratory) (essays); Exploratory Data Analysis (essays); The Agony and Ecstasy of Research (essays); Personal Productivity (essays); Planning and Proposing Research (essays); Tactical Decisionmaking in Research (essays); Tactics of Experimetal Design (1) (essays); Tactics of Experimetal Design (2) (essays); Experimental Design (Lab) (essays); Hypothesis testing (essays); Hypothesis testing (B) (essays); Modeling Systems (essays); Writing and Reading Papers (essays); Schedule Spring 2009 (essays); ZIP Archive (essays),"Jensen, David",,Higher education,,,,,,,,,,,,,,,,Course materials for Research methods for empirical computer science which is designed to teach basic methods for conducting a personal research program for graduate students.,Grinnell College,Grinnell College,2009,2009,2009,,,compound,born digital,,,,,,English,,Curricular Materials,Curricular Materials,Curricular Materials,,,,,"Except where noted, use of this work is governed by the Creative Commons Attribution-NonCommercial-ShareAlike 4.0 license.  See http://creativecommons.org/licenses/by-nc-sa/4.0/ for details.  Copyright to this work is held by the author(s), in accordance with United States copyright law (USC 17). Readers of this work have certain rights as defined by the law, including but not limited to fair use (17 USC 107 et seq.).",,,,,,,,,,,,,,0001  https://docs.google.com/spreadsheets/d/1JzW8TGU8qJlBAlyoMyDS1mkLTGoaLrsCzVtwQo-4JlU/edit?usp=sharing,"{/""worksheet/"": /""https://docs.google.com/spreadsheets/d/1JzW8TGU8qJlBAlyoMyDS1mkLTGoaLrsCzVtwQo-4JlU#gid=1804306342/"", /""directory/"": /""smb://storage/mediadb/DGingest/Migration-to-Alma/exports/curricular-materials/"", /""children/"": [{/""pid/"": /""grinnell:11188/"", /""title/"": /"" Course Intro/"", /""files/"": [/""grinnell_11188_MODS.xml/"", /""grinnell_11188_RELS-EXT.rdf/""]}, {/""pid/"": /""grinnell:11189/"", /""title/"": /"" Doing Computer Science as Science/"", /""files/"": [/""grinnell_11189_MODS.xml/"", /""grinnell_11189_RELS-EXT.rdf/""]}, {/""pid/"": /""grinnell:11190/"", /""title/"": /"" Selecting Research Projects/"", /""files/"": [/""grinnell_11190_MODS.xml/"", /""grinnell_11190_RELS-EXT.rdf/""]}, {/""pid/"": /""grinnell:11191/"", /""title/"": /"" The Varieties of Scientific Experience/"", /""files/"": [/""grinnell_11191_MODS.xml/"", /""grinnell_11191_RELS-EXT.rdf/""]}, {/""pid/"": /""grinnell:11192/"", /""title/"": /""Why Science is Hard/"", /""files/"": [/""grinnell_11192_MODS.xml/"", /""grinnell_11192_RELS-EXT.rdf/""]}, {/""pid/"": /""grinnell:11193/"", /""title/"": /"" Causality and Abduction/"", /""files/"": [/""grinnell_11193_MODS.xml/"", /""grinnell_11193_RELS-EXT.rdf/""]}, {/""pid/"": /""grinnell:11194/"", /""title/"": /"" Hypotheses and Falsifiability/"", /""files/"": [/""grinnell_11194_MODS.xml/"", /""grinnell_11194_RELS-EXT.rdf/""]}, {/""pid/"": /""grinnell:11195/"", /""title/"": /"" Strong Inference (Laboratory)/"", /""files/"": [/""grinnell_11195_MODS.xml/"", /""grinnell_11195_RELS-EXT.rdf/""]}, {/""pid/"": /""grinnell:11196/"", /""title/"": /""Exploratory Data Analysis/"", /""files/"": [/""grinnell_11196_MODS.xml/"", /""grinnell_11196_RELS-EXT.rdf/""]}, {/""pid/"": /""grinnell:11197/"", /""title/"": /"" The Agony and Ecstasy of Research/"", /""files/"": [/""grinnell_11197_MODS.xml/"", /""grinnell_11197_RELS-EXT.rdf/""]}, {/""pid/"": /""grinnell:11198/"", /""title/"": /"" Personal Productivity/"", /""files/"": [/""grinnell_11198_MODS.xml/"", /""grinnell_11198_RELS-EXT.rdf/""]}, {/""pid/"": /""grinnell:11199/"", /""title/"": /"" Planning and Proposing Research/"", /""files/"": [/""grinnell_11199_MODS.xml/"", /""grinnell_11199_RELS-EXT.rdf/""]}, {/""pid/"": /""grinnell:11200/"", /""title/"": /"" Tactical Decisionmaking in Research/"", /""files/"": [/""grinnell_11200_MODS.xml/"", /""grinnell_11200_RELS-EXT.rdf/""]}, {/""pid/"": /""grinnell:11201/"", /""title/"": /"" Tactics of Experimetal Design (1)/"", /""files/"": [/""grinnell_11201_MODS.xml/"", /""grinnell_11201_RELS-EXT.rdf/""]}, {/""pid/"": /""grinnell:11202/"", /""title/"": /"" Tactics of Experimetal Design (2)/"", /""files/"": [/""grinnell_11202_MODS.xml/"", /""grinnell_11202_RELS-EXT.rdf/""]}, {/""pid/"": /""grinnell:11203/"", /""title/"": /"" Experimental Design (Lab)/"", /""files/"": [/""grinnell_11203_MODS.xml/"", /""grinnell_11203_RELS-EXT.rdf/""]}, {/""pid/"": /""grinnell:11204/"", /""title/"": /"" Hypothesis testing/"", /""files/"": [/""grinnell_11204_MODS.xml/"", /""grinnell_11204_RELS-EXT.rdf/""]}, {/""pid/"": /""grinnell:11205/"", /""title/"": /"" Hypothesis testing (B)/"", /""files/"": [/""grinnell_11205_MODS.xml/"", /""grinnell_11205_RELS-EXT.rdf/""]}, {/""pid/"": /""grinnell:11206/"", /""title/"": /"" Modeling Systems/"", /""files/"": [/""grinnell_11206_MODS.xml/"", /""grinnell_11206_RELS-EXT.rdf/""]}, {/""pid/"": /""grinnell:11207/"", /""title/"": /"" Writing and Reading Papers/"", /""files/"": [/""grinnell_11207_MODS.xml/"", /""grinnell_11207_RELS-EXT.rdf/""]}, {/""pid/"": /""grinnell:11208/"", /""title/"": /""Schedule Spring 2009/"", /""files/"": [/""grinnell_11208_MODS.xml/"", /""grinnell_11208_RELS-EXT.rdf/""]}, {/""pid/"": /""grinnell:11213/"", /""title/"": /""ZIP Archive/"", /""files/"": [/""grinnell_11213_MODS.xml/"", /""grinnell_11213_RELS-EXT.rdf/""]}], /""paren/"": {/""pid/"": /""grinnell:10002/"", /""title/"": /""Research Methods for Empirical Computer Science/"", /""files/"": [/""grinnell_10002_MODS.xml/"", /""grinnell_10002_RELS-EXT.rdf/""]}}"
,,991011506418904641,991011506418904641,parent: grinnell:10002,Research Methods for Empirical Computer Science,,,grinnell:10002; grinnell:10002; http://hdl.handle.net/11084/10002; alma:01GCL_INST/bibs/991011506418904641,http://hdl.handle.net/11084/10002,Research Methods for Empirical Computer Science (compound); Course Intro (essays); Doing Computer Science as Science (essays); Selecting Research Projects (essays); The Varieties of Scientific Experience (essays); Why Science is Hard (essays); Causality and Abduction (essays); Hypotheses and Falsifiability (essays); Strong Inference (Laboratory) (essays); Exploratory Data Analysis (essays); The Agony and Ecstasy of Research (essays); Personal Productivity (essays); Planning and Proposing Research (essays); Tactical Decisionmaking in Research (essays); Tactics of Experimetal Design (1) (essays); Tactics of Experimetal Design (2) (essays); Experimental Design (Lab) (essays); Hypothesis testing (essays); Hypothesis testing (B) (essays); Modeling Systems (essays); Writing and Reading Papers (essays); Schedule Spring 2009 (essays); ZIP Archive (essays),"Jensen, David",,Higher education,,,,,,,,,,,,,,,,Course materials for Research methods for empirical computer science which is designed to teach basic methods for conducting a personal research program for graduate students.,Grinnell College,Grinnell College,2009,2009,2009,,,compound,born digital,,,,,,English,,Curricular Materials,Curricular Materials,Curricular Materials,,,,,"Except where noted, use of this work is governed by the Creative Commons Attribution-NonCommercial-ShareAlike 4.0 license.  See http://creativecommons.org/licenses/by-nc-sa/4.0/ for details.  Copyright to this work is held by the author(s), in accordance with United States copyright law (USC 17). Readers of this work have certain rights as defined by the law, including but not limited to fair use (17 USC 107 et seq.).",,,,,,,,,,,,,,0001  https://docs.google.com/spreadsheets/d/1JzW8TGU8qJlBAlyoMyDS1mkLTGoaLrsCzVtwQo-4JlU/edit?usp=sharing,"{/""worksheet/"": /""https://docs.google.com/spreadsheets/d/1JzW8TGU8qJlBAlyoMyDS1mkLTGoaLrsCzVtwQo-4JlU#gid=1804306342/"", /""directory/"": /""smb://storage/mediadb/DGingest/Migration-to-Alma/exports/curricular-materials/"", /""children/"": [{/""pid/"": /""grinnell:11188/"", /""title/"": /"" Course Intro/"", /""files/"": [/""grinnell_11188_MODS.xml/"", /""grinnell_11188_RELS-EXT.rdf/""]}, {/""pid/"": /""grinnell:11189/"", /""title/"": /"" Doing Computer Science as Science/"", /""files/"": [/""grinnell_11189_MODS.xml/"", /""grinnell_11189_RELS-EXT.rdf/""]}, {/""pid/"": /""grinnell:11190/"", /""title/"": /"" Selecting Research Projects/"", /""files/"": [/""grinnell_11190_MODS.xml/"", /""grinnell_11190_RELS-EXT.rdf/""]}, {/""pid/"": /""grinnell:11191/"", /""title/"": /"" The Varieties of Scientific Experience/"", /""files/"": [/""grinnell_11191_MODS.xml/"", /""grinnell_11191_RELS-EXT.rdf/""]}, {/""pid/"": /""grinnell:11192/"", /""title/"": /""Why Science is Hard/"", /""files/"": [/""grinnell_11192_MODS.xml/"", /""grinnell_11192_RELS-EXT.rdf/""]}, {/""pid/"": /""grinnell:11193/"", /""title/"": /"" Causality and Abduction/"", /""files/"": [/""grinnell_11193_MODS.xml/"", /""grinnell_11193_RELS-EXT.rdf/""]}, {/""pid/"": /""grinnell:11194/"", /""title/"": /"" Hypotheses and Falsifiability/"", /""files/"": [/""grinnell_11194_MODS.xml/"", /""grinnell_11194_RELS-EXT.rdf/""]}, {/""pid/"": /""grinnell:11195/"", /""title/"": /"" Strong Inference (Laboratory)/"", /""files/"": [/""grinnell_11195_MODS.xml/"", /""grinnell_11195_RELS-EXT.rdf/""]}, {/""pid/"": /""grinnell:11196/"", /""title/"": /""Exploratory Data Analysis/"", /""files/"": [/""grinnell_11196_MODS.xml/"", /""grinnell_11196_RELS-EXT.rdf/""]}, {/""pid/"": /""grinnell:11197/"", /""title/"": /"" The Agony and Ecstasy of Research/"", /""files/"": [/""grinnell_11197_MODS.xml/"", /""grinnell_11197_RELS-EXT.rdf/""]}, {/""pid/"": /""grinnell:11198/"", /""title/"": /"" Personal Productivity/"", /""files/"": [/""grinnell_11198_MODS.xml/"", /""grinnell_11198_RELS-EXT.rdf/""]}, {/""pid/"": /""grinnell:11199/"", /""title/"": /"" Planning and Proposing Research/"", /""files/"": [/""grinnell_11199_MODS.xml/"", /""grinnell_11199_RELS-EXT.rdf/""]}, {/""pid/"": /""grinnell:11200/"", /""title/"": /"" Tactical Decisionmaking in Research/"", /""files/"": [/""grinnell_11200_MODS.xml/"", /""grinnell_11200_RELS-EXT.rdf/""]}, {/""pid/"": /""grinnell:11201/"", /""title/"": /"" Tactics of Experimetal Design (1)/"", /""files/"": [/""grinnell_11201_MODS.xml/"", /""grinnell_11201_RELS-EXT.rdf/""]}, {/""pid/"": /""grinnell:11202/"", /""title/"": /"" Tactics of Experimetal Design (2)/"", /""files/"": [/""grinnell_11202_MODS.xml/"", /""grinnell_11202_RELS-EXT.rdf/""]}, {/""pid/"": /""grinnell:11203/"", /""title/"": /"" Experimental Design (Lab)/"", /""files/"": [/""grinnell_11203_MODS.xml/"", /""grinnell_11203_RELS-EXT.rdf/""]}, {/""pid/"": /""grinnell:11204/"", /""title/"": /"" Hypothesis testing/"", /""files/"": [/""grinnell_11204_MODS.xml/"", /""grinnell_11204_RELS-EXT.rdf/""]}, {/""pid/"": /""grinnell:11205/"", /""title/"": /"" Hypothesis testing (B)/"", /""files/"": [/""grinnell_11205_MODS.xml/"", /""grinnell_11205_RELS-EXT.rdf/""]}, {/""pid/"": /""grinnell:11206/"", /""title/"": /"" Modeling Systems/"", /""files/"": [/""grinnell_11206_MODS.xml/"", /""grinnell_11206_RELS-EXT.rdf/""]}, {/""pid/"": /""grinnell:11207/"", /""title/"": /"" Writing and Reading Papers/"", /""files/"": [/""grinnell_11207_MODS.xml/"", /""grinnell_11207_RELS-EXT.rdf/""]}, {/""pid/"": /""grinnell:11208/"", /""title/"": /""Schedule Spring 2009/"", /""files/"": [/""grinnell_11208_MODS.xml/"", /""grinnell_11208_RELS-EXT.rdf/""]}, {/""pid/"": /""grinnell:11213/"", /""title/"": /""ZIP Archive/"", /""files/"": [/""grinnell_11213_MODS.xml/"", /""grinnell_11213_RELS-EXT.rdf/""]}], /""paren/"": {/""pid/"": /""grinnell:10002/"", /""title/"": /""Research Methods for Empirical Computer Science/"", /""files/"": [/""grinnell_10002_MODS.xml/"", /""grinnell_10002_RELS-EXT.rdf/""]}}"
,,991011506418904641,991011506418904641,parent: grinnell:10002,Research Methods for Empirical Computer Science,,,grinnell:10002; grinnell:10002; http://hdl.handle.net/11084/10002; alma:01GCL_INST/bibs/991011506418904641,http://hdl.handle.net/11084/10002,Research Methods for Empirical Computer Science (compound); Course Intro (essays); Doing Computer Science as Science (essays); Selecting Research Projects (essays); The Varieties of Scientific Experience (essays); Why Science is Hard (essays); Causality and Abduction (essays); Hypotheses and Falsifiability (essays); Strong Inference (Laboratory) (essays); Exploratory Data Analysis (essays); The Agony and Ecstasy of Research (essays); Personal Productivity (essays); Planning and Proposing Research (essays); Tactical Decisionmaking in Research (essays); Tactics of Experimetal Design (1) (essays); Tactics of Experimetal Design (2) (essays); Experimental Design (Lab) (essays); Hypothesis testing (essays); Hypothesis testing (B) (essays); Modeling Systems (essays); Writing and Reading Papers (essays); Schedule Spring 2009 (essays); ZIP Archive (essays),"Jensen, David",,Higher education,,,,,,,,,,,,,,,,Course materials for Research methods for empirical computer science which is designed to teach basic methods for conducting a personal research program for graduate students.,Grinnell College,Grinnell College,2009,2009,2009,,,compound,born digital,,,,,,English,,Curricular Materials,Curricular Materials,Curricular Materials,,,,,"Except where noted, use of this work is governed by the Creative Commons Attribution-NonCommercial-ShareAlike 4.0 license.  See http://creativecommons.org/licenses/by-nc-sa/4.0/ for details.  Copyright to this work is held by the author(s), in accordance with United States copyright law (USC 17). Readers of this work have certain rights as defined by the law, including but not limited to fair use (17 USC 107 et seq.).",,,,,,,,,,,,,,0001  https://docs.google.com/spreadsheets/d/1JzW8TGU8qJlBAlyoMyDS1mkLTGoaLrsCzVtwQo-4JlU/edit?usp=sharing,"{/""worksheet/"": /""https://docs.google.com/spreadsheets/d/1JzW8TGU8qJlBAlyoMyDS1mkLTGoaLrsCzVtwQo-4JlU#gid=1804306342/"", /""directory/"": /""smb://storage/mediadb/DGingest/Migration-to-Alma/exports/curricular-materials/"", /""children/"": [{/""pid/"": /""grinnell:11188/"", /""title/"": /"" Course Intro/"", /""files/"": [/""grinnell_11188_MODS.xml/"", /""grinnell_11188_RELS-EXT.rdf/""]}, {/""pid/"": /""grinnell:11189/"", /""title/"": /"" Doing Computer Science as Science/"", /""files/"": [/""grinnell_11189_MODS.xml/"", /""grinnell_11189_RELS-EXT.rdf/""]}, {/""pid/"": /""grinnell:11190/"", /""title/"": /"" Selecting Research Projects/"", /""files/"": [/""grinnell_11190_MODS.xml/"", /""grinnell_11190_RELS-EXT.rdf/""]}, {/""pid/"": /""grinnell:11191/"", /""title/"": /"" The Varieties of Scientific Experience/"", /""files/"": [/""grinnell_11191_MODS.xml/"", /""grinnell_11191_RELS-EXT.rdf/""]}, {/""pid/"": /""grinnell:11192/"", /""title/"": /""Why Science is Hard/"", /""files/"": [/""grinnell_11192_MODS.xml/"", /""grinnell_11192_RELS-EXT.rdf/""]}, {/""pid/"": /""grinnell:11193/"", /""title/"": /"" Causality and Abduction/"", /""files/"": [/""grinnell_11193_MODS.xml/"", /""grinnell_11193_RELS-EXT.rdf/""]}, {/""pid/"": /""grinnell:11194/"", /""title/"": /"" Hypotheses and Falsifiability/"", /""files/"": [/""grinnell_11194_MODS.xml/"", /""grinnell_11194_RELS-EXT.rdf/""]}, {/""pid/"": /""grinnell:11195/"", /""title/"": /"" Strong Inference (Laboratory)/"", /""files/"": [/""grinnell_11195_MODS.xml/"", /""grinnell_11195_RELS-EXT.rdf/""]}, {/""pid/"": /""grinnell:11196/"", /""title/"": /""Exploratory Data Analysis/"", /""files/"": [/""grinnell_11196_MODS.xml/"", /""grinnell_11196_RELS-EXT.rdf/""]}, {/""pid/"": /""grinnell:11197/"", /""title/"": /"" The Agony and Ecstasy of Research/"", /""files/"": [/""grinnell_11197_MODS.xml/"", /""grinnell_11197_RELS-EXT.rdf/""]}, {/""pid/"": /""grinnell:11198/"", /""title/"": /"" Personal Productivity/"", /""files/"": [/""grinnell_11198_MODS.xml/"", /""grinnell_11198_RELS-EXT.rdf/""]}, {/""pid/"": /""grinnell:11199/"", /""title/"": /"" Planning and Proposing Research/"", /""files/"": [/""grinnell_11199_MODS.xml/"", /""grinnell_11199_RELS-EXT.rdf/""]}, {/""pid/"": /""grinnell:11200/"", /""title/"": /"" Tactical Decisionmaking in Research/"", /""files/"": [/""grinnell_11200_MODS.xml/"", /""grinnell_11200_RELS-EXT.rdf/""]}, {/""pid/"": /""grinnell:11201/"", /""title/"": /"" Tactics of Experimetal Design (1)/"", /""files/"": [/""grinnell_11201_MODS.xml/"", /""grinnell_11201_RELS-EXT.rdf/""]}, {/""pid/"": /""grinnell:11202/"", /""title/"": /"" Tactics of Experimetal Design (2)/"", /""files/"": [/""grinnell_11202_MODS.xml/"", /""grinnell_11202_RELS-EXT.rdf/""]}, {/""pid/"": /""grinnell:11203/"", /""title/"": /"" Experimental Design (Lab)/"", /""files/"": [/""grinnell_11203_MODS.xml/"", /""grinnell_11203_RELS-EXT.rdf/""]}, {/""pid/"": /""grinnell:11204/"", /""title/"": /"" Hypothesis testing/"", /""files/"": [/""grinnell_11204_MODS.xml/"", /""grinnell_11204_RELS-EXT.rdf/""]}, {/""pid/"": /""grinnell:11205/"", /""title/"": /"" Hypothesis testing (B)/"", /""files/"": [/""grinnell_11205_MODS.xml/"", /""grinnell_11205_RELS-EXT.rdf/""]}, {/""pid/"": /""grinnell:11206/"", /""title/"": /"" Modeling Systems/"", /""files/"": [/""grinnell_11206_MODS.xml/"", /""grinnell_11206_RELS-EXT.rdf/""]}, {/""pid/"": /""grinnell:11207/"", /""title/"": /"" Writing and Reading Papers/"", /""files/"": [/""grinnell_11207_MODS.xml/"", /""grinnell_11207_RELS-EXT.rdf/""]}, {/""pid/"": /""grinnell:11208/"", /""title/"": /""Schedule Spring 2009/"", /""files/"": [/""grinnell_11208_MODS.xml/"", /""grinnell_11208_RELS-EXT.rdf/""]}, {/""pid/"": /""grinnell:11213/"", /""title/"": /""ZIP Archive/"", /""files/"": [/""grinnell_11213_MODS.xml/"", /""grinnell_11213_RELS-EXT.rdf/""]}], /""paren/"": {/""pid/"": /""grinnell:10002/"", /""title/"": /""Research Methods for Empirical Computer Science/"", /""files/"": [/""grinnell_10002_MODS.xml/"", /""grinnell_10002_RELS-EXT.rdf/""]}}"
,,991011506418904641,991011506418904641,parent: grinnell:10002,Research Methods for Empirical Computer Science,,,grinnell:10002; grinnell:10002; http://hdl.handle.net/11084/10002; alma:01GCL_INST/bibs/991011506418904641,http://hdl.handle.net/11084/10002,Research Methods for Empirical Computer Science (compound); Course Intro (essays); Doing Computer Science as Science (essays); Selecting Research Projects (essays); The Varieties of Scientific Experience (essays); Why Science is Hard (essays); Causality and Abduction (essays); Hypotheses and Falsifiability (essays); Strong Inference (Laboratory) (essays); Exploratory Data Analysis (essays); The Agony and Ecstasy of Research (essays); Personal Productivity (essays); Planning and Proposing Research (essays); Tactical Decisionmaking in Research (essays); Tactics of Experimetal Design (1) (essays); Tactics of Experimetal Design (2) (essays); Experimental Design (Lab) (essays); Hypothesis testing (essays); Hypothesis testing (B) (essays); Modeling Systems (essays); Writing and Reading Papers (essays); Schedule Spring 2009 (essays); ZIP Archive (essays),"Jensen, David",,Higher education,,,,,,,,,,,,,,,,Course materials for Research methods for empirical computer science which is designed to teach basic methods for conducting a personal research program for graduate students.,Grinnell College,Grinnell College,2009,2009,2009,,,compound,born digital,,,,,,English,,Curricular Materials,Curricular Materials,Curricular Materials,,,,,"Except where noted, use of this work is governed by the Creative Commons Attribution-NonCommercial-ShareAlike 4.0 license.  See http://creativecommons.org/licenses/by-nc-sa/4.0/ for details.  Copyright to this work is held by the author(s), in accordance with United States copyright law (USC 17). Readers of this work have certain rights as defined by the law, including but not limited to fair use (17 USC 107 et seq.).",,,,,,,,,,,,,,0001  https://docs.google.com/spreadsheets/d/1JzW8TGU8qJlBAlyoMyDS1mkLTGoaLrsCzVtwQo-4JlU/edit?usp=sharing,"{/""worksheet/"": /""https://docs.google.com/spreadsheets/d/1JzW8TGU8qJlBAlyoMyDS1mkLTGoaLrsCzVtwQo-4JlU#gid=1804306342/"", /""directory/"": /""smb://storage/mediadb/DGingest/Migration-to-Alma/exports/curricular-materials/"", /""children/"": [{/""pid/"": /""grinnell:11188/"", /""title/"": /"" Course Intro/"", /""files/"": [/""grinnell_11188_MODS.xml/"", /""grinnell_11188_RELS-EXT.rdf/""]}, {/""pid/"": /""grinnell:11189/"", /""title/"": /"" Doing Computer Science as Science/"", /""files/"": [/""grinnell_11189_MODS.xml/"", /""grinnell_11189_RELS-EXT.rdf/""]}, {/""pid/"": /""grinnell:11190/"", /""title/"": /"" Selecting Research Projects/"", /""files/"": [/""grinnell_11190_MODS.xml/"", /""grinnell_11190_RELS-EXT.rdf/""]}, {/""pid/"": /""grinnell:11191/"", /""title/"": /"" The Varieties of Scientific Experience/"", /""files/"": [/""grinnell_11191_MODS.xml/"", /""grinnell_11191_RELS-EXT.rdf/""]}, {/""pid/"": /""grinnell:11192/"", /""title/"": /""Why Science is Hard/"", /""files/"": [/""grinnell_11192_MODS.xml/"", /""grinnell_11192_RELS-EXT.rdf/""]}, {/""pid/"": /""grinnell:11193/"", /""title/"": /"" Causality and Abduction/"", /""files/"": [/""grinnell_11193_MODS.xml/"", /""grinnell_11193_RELS-EXT.rdf/""]}, {/""pid/"": /""grinnell:11194/"", /""title/"": /"" Hypotheses and Falsifiability/"", /""files/"": [/""grinnell_11194_MODS.xml/"", /""grinnell_11194_RELS-EXT.rdf/""]}, {/""pid/"": /""grinnell:11195/"", /""title/"": /"" Strong Inference (Laboratory)/"", /""files/"": [/""grinnell_11195_MODS.xml/"", /""grinnell_11195_RELS-EXT.rdf/""]}, {/""pid/"": /""grinnell:11196/"", /""title/"": /""Exploratory Data Analysis/"", /""files/"": [/""grinnell_11196_MODS.xml/"", /""grinnell_11196_RELS-EXT.rdf/""]}, {/""pid/"": /""grinnell:11197/"", /""title/"": /"" The Agony and Ecstasy of Research/"", /""files/"": [/""grinnell_11197_MODS.xml/"", /""grinnell_11197_RELS-EXT.rdf/""]}, {/""pid/"": /""grinnell:11198/"", /""title/"": /"" Personal Productivity/"", /""files/"": [/""grinnell_11198_MODS.xml/"", /""grinnell_11198_RELS-EXT.rdf/""]}, {/""pid/"": /""grinnell:11199/"", /""title/"": /"" Planning and Proposing Research/"", /""files/"": [/""grinnell_11199_MODS.xml/"", /""grinnell_11199_RELS-EXT.rdf/""]}, {/""pid/"": /""grinnell:11200/"", /""title/"": /"" Tactical Decisionmaking in Research/"", /""files/"": [/""grinnell_11200_MODS.xml/"", /""grinnell_11200_RELS-EXT.rdf/""]}, {/""pid/"": /""grinnell:11201/"", /""title/"": /"" Tactics of Experimetal Design (1)/"", /""files/"": [/""grinnell_11201_MODS.xml/"", /""grinnell_11201_RELS-EXT.rdf/""]}, {/""pid/"": /""grinnell:11202/"", /""title/"": /"" Tactics of Experimetal Design (2)/"", /""files/"": [/""grinnell_11202_MODS.xml/"", /""grinnell_11202_RELS-EXT.rdf/""]}, {/""pid/"": /""grinnell:11203/"", /""title/"": /"" Experimental Design (Lab)/"", /""files/"": [/""grinnell_11203_MODS.xml/"", /""grinnell_11203_RELS-EXT.rdf/""]}, {/""pid/"": /""grinnell:11204/"", /""title/"": /"" Hypothesis testing/"", /""files/"": [/""grinnell_11204_MODS.xml/"", /""grinnell_11204_RELS-EXT.rdf/""]}, {/""pid/"": /""grinnell:11205/"", /""title/"": /"" Hypothesis testing (B)/"", /""files/"": [/""grinnell_11205_MODS.xml/"", /""grinnell_11205_RELS-EXT.rdf/""]}, {/""pid/"": /""grinnell:11206/"", /""title/"": /"" Modeling Systems/"", /""files/"": [/""grinnell_11206_MODS.xml/"", /""grinnell_11206_RELS-EXT.rdf/""]}, {/""pid/"": /""grinnell:11207/"", /""title/"": /"" Writing and Reading Papers/"", /""files/"": [/""grinnell_11207_MODS.xml/"", /""grinnell_11207_RELS-EXT.rdf/""]}, {/""pid/"": /""grinnell:11208/"", /""title/"": /""Schedule Spring 2009/"", /""files/"": [/""grinnell_11208_MODS.xml/"", /""grinnell_11208_RELS-EXT.rdf/""]}, {/""pid/"": /""grinnell:11213/"", /""title/"": /""ZIP Archive/"", /""files/"": [/""grinnell_11213_MODS.xml/"", /""grinnell_11213_RELS-EXT.rdf/""]}], /""paren/"": {/""pid/"": /""grinnell:10002/"", /""title/"": /""Research Methods for Empirical Computer Science/"", /""files/"": [/""grinnell_10002_MODS.xml/"", /""grinnell_10002_RELS-EXT.rdf/""]}}"
,,991011506418904641,991011506418904641,parent: grinnell:10002,Research Methods for Empirical Computer Science,,,grinnell:10002; grinnell:10002; http://hdl.handle.net/11084/10002; alma:01GCL_INST/bibs/991011506418904641,http://hdl.handle.net/11084/10002,Research Methods for Empirical Computer Science (compound); Course Intro (essays); Doing Computer Science as Science (essays); Selecting Research Projects (essays); The Varieties of Scientific Experience (essays); Why Science is Hard (essays); Causality and Abduction (essays); Hypotheses and Falsifiability (essays); Strong Inference (Laboratory) (essays); Exploratory Data Analysis (essays); The Agony and Ecstasy of Research (essays); Personal Productivity (essays); Planning and Proposing Research (essays); Tactical Decisionmaking in Research (essays); Tactics of Experimetal Design (1) (essays); Tactics of Experimetal Design (2) (essays); Experimental Design (Lab) (essays); Hypothesis testing (essays); Hypothesis testing (B) (essays); Modeling Systems (essays); Writing and Reading Papers (essays); Schedule Spring 2009 (essays); ZIP Archive (essays),"Jensen, David",,Higher education,,,,,,,,,,,,,,,,Course materials for Research methods for empirical computer science which is designed to teach basic methods for conducting a personal research program for graduate students.,Grinnell College,Grinnell College,2009,2009,2009,,,compound,born digital,,,,,,English,,Curricular Materials,Curricular Materials,Curricular Materials,,,,,"Except where noted, use of this work is governed by the Creative Commons Attribution-NonCommercial-ShareAlike 4.0 license.  See http://creativecommons.org/licenses/by-nc-sa/4.0/ for details.  Copyright to this work is held by the author(s), in accordance with United States copyright law (USC 17). Readers of this work have certain rights as defined by the law, including but not limited to fair use (17 USC 107 et seq.).",,,,,,,,,,,,,,0001  https://docs.google.com/spreadsheets/d/1JzW8TGU8qJlBAlyoMyDS1mkLTGoaLrsCzVtwQo-4JlU/edit?usp=sharing,"{/""worksheet/"": /""https://docs.google.com/spreadsheets/d/1JzW8TGU8qJlBAlyoMyDS1mkLTGoaLrsCzVtwQo-4JlU#gid=1804306342/"", /""directory/"": /""smb://storage/mediadb/DGingest/Migration-to-Alma/exports/curricular-materials/"", /""children/"": [{/""pid/"": /""grinnell:11188/"", /""title/"": /"" Course Intro/"", /""files/"": [/""grinnell_11188_MODS.xml/"", /""grinnell_11188_RELS-EXT.rdf/""]}, {/""pid/"": /""grinnell:11189/"", /""title/"": /"" Doing Computer Science as Science/"", /""files/"": [/""grinnell_11189_MODS.xml/"", /""grinnell_11189_RELS-EXT.rdf/""]}, {/""pid/"": /""grinnell:11190/"", /""title/"": /"" Selecting Research Projects/"", /""files/"": [/""grinnell_11190_MODS.xml/"", /""grinnell_11190_RELS-EXT.rdf/""]}, {/""pid/"": /""grinnell:11191/"", /""title/"": /"" The Varieties of Scientific Experience/"", /""files/"": [/""grinnell_11191_MODS.xml/"", /""grinnell_11191_RELS-EXT.rdf/""]}, {/""pid/"": /""grinnell:11192/"", /""title/"": /""Why Science is Hard/"", /""files/"": [/""grinnell_11192_MODS.xml/"", /""grinnell_11192_RELS-EXT.rdf/""]}, {/""pid/"": /""grinnell:11193/"", /""title/"": /"" Causality and Abduction/"", /""files/"": [/""grinnell_11193_MODS.xml/"", /""grinnell_11193_RELS-EXT.rdf/""]}, {/""pid/"": /""grinnell:11194/"", /""title/"": /"" Hypotheses and Falsifiability/"", /""files/"": [/""grinnell_11194_MODS.xml/"", /""grinnell_11194_RELS-EXT.rdf/""]}, {/""pid/"": /""grinnell:11195/"", /""title/"": /"" Strong Inference (Laboratory)/"", /""files/"": [/""grinnell_11195_MODS.xml/"", /""grinnell_11195_RELS-EXT.rdf/""]}, {/""pid/"": /""grinnell:11196/"", /""title/"": /""Exploratory Data Analysis/"", /""files/"": [/""grinnell_11196_MODS.xml/"", /""grinnell_11196_RELS-EXT.rdf/""]}, {/""pid/"": /""grinnell:11197/"", /""title/"": /"" The Agony and Ecstasy of Research/"", /""files/"": [/""grinnell_11197_MODS.xml/"", /""grinnell_11197_RELS-EXT.rdf/""]}, {/""pid/"": /""grinnell:11198/"", /""title/"": /"" Personal Productivity/"", /""files/"": [/""grinnell_11198_MODS.xml/"", /""grinnell_11198_RELS-EXT.rdf/""]}, {/""pid/"": /""grinnell:11199/"", /""title/"": /"" Planning and Proposing Research/"", /""files/"": [/""grinnell_11199_MODS.xml/"", /""grinnell_11199_RELS-EXT.rdf/""]}, {/""pid/"": /""grinnell:11200/"", /""title/"": /"" Tactical Decisionmaking in Research/"", /""files/"": [/""grinnell_11200_MODS.xml/"", /""grinnell_11200_RELS-EXT.rdf/""]}, {/""pid/"": /""grinnell:11201/"", /""title/"": /"" Tactics of Experimetal Design (1)/"", /""files/"": [/""grinnell_11201_MODS.xml/"", /""grinnell_11201_RELS-EXT.rdf/""]}, {/""pid/"": /""grinnell:11202/"", /""title/"": /"" Tactics of Experimetal Design (2)/"", /""files/"": [/""grinnell_11202_MODS.xml/"", /""grinnell_11202_RELS-EXT.rdf/""]}, {/""pid/"": /""grinnell:11203/"", /""title/"": /"" Experimental Design (Lab)/"", /""files/"": [/""grinnell_11203_MODS.xml/"", /""grinnell_11203_RELS-EXT.rdf/""]}, {/""pid/"": /""grinnell:11204/"", /""title/"": /"" Hypothesis testing/"", /""files/"": [/""grinnell_11204_MODS.xml/"", /""grinnell_11204_RELS-EXT.rdf/""]}, {/""pid/"": /""grinnell:11205/"", /""title/"": /"" Hypothesis testing (B)/"", /""files/"": [/""grinnell_11205_MODS.xml/"", /""grinnell_11205_RELS-EXT.rdf/""]}, {/""pid/"": /""grinnell:11206/"", /""title/"": /"" Modeling Systems/"", /""files/"": [/""grinnell_11206_MODS.xml/"", /""grinnell_11206_RELS-EXT.rdf/""]}, {/""pid/"": /""grinnell:11207/"", /""title/"": /"" Writing and Reading Papers/"", /""files/"": [/""grinnell_11207_MODS.xml/"", /""grinnell_11207_RELS-EXT.rdf/""]}, {/""pid/"": /""grinnell:11208/"", /""title/"": /""Schedule Spring 2009/"", /""files/"": [/""grinnell_11208_MODS.xml/"", /""grinnell_11208_RELS-EXT.rdf/""]}, {/""pid/"": /""grinnell:11213/"", /""title/"": /""ZIP Archive/"", /""files/"": [/""grinnell_11213_MODS.xml/"", /""grinnell_11213_RELS-EXT.rdf/""]}], /""paren/"": {/""pid/"": /""grinnell:10002/"", /""title/"": /""Research Methods for Empirical Computer Science/"", /""files/"": [/""grinnell_10002_MODS.xml/"", /""grinnell_10002_RELS-EXT.rdf/""]}}"
,,991011506418904641,991011506418904641,parent: grinnell:10002,Research Methods for Empirical Computer Science,,,grinnell:10002; grinnell:10002; http://hdl.handle.net/11084/10002; alma:01GCL_INST/bibs/991011506418904641,http://hdl.handle.net/11084/10002,Research Methods for Empirical Computer Science (compound); Course Intro (essays); Doing Computer Science as Science (essays); Selecting Research Projects (essays); The Varieties of Scientific Experience (essays); Why Science is Hard (essays); Causality and Abduction (essays); Hypotheses and Falsifiability (essays); Strong Inference (Laboratory) (essays); Exploratory Data Analysis (essays); The Agony and Ecstasy of Research (essays); Personal Productivity (essays); Planning and Proposing Research (essays); Tactical Decisionmaking in Research (essays); Tactics of Experimetal Design (1) (essays); Tactics of Experimetal Design (2) (essays); Experimental Design (Lab) (essays); Hypothesis testing (essays); Hypothesis testing (B) (essays); Modeling Systems (essays); Writing and Reading Papers (essays); Schedule Spring 2009 (essays); ZIP Archive (essays),"Jensen, David",,Higher education,,,,,,,,,,,,,,,,Course materials for Research methods for empirical computer science which is designed to teach basic methods for conducting a personal research program for graduate students.,Grinnell College,Grinnell College,2009,2009,2009,,,compound,born digital,,,,,,English,,Curricular Materials,Curricular Materials,Curricular Materials,,,,,"Except where noted, use of this work is governed by the Creative Commons Attribution-NonCommercial-ShareAlike 4.0 license.  See http://creativecommons.org/licenses/by-nc-sa/4.0/ for details.  Copyright to this work is held by the author(s), in accordance with United States copyright law (USC 17). Readers of this work have certain rights as defined by the law, including but not limited to fair use (17 USC 107 et seq.).",,,,,,,,,,,,,,0001  https://docs.google.com/spreadsheets/d/1JzW8TGU8qJlBAlyoMyDS1mkLTGoaLrsCzVtwQo-4JlU/edit?usp=sharing,"{/""worksheet/"": /""https://docs.google.com/spreadsheets/d/1JzW8TGU8qJlBAlyoMyDS1mkLTGoaLrsCzVtwQo-4JlU#gid=1804306342/"", /""directory/"": /""smb://storage/mediadb/DGingest/Migration-to-Alma/exports/curricular-materials/"", /""children/"": [{/""pid/"": /""grinnell:11188/"", /""title/"": /"" Course Intro/"", /""files/"": [/""grinnell_11188_MODS.xml/"", /""grinnell_11188_RELS-EXT.rdf/""]}, {/""pid/"": /""grinnell:11189/"", /""title/"": /"" Doing Computer Science as Science/"", /""files/"": [/""grinnell_11189_MODS.xml/"", /""grinnell_11189_RELS-EXT.rdf/""]}, {/""pid/"": /""grinnell:11190/"", /""title/"": /"" Selecting Research Projects/"", /""files/"": [/""grinnell_11190_MODS.xml/"", /""grinnell_11190_RELS-EXT.rdf/""]}, {/""pid/"": /""grinnell:11191/"", /""title/"": /"" The Varieties of Scientific Experience/"", /""files/"": [/""grinnell_11191_MODS.xml/"", /""grinnell_11191_RELS-EXT.rdf/""]}, {/""pid/"": /""grinnell:11192/"", /""title/"": /""Why Science is Hard/"", /""files/"": [/""grinnell_11192_MODS.xml/"", /""grinnell_11192_RELS-EXT.rdf/""]}, {/""pid/"": /""grinnell:11193/"", /""title/"": /"" Causality and Abduction/"", /""files/"": [/""grinnell_11193_MODS.xml/"", /""grinnell_11193_RELS-EXT.rdf/""]}, {/""pid/"": /""grinnell:11194/"", /""title/"": /"" Hypotheses and Falsifiability/"", /""files/"": [/""grinnell_11194_MODS.xml/"", /""grinnell_11194_RELS-EXT.rdf/""]}, {/""pid/"": /""grinnell:11195/"", /""title/"": /"" Strong Inference (Laboratory)/"", /""files/"": [/""grinnell_11195_MODS.xml/"", /""grinnell_11195_RELS-EXT.rdf/""]}, {/""pid/"": /""grinnell:11196/"", /""title/"": /""Exploratory Data Analysis/"", /""files/"": [/""grinnell_11196_MODS.xml/"", /""grinnell_11196_RELS-EXT.rdf/""]}, {/""pid/"": /""grinnell:11197/"", /""title/"": /"" The Agony and Ecstasy of Research/"", /""files/"": [/""grinnell_11197_MODS.xml/"", /""grinnell_11197_RELS-EXT.rdf/""]}, {/""pid/"": /""grinnell:11198/"", /""title/"": /"" Personal Productivity/"", /""files/"": [/""grinnell_11198_MODS.xml/"", /""grinnell_11198_RELS-EXT.rdf/""]}, {/""pid/"": /""grinnell:11199/"", /""title/"": /"" Planning and Proposing Research/"", /""files/"": [/""grinnell_11199_MODS.xml/"", /""grinnell_11199_RELS-EXT.rdf/""]}, {/""pid/"": /""grinnell:11200/"", /""title/"": /"" Tactical Decisionmaking in Research/"", /""files/"": [/""grinnell_11200_MODS.xml/"", /""grinnell_11200_RELS-EXT.rdf/""]}, {/""pid/"": /""grinnell:11201/"", /""title/"": /"" Tactics of Experimetal Design (1)/"", /""files/"": [/""grinnell_11201_MODS.xml/"", /""grinnell_11201_RELS-EXT.rdf/""]}, {/""pid/"": /""grinnell:11202/"", /""title/"": /"" Tactics of Experimetal Design (2)/"", /""files/"": [/""grinnell_11202_MODS.xml/"", /""grinnell_11202_RELS-EXT.rdf/""]}, {/""pid/"": /""grinnell:11203/"", /""title/"": /"" Experimental Design (Lab)/"", /""files/"": [/""grinnell_11203_MODS.xml/"", /""grinnell_11203_RELS-EXT.rdf/""]}, {/""pid/"": /""grinnell:11204/"", /""title/"": /"" Hypothesis testing/"", /""files/"": [/""grinnell_11204_MODS.xml/"", /""grinnell_11204_RELS-EXT.rdf/""]}, {/""pid/"": /""grinnell:11205/"", /""title/"": /"" Hypothesis testing (B)/"", /""files/"": [/""grinnell_11205_MODS.xml/"", /""grinnell_11205_RELS-EXT.rdf/""]}, {/""pid/"": /""grinnell:11206/"", /""title/"": /"" Modeling Systems/"", /""files/"": [/""grinnell_11206_MODS.xml/"", /""grinnell_11206_RELS-EXT.rdf/""]}, {/""pid/"": /""grinnell:11207/"", /""title/"": /"" Writing and Reading Papers/"", /""files/"": [/""grinnell_11207_MODS.xml/"", /""grinnell_11207_RELS-EXT.rdf/""]}, {/""pid/"": /""grinnell:11208/"", /""title/"": /""Schedule Spring 2009/"", /""files/"": [/""grinnell_11208_MODS.xml/"", /""grinnell_11208_RELS-EXT.rdf/""]}, {/""pid/"": /""grinnell:11213/"", /""title/"": /""ZIP Archive/"", /""files/"": [/""grinnell_11213_MODS.xml/"", /""grinnell_11213_RELS-EXT.rdf/""]}], /""paren/"": {/""pid/"": /""grinnell:10002/"", /""title/"": /""Research Methods for Empirical Computer Science/"", /""files/"": [/""grinnell_10002_MODS.xml/"", /""grinnell_10002_RELS-EXT.rdf/""]}}"
,,991011506418904641,991011506418904641,parent: grinnell:10002,Research Methods for Empirical Computer Science,,,grinnell:10002; grinnell:10002; http://hdl.handle.net/11084/10002; alma:01GCL_INST/bibs/991011506418904641,http://hdl.handle.net/11084/10002,Research Methods for Empirical Computer Science (compound); Course Intro (essays); Doing Computer Science as Science (essays); Selecting Research Projects (essays); The Varieties of Scientific Experience (essays); Why Science is Hard (essays); Causality and Abduction (essays); Hypotheses and Falsifiability (essays); Strong Inference (Laboratory) (essays); Exploratory Data Analysis (essays); The Agony and Ecstasy of Research (essays); Personal Productivity (essays); Planning and Proposing Research (essays); Tactical Decisionmaking in Research (essays); Tactics of Experimetal Design (1) (essays); Tactics of Experimetal Design (2) (essays); Experimental Design (Lab) (essays); Hypothesis testing (essays); Hypothesis testing (B) (essays); Modeling Systems (essays); Writing and Reading Papers (essays); Schedule Spring 2009 (essays); ZIP Archive (essays),"Jensen, David",,Higher education,,,,,,,,,,,,,,,,Course materials for Research methods for empirical computer science which is designed to teach basic methods for conducting a personal research program for graduate students.,Grinnell College,Grinnell College,2009,2009,2009,,,compound,born digital,,,,,,English,,Curricular Materials,Curricular Materials,Curricular Materials,,,,,"Except where noted, use of this work is governed by the Creative Commons Attribution-NonCommercial-ShareAlike 4.0 license.  See http://creativecommons.org/licenses/by-nc-sa/4.0/ for details.  Copyright to this work is held by the author(s), in accordance with United States copyright law (USC 17). Readers of this work have certain rights as defined by the law, including but not limited to fair use (17 USC 107 et seq.).",,,,,,,,,,,,,,0001  https://docs.google.com/spreadsheets/d/1JzW8TGU8qJlBAlyoMyDS1mkLTGoaLrsCzVtwQo-4JlU/edit?usp=sharing,"{/""worksheet/"": /""https://docs.google.com/spreadsheets/d/1JzW8TGU8qJlBAlyoMyDS1mkLTGoaLrsCzVtwQo-4JlU#gid=1804306342/"", /""directory/"": /""smb://storage/mediadb/DGingest/Migration-to-Alma/exports/curricular-materials/"", /""children/"": [{/""pid/"": /""grinnell:11188/"", /""title/"": /"" Course Intro/"", /""files/"": [/""grinnell_11188_MODS.xml/"", /""grinnell_11188_RELS-EXT.rdf/""]}, {/""pid/"": /""grinnell:11189/"", /""title/"": /"" Doing Computer Science as Science/"", /""files/"": [/""grinnell_11189_MODS.xml/"", /""grinnell_11189_RELS-EXT.rdf/""]}, {/""pid/"": /""grinnell:11190/"", /""title/"": /"" Selecting Research Projects/"", /""files/"": [/""grinnell_11190_MODS.xml/"", /""grinnell_11190_RELS-EXT.rdf/""]}, {/""pid/"": /""grinnell:11191/"", /""title/"": /"" The Varieties of Scientific Experience/"", /""files/"": [/""grinnell_11191_MODS.xml/"", /""grinnell_11191_RELS-EXT.rdf/""]}, {/""pid/"": /""grinnell:11192/"", /""title/"": /""Why Science is Hard/"", /""files/"": [/""grinnell_11192_MODS.xml/"", /""grinnell_11192_RELS-EXT.rdf/""]}, {/""pid/"": /""grinnell:11193/"", /""title/"": /"" Causality and Abduction/"", /""files/"": [/""grinnell_11193_MODS.xml/"", /""grinnell_11193_RELS-EXT.rdf/""]}, {/""pid/"": /""grinnell:11194/"", /""title/"": /"" Hypotheses and Falsifiability/"", /""files/"": [/""grinnell_11194_MODS.xml/"", /""grinnell_11194_RELS-EXT.rdf/""]}, {/""pid/"": /""grinnell:11195/"", /""title/"": /"" Strong Inference (Laboratory)/"", /""files/"": [/""grinnell_11195_MODS.xml/"", /""grinnell_11195_RELS-EXT.rdf/""]}, {/""pid/"": /""grinnell:11196/"", /""title/"": /""Exploratory Data Analysis/"", /""files/"": [/""grinnell_11196_MODS.xml/"", /""grinnell_11196_RELS-EXT.rdf/""]}, {/""pid/"": /""grinnell:11197/"", /""title/"": /"" The Agony and Ecstasy of Research/"", /""files/"": [/""grinnell_11197_MODS.xml/"", /""grinnell_11197_RELS-EXT.rdf/""]}, {/""pid/"": /""grinnell:11198/"", /""title/"": /"" Personal Productivity/"", /""files/"": [/""grinnell_11198_MODS.xml/"", /""grinnell_11198_RELS-EXT.rdf/""]}, {/""pid/"": /""grinnell:11199/"", /""title/"": /"" Planning and Proposing Research/"", /""files/"": [/""grinnell_11199_MODS.xml/"", /""grinnell_11199_RELS-EXT.rdf/""]}, {/""pid/"": /""grinnell:11200/"", /""title/"": /"" Tactical Decisionmaking in Research/"", /""files/"": [/""grinnell_11200_MODS.xml/"", /""grinnell_11200_RELS-EXT.rdf/""]}, {/""pid/"": /""grinnell:11201/"", /""title/"": /"" Tactics of Experimetal Design (1)/"", /""files/"": [/""grinnell_11201_MODS.xml/"", /""grinnell_11201_RELS-EXT.rdf/""]}, {/""pid/"": /""grinnell:11202/"", /""title/"": /"" Tactics of Experimetal Design (2)/"", /""files/"": [/""grinnell_11202_MODS.xml/"", /""grinnell_11202_RELS-EXT.rdf/""]}, {/""pid/"": /""grinnell:11203/"", /""title/"": /"" Experimental Design (Lab)/"", /""files/"": [/""grinnell_11203_MODS.xml/"", /""grinnell_11203_RELS-EXT.rdf/""]}, {/""pid/"": /""grinnell:11204/"", /""title/"": /"" Hypothesis testing/"", /""files/"": [/""grinnell_11204_MODS.xml/"", /""grinnell_11204_RELS-EXT.rdf/""]}, {/""pid/"": /""grinnell:11205/"", /""title/"": /"" Hypothesis testing (B)/"", /""files/"": [/""grinnell_11205_MODS.xml/"", /""grinnell_11205_RELS-EXT.rdf/""]}, {/""pid/"": /""grinnell:11206/"", /""title/"": /"" Modeling Systems/"", /""files/"": [/""grinnell_11206_MODS.xml/"", /""grinnell_11206_RELS-EXT.rdf/""]}, {/""pid/"": /""grinnell:11207/"", /""title/"": /"" Writing and Reading Papers/"", /""files/"": [/""grinnell_11207_MODS.xml/"", /""grinnell_11207_RELS-EXT.rdf/""]}, {/""pid/"": /""grinnell:11208/"", /""title/"": /""Schedule Spring 2009/"", /""files/"": [/""grinnell_11208_MODS.xml/"", /""grinnell_11208_RELS-EXT.rdf/""]}, {/""pid/"": /""grinnell:11213/"", /""title/"": /""ZIP Archive/"", /""files/"": [/""grinnell_11213_MODS.xml/"", /""grinnell_11213_RELS-EXT.rdf/""]}], /""paren/"": {/""pid/"": /""grinnell:10002/"", /""title/"": /""Research Methods for Empirical Computer Science/"", /""files/"": [/""grinnell_10002_MODS.xml/"", /""grinnell_10002_RELS-EXT.rdf/""]}}"
,,991011506419004641,991011506419004641,,The Social Politics of Having Children,"Tutorial, Fall 2003; Social politics of having children",,grinnell:54; grinnell:54; http://hdl.handle.net/11084/54; alma:01GCL_INST/bibs/991011506419004641,http://hdl.handle.net/11084/54,,"McClelland, Kent A.","McClelland, Kent A.","Tutorial, Fall 2003; Social politics of having children",,,,,,,,,,,,,,,,"This Tutorial will take an interdisciplinary approach to understanding some of the issues and controversies that surround childbearing and childrearing. At the same time, the Tutorial will help students to develop the skills and capacities needed for a successful college career.",Grinnell College,Grinnell College,2003-08-23,2003,2003-08-23,,2003-08-23,text,born digital,,,,,,English,,Liberal Arts Scholarly Repository,Liberal Arts Scholarly Repository,Liberal Arts Scholarly Repository,,,,,"Copyright to this work is held by the author(s), in accordance with United States copyright law (USC 17). Readers of this work have certain rights as defined by the law, including but not limited to fair use (17 USC 107 et seq.).",,,,,,,,,,,,,,0108  https://docs.google.com/spreadsheets/d/1JzW8TGU8qJlBAlyoMyDS1mkLTGoaLrsCzVtwQo-4JlU/edit?usp=sharing,"{/""worksheet/"": /""https://docs.google.com/spreadsheets/d/1JzW8TGU8qJlBAlyoMyDS1mkLTGoaLrsCzVtwQo-4JlU#gid=1804306342/"", /""directory/"": /""smb://storage/mediadb/DGingest/Migration-to-Alma/exports/curricular-materials/"", /""object/"": {/""pid/"": /""grinnell:54/"", /""title/"": /""The Social Politics of Having Children/"", /""files/"": [/""grinnell_54_MODS.xml/"", /""grinnell_54_RELS-EXT.rdf/""]}}"
,,991011506419104641,991011506419104641,,Summary of Online Experiments and Pilots,Online Experiments and Pilots,,grinnell:5185; grinnell:5185; http://hdl.handle.net/11084/5185; alma:01GCL_INST/bibs/991011506419104641,http://hdl.handle.net/11084/5185,,Grinnell College. Office of Academic Affairs and Dean of the College,"Schneider, Mark B.; Grinnell College. Office of Academic Affairs and Dean of the College",Online Experiments and Pilots,,,,,,,,,,,,,,,,Summary of online courses and pilot projects which Grinnell College has participated in.,Grinnell College,Grinnell College,2013-10-28,2013,2013-10-28,,2013-10-28,report,born digital,,,,,,English,,Digital Grinnell,Digital Grinnell,Digital Grinnell,,,,,"Copyright to this work is held by the author(s), in accordance with United States copyright law (USC 17). Readers of this work have certain rights as defined by the law, including but not limited to fair use (17 USC 107 et seq.).",,,,,,,,,,,,,,0107  https://docs.google.com/spreadsheets/d/1JzW8TGU8qJlBAlyoMyDS1mkLTGoaLrsCzVtwQo-4JlU/edit?usp=sharing,"{/""worksheet/"": /""https://docs.google.com/spreadsheets/d/1JzW8TGU8qJlBAlyoMyDS1mkLTGoaLrsCzVtwQo-4JlU#gid=1804306342/"", /""directory/"": /""smb://storage/mediadb/DGingest/Migration-to-Alma/exports/curricular-materials/"", /""object/"": {/""pid/"": /""grinnell:5185/"", /""title/"": /""Summary of Online Experiments and Pilots/"", /""files/"": [/""grinnell_5185_MODS.xml/"", /""grinnell_5185_RELS-EXT.rdf/""]}}"
,,991011506419204641,991011506419204641,,Stephen R. Carl (Class of 1971) in biology lab,,,grinnell:3482; grinnell:3482; http://hdl.handle.net/11084/3482; alma:01GCL_INST/bibs/991011506419204641,http://hdl.handle.net/11084/3482,,"Henry, George T.",Grinnell College. Communications Office,"Hall of Science (Grinnell, Iowa)",,,,,,,,,,,,,,,,Stephen R. Carl (Class of 1971) working on a dissection in the biology lab.,Grinnell College,Grinnell College,1971,1971,1971,,,photograph,reformated digital,,,,,,English,,Campus Buildings,Campus Buildings,Campus Buildings,,"Grinnell, Iowa",,Nineteen seventies; 1971,"Copyright to this work is held by the author(s), in accordance with United States copyright law (USC 17). Readers of this work have certain rights as defined by the law, including but not limited to fair use (17 USC 107 et seq.).",,,,,,,,,,,,,,0106  https://docs.google.com/spreadsheets/d/1JzW8TGU8qJlBAlyoMyDS1mkLTGoaLrsCzVtwQo-4JlU/edit?usp=sharing,"{/""worksheet/"": /""https://docs.google.com/spreadsheets/d/1JzW8TGU8qJlBAlyoMyDS1mkLTGoaLrsCzVtwQo-4JlU#gid=1804306342/"", /""directory/"": /""smb://storage/mediadb/DGingest/Migration-to-Alma/exports/curricular-materials/"", /""object/"": {/""pid/"": /""grinnell:3482/"", /""title/"": /""Stephen R. Carl (Class of 1971) in biology lab/"", /""files/"": [/""grinnell_3482_MODS.xml/"", /""grinnell_3482_RELS-EXT.rdf/""]}}"
,,991011506419304641,991011506419304641,,"We Are What We Eat: Food, Culture, and Identity in Literature and Film","Food, Culture, and Identity in Literature and Film",,grinnell:3463; grinnell:3463; http://hdl.handle.net/11084/3463; alma:01GCL_INST/bibs/991011506419304641,http://hdl.handle.net/11084/3463,,Grinnell College. Chinese and Japanese,"Feng, Jin; Grinnell College. Chinese and Japanese","Food, Culture, and Identity in Literature and Film",,,,,,,,,,,,,,,,"In this tutorial we will examine the cultural and political significance of food in literature and film. We will focus on the way national cultures and personal identities are described and defined through narratives of the preparation, consumption, and appreciation of food in twentieth-century Chinese and Chinese American literature and film. Additionally, the course will integrate samples from other cultures and periods as points of comparison. Extracurricular activities, such as a restaurant visit, will also be included to facilitate our understanding and analysis of the culture of food.",Grinnell College,Grinnell College,2002,2002,2002,,,text,born digital,,,,,,English,,Digital Grinnell,Digital Grinnell,Digital Grinnell,,,,,"Copyright to this work is held by the author(s), in accordance with United States copyright law (USC 17). Readers of this work have certain rights as defined by the law, including but not limited to fair use (17 USC 107 et seq.).",,,,,,,,,,,,,,0105  https://docs.google.com/spreadsheets/d/1JzW8TGU8qJlBAlyoMyDS1mkLTGoaLrsCzVtwQo-4JlU/edit?usp=sharing,"{/""worksheet/"": /""https://docs.google.com/spreadsheets/d/1JzW8TGU8qJlBAlyoMyDS1mkLTGoaLrsCzVtwQo-4JlU#gid=1804306342/"", /""directory/"": /""smb://storage/mediadb/DGingest/Migration-to-Alma/exports/curricular-materials/"", /""object/"": {/""pid/"": /""grinnell:3463/"", /""title/"": /""We Are What We Eat: Food, Culture, and Identity in Literature and Film/"", /""files/"": [/""grinnell_3463_MODS.xml/"", /""grinnell_3463_RELS-EXT.rdf/""]}}"
,,991011506419404641,991011506419404641,,Tutorial summary sheet 2010-2011,Grinnell College tutorial summary sheet 2010-2011,,grinnell:3462; grinnell:3462; http://hdl.handle.net/11084/3462; alma:01GCL_INST/bibs/991011506419404641,http://hdl.handle.net/11084/3462,,Grinnell College. Tutorial,Grinnell College. Tutorial,Grinnell College tutorial summary sheet 2010-2011,,,,,,,,,,,,,,,,Tutorials offered during the Fall 2010 semester at Grinnell College.,Grinnell College,Grinnell College,2010-05-01,2010,2010-05-01,,2010-05-01,text,born digital,11 p.,11 p.,,,,English,,Digital Grinnell,Digital Grinnell,Digital Grinnell,,,,,"Copyright to this work is held by the author(s), in accordance with United States copyright law (USC 17). Readers of this work have certain rights as defined by the law, including but not limited to fair use (17 USC 107 et seq.).",,,,,,,,,,,,,,0104  https://docs.google.com/spreadsheets/d/1JzW8TGU8qJlBAlyoMyDS1mkLTGoaLrsCzVtwQo-4JlU/edit?usp=sharing,"{/""worksheet/"": /""https://docs.google.com/spreadsheets/d/1JzW8TGU8qJlBAlyoMyDS1mkLTGoaLrsCzVtwQo-4JlU#gid=1804306342/"", /""directory/"": /""smb://storage/mediadb/DGingest/Migration-to-Alma/exports/curricular-materials/"", /""object/"": {/""pid/"": /""grinnell:3462/"", /""title/"": /""Tutorial summary sheet 2010-2011/"", /""files/"": [/""grinnell_3462_MODS.xml/"", /""grinnell_3462_RELS-EXT.rdf/""]}}"
,,991011506419504641,991011506419504641,,"Stories, Story-Tellers, and Audiences: Geoffrey Chaucer's Canterbury Tales and Marguerite of Navarre's Heptameron","Geoffrey Chaucer's Canterbury Tales and Marguerite of Navarre's Heptameron; Tutorial: Stories, Story-Tellers, and Audiences: Geoffrey Chaucer's Canterbury Tales and Marguerite of Navarre's Heptameron",,grinnell:3461; grinnell:3461; http://hdl.handle.net/11084/3461; alma:01GCL_INST/bibs/991011506419504641,http://hdl.handle.net/11084/3461,,"Dobbs, Elizabeth A.","Dobbs, Elizabeth A.",Geoffrey Chaucer's Canterbury Tales and Marguerite of Navarre's Heptameron,,,,,,,,,,,,,,,,"How is a story constructed? Using a model derived from linguistics and applied to narrative, we will explore both this question and the art of narrative. For most of the semester, we will be the audience of stories from Geoffrey Chaucer's Canterbury Tales and Marguerite of Navarre's Heptameron, but, at the end of the semester, you will be a story-teller and a part of the audience for your fellow students' stories. This tutorial will especially develop your ability to take part in class discussions and to write arguments.",Grinnell College,Grinnell College,2003,2003,2003,,,text,born digital,,,,,,English,,Digital Grinnell,Digital Grinnell,Digital Grinnell,,,,,"Copyright to this work is held by the author(s), in accordance with United States copyright law (USC 17). Readers of this work have certain rights as defined by the law, including but not limited to fair use (17 USC 107 et seq.).",,,,,,,,,,,,,,0103  https://docs.google.com/spreadsheets/d/1JzW8TGU8qJlBAlyoMyDS1mkLTGoaLrsCzVtwQo-4JlU/edit?usp=sharing,"{/""worksheet/"": /""https://docs.google.com/spreadsheets/d/1JzW8TGU8qJlBAlyoMyDS1mkLTGoaLrsCzVtwQo-4JlU#gid=1804306342/"", /""directory/"": /""smb://storage/mediadb/DGingest/Migration-to-Alma/exports/curricular-materials/"", /""object/"": {/""pid/"": /""grinnell:3461/"", /""title/"": /""Stories, Story-Tellers, and Audiences: Geoffrey Chaucer's Canterbury Tales and Marguerite of Navarre's Heptameron/"", /""files/"": [/""grinnell_3461_MODS.xml/"", /""grinnell_3461_RELS-EXT.rdf/""]}}"
,,991011506419604641,991011506419604641,,Soundtracks and Scores,Soundtracks and Scores : Syllabus,,grinnell:3460; grinnell:3460; http://hdl.handle.net/11084/3460; alma:01GCL_INST/bibs/991011506419604641,http://hdl.handle.net/11084/3460,,"Russell, Ralph Anthony","Russell, Ralph Anthony",Soundtracks and Scores : Syllabus,,,,,,,,,,,,,,,,"The first year tutorial, taken in the fall semester, is Grinnell College's only general academic course requirement. The college intends the tutorial to assist students in further developing their critical thinking skills and in improving their written and oral communication skills. Each of the tutorials offered in a given fall semester is based around a particular subject matter, which provides the vehicle by which the above goals are accomplished. Soundtracks and scores explores the use of music in conveying emotion in films.",Grinnell College,Grinnell College,2004-08-01,2004,2004-08-01,,2004-08-01,text,born digital,,,,,,English,,Digital Grinnell,Digital Grinnell,Digital Grinnell,,,,,"Copyright to this work is held by the author(s), in accordance with United States copyright law (USC 17). Readers of this work have certain rights as defined by the law, including but not limited to fair use (17 USC 107 et seq.).",,,,,,,,,,,,,,0102  https://docs.google.com/spreadsheets/d/1JzW8TGU8qJlBAlyoMyDS1mkLTGoaLrsCzVtwQo-4JlU/edit?usp=sharing,"{/""worksheet/"": /""https://docs.google.com/spreadsheets/d/1JzW8TGU8qJlBAlyoMyDS1mkLTGoaLrsCzVtwQo-4JlU#gid=1804306342/"", /""directory/"": /""smb://storage/mediadb/DGingest/Migration-to-Alma/exports/curricular-materials/"", /""object/"": {/""pid/"": /""grinnell:3460/"", /""title/"": /""Soundtracks and Scores/"", /""files/"": [/""grinnell_3460_MODS.xml/"", /""grinnell_3460_RELS-EXT.rdf/""]}}"
,,991011506419704641,991011506419704641,,Russia in Revolution,"First year tutorial, Fall 2001",,grinnell:3459; grinnell:3459; http://hdl.handle.net/11084/3459; alma:01GCL_INST/bibs/991011506419704641,http://hdl.handle.net/11084/3459,,"Armstrong, Todd Patrick","Armstrong, Todd Patrick","Tutorial, Fall 2001",,,,,,,,,,,,,,,,"The first year tutorial, taken in the fall semester, is Grinnell College's only general academic course requirement. The college intends the tutorial to assist students in further developing their critical thinking skills and in improving their written and oral communication skills. Each of the tutorials offered in a given fall semester is based around a particular subject matter, which provides the vehicle by which the above goals are accomplished. This tutorial focuses on the literature and art of the Russian Revolutionary period.",Grinnell College,Grinnell College,2001-08-01,2001,2001-08-01,,2001-08-01,text,born digital,,,,,,English,,Digital Grinnell,Digital Grinnell,Digital Grinnell,,Russia.,,1917; 1921,"Copyright to this work is held by the author(s), in accordance with United States copyright law (USC 17). Readers of this work have certain rights as defined by the law, including but not limited to fair use (17 USC 107 et seq.).",,,,,,,,,,,,,,0101  https://docs.google.com/spreadsheets/d/1JzW8TGU8qJlBAlyoMyDS1mkLTGoaLrsCzVtwQo-4JlU/edit?usp=sharing,"{/""worksheet/"": /""https://docs.google.com/spreadsheets/d/1JzW8TGU8qJlBAlyoMyDS1mkLTGoaLrsCzVtwQo-4JlU#gid=1804306342/"", /""directory/"": /""smb://storage/mediadb/DGingest/Migration-to-Alma/exports/curricular-materials/"", /""object/"": {/""pid/"": /""grinnell:3459/"", /""title/"": /""Russia in Revolution/"", /""files/"": [/""grinnell_3459_MODS.xml/"", /""grinnell_3459_RELS-EXT.rdf/""]}}"
,,991011506419804641,991011506419804641,,Renaissance,,,grinnell:3458; grinnell:3458; http://hdl.handle.net/11084/3458; alma:01GCL_INST/bibs/991011506419804641,http://hdl.handle.net/11084/3458,,"Sortor, Marci","Sortor, Marci",Tutorial,,,,,,,,,,,,,,,,"The first year tutorial, taken in the fall semester, is Grinnell College's only general academic course requirement. The college intends the tutorial to assist students in further developing their critical thinking skills and in improving their written and oral communication skills. Each of the tutorials offered in a given fall semester is based around a particular subject matter, which provides the vehicle by which the above goals are accomplished. Considers the rebirth of arts, politics and culture in Florence known as the renaissance.",Grinnell College,Grinnell College,1999-08-01,1999,1999-08-01,,1999-08-01,text,born digital,,,,,,English,,Digital Grinnell,Digital Grinnell,Digital Grinnell,,"Florence, Italy",,1330; 1550,"Copyright to this work is held by the author(s), in accordance with United States copyright law (USC 17). Readers of this work have certain rights as defined by the law, including but not limited to fair use (17 USC 107 et seq.).",,,,,,,,,,,,,,0100  https://docs.google.com/spreadsheets/d/1JzW8TGU8qJlBAlyoMyDS1mkLTGoaLrsCzVtwQo-4JlU/edit?usp=sharing,"{/""worksheet/"": /""https://docs.google.com/spreadsheets/d/1JzW8TGU8qJlBAlyoMyDS1mkLTGoaLrsCzVtwQo-4JlU#gid=1804306342/"", /""directory/"": /""smb://storage/mediadb/DGingest/Migration-to-Alma/exports/curricular-materials/"", /""object/"": {/""pid/"": /""grinnell:3458/"", /""title/"": /""Renaissance/"", /""files/"": [/""grinnell_3458_MODS.xml/"", /""grinnell_3458_RELS-EXT.rdf/""]}}"
,,991011506419904641,991011506419904641,,Painting Modernity,Tutorial: Painting Modernity,,grinnell:3457; grinnell:3457; http://hdl.handle.net/11084/3457; alma:01GCL_INST/bibs/991011506419904641,http://hdl.handle.net/11084/3457,,Grinnell College. Art,"Strauber, Susan Elizabeth; Grinnell College. Art",Tutorial: Painting Modernity,,,,,,,,,,,,,,,,"The first year tutorial, taken in the fall semester, is Grinnell College's only general academic course requirement. The college intends the tutorial to assist students in further developing their critical thinking skills and in improving their written and oral communication skills. Each of the tutorials offered in a given fall semester is based around a particular subject matter, which provides the vehicle by which the above goals are accomplished. Explores what is meant by the modern word.",Grinnell College,Grinnell College,2004-08-01,2004,2004-08-01,,2004-08-01,text,born digital,,,,,,English,,Digital Grinnell,Digital Grinnell,Digital Grinnell,,,,,"Copyright to this work is held by the author(s), in accordance with United States copyright law (USC 17). Readers of this work have certain rights as defined by the law, including but not limited to fair use (17 USC 107 et seq.).",,,,,,,,,,,,,,0099  https://docs.google.com/spreadsheets/d/1JzW8TGU8qJlBAlyoMyDS1mkLTGoaLrsCzVtwQo-4JlU/edit?usp=sharing,"{/""worksheet/"": /""https://docs.google.com/spreadsheets/d/1JzW8TGU8qJlBAlyoMyDS1mkLTGoaLrsCzVtwQo-4JlU#gid=1804306342/"", /""directory/"": /""smb://storage/mediadb/DGingest/Migration-to-Alma/exports/curricular-materials/"", /""object/"": {/""pid/"": /""grinnell:3457/"", /""title/"": /""Painting Modernity/"", /""files/"": [/""grinnell_3457_MODS.xml/"", /""grinnell_3457_RELS-EXT.rdf/""]}}"
,,991011506420004641,991011506420004641,,Outward from the Middle of the Maze: Selected Plays of Tom Stoppard,Selected Plays of Tom Stoppard,,grinnell:3456; grinnell:3456; http://hdl.handle.net/11084/3456; alma:01GCL_INST/bibs/991011506420004641,http://hdl.handle.net/11084/3456,,"Stone, John David","Stone, John David",Selected Plays of Tom Stoppard,,,,,,,,,,,,,,,,"The first year tutorial, taken in the fall semester, is Grinnell College's only general academic course requirement. The college intends the tutorial to assist students in further developing their critical thinking skills and in improving their written and oral communication skills. Each of the tutorials offered in a given fall semester is based around a particular subject matter, which provides the vehicle by which the above goals are accomplished.",Grinnell College,Grinnell College,2002-08-01,2002,2002-08-01,,2002-08-01,text,born digital,,,,,,English,,Digital Grinnell,Digital Grinnell,Digital Grinnell,,,,,"Copyright to this work is held by the author(s), in accordance with United States copyright law (USC 17). Readers of this work have certain rights as defined by the law, including but not limited to fair use (17 USC 107 et seq.).",,,,,,,,,,,,,,0098  https://docs.google.com/spreadsheets/d/1JzW8TGU8qJlBAlyoMyDS1mkLTGoaLrsCzVtwQo-4JlU/edit?usp=sharing,"{/""worksheet/"": /""https://docs.google.com/spreadsheets/d/1JzW8TGU8qJlBAlyoMyDS1mkLTGoaLrsCzVtwQo-4JlU#gid=1804306342/"", /""directory/"": /""smb://storage/mediadb/DGingest/Migration-to-Alma/exports/curricular-materials/"", /""object/"": {/""pid/"": /""grinnell:3456/"", /""title/"": /""Outward from the Middle of the Maze: Selected Plays of Tom Stoppard/"", /""files/"": [/""grinnell_3456_MODS.xml/"", /""grinnell_3456_RELS-EXT.rdf/""]}}"
,,991011506420104641,991011506420104641,,Narrative and Identity,Tutorial: Narrative and Identity,,grinnell:3455; grinnell:3455; http://hdl.handle.net/11084/3455; alma:01GCL_INST/bibs/991011506420104641,http://hdl.handle.net/11084/3455,,"Meehan, Johanna","Meehan, Johanna",Tutorial: Narrative and Identity,,,,,,,,,,,,,,,,"All human beings tell stories, indeed some researchers argue that a narrative capacity is a critical and unique feature of human cognition. The great political philosopher, Hannah Arendt, claims that we tell stories because we need them to understand the intentions of human actors, and without them we cannot make sense of human speech and action. Stories not only help us to make sense of actions, they also motivate them.",Grinnell College,Grinnell College,2004,2004,2004,,,text,born digital,,,,,,English,,Digital Grinnell,Digital Grinnell,Digital Grinnell,,,,,"Copyright to this work is held by the author(s), in accordance with United States copyright law (USC 17). Readers of this work have certain rights as defined by the law, including but not limited to fair use (17 USC 107 et seq.).",,,,,,,,,,,,,,0097  https://docs.google.com/spreadsheets/d/1JzW8TGU8qJlBAlyoMyDS1mkLTGoaLrsCzVtwQo-4JlU/edit?usp=sharing,"{/""worksheet/"": /""https://docs.google.com/spreadsheets/d/1JzW8TGU8qJlBAlyoMyDS1mkLTGoaLrsCzVtwQo-4JlU#gid=1804306342/"", /""directory/"": /""smb://storage/mediadb/DGingest/Migration-to-Alma/exports/curricular-materials/"", /""object/"": {/""pid/"": /""grinnell:3455/"", /""title/"": /""Narrative and Identity/"", /""files/"": [/""grinnell_3455_MODS.xml/"", /""grinnell_3455_RELS-EXT.rdf/""]}}"
,,991011506420204641,991011506420204641,,Myth of the Middle Class,Tutorial: The Myth of the Middle Class,,grinnell:3454; grinnell:3454; http://hdl.handle.net/11084/3454; alma:01GCL_INST/bibs/991011506420204641,http://hdl.handle.net/11084/3454,,"Silva, J. Pablo","Silva, J. Pablo",Tutorial: The Myth of the Middle Class,,,,,,,,,,,,,,,,"The first year tutorial, taken in the fall semester, is Grinnell College's only general academic course requirement. The college intends the tutorial to assist students in further developing their critical thinking skills and in improving their written and oral communication skills. Each of the tutorials offered in a given fall semester is based around a particular subject matter, which provides the vehicle by which the above goals are accomplished. The United States is frequently described as a middle-class society and we hear the description so often that we assume we know what it means. This course will explore the myth of the middle class.",Grinnell College,Grinnell College,2001-08-01,2001,2001-08-01,,2001-08-01,text,born digital,,,,,,English,,Digital Grinnell,Digital Grinnell,Digital Grinnell,,United States.,,,"Copyright to this work is held by the author(s), in accordance with United States copyright law (USC 17). Readers of this work have certain rights as defined by the law, including but not limited to fair use (17 USC 107 et seq.).",,,,,,,,,,,,,,0096  https://docs.google.com/spreadsheets/d/1JzW8TGU8qJlBAlyoMyDS1mkLTGoaLrsCzVtwQo-4JlU/edit?usp=sharing,"{/""worksheet/"": /""https://docs.google.com/spreadsheets/d/1JzW8TGU8qJlBAlyoMyDS1mkLTGoaLrsCzVtwQo-4JlU#gid=1804306342/"", /""directory/"": /""smb://storage/mediadb/DGingest/Migration-to-Alma/exports/curricular-materials/"", /""object/"": {/""pid/"": /""grinnell:3454/"", /""title/"": /""Myth of the Middle Class/"", /""files/"": [/""grinnell_3454_MODS.xml/"", /""grinnell_3454_RELS-EXT.rdf/""]}}"
,,991011506420304641,991011506420304641,,Musicians in Fiction,,,grinnell:3453; grinnell:3453; http://hdl.handle.net/11084/3453; alma:01GCL_INST/bibs/991011506420304641,http://hdl.handle.net/11084/3453,,"Chenette, Jonathan L.","Chenette, Jonathan L.",Tutorial,,,,,,,,,,,,,,,,Students will read fiction about musicians and listen to the relevant musical works that are mentioned in the literature.,Grinnell College,Grinnell College,2002,2002,2002,,,text,born digital,,,,,,English,,Digital Grinnell,Digital Grinnell,Digital Grinnell,,,,,"Copyright to this work is held by the author(s), in accordance with United States copyright law (USC 17). Readers of this work have certain rights as defined by the law, including but not limited to fair use (17 USC 107 et seq.).",,,,,,,,,,,,,,0095  https://docs.google.com/spreadsheets/d/1JzW8TGU8qJlBAlyoMyDS1mkLTGoaLrsCzVtwQo-4JlU/edit?usp=sharing,"{/""worksheet/"": /""https://docs.google.com/spreadsheets/d/1JzW8TGU8qJlBAlyoMyDS1mkLTGoaLrsCzVtwQo-4JlU#gid=1804306342/"", /""directory/"": /""smb://storage/mediadb/DGingest/Migration-to-Alma/exports/curricular-materials/"", /""object/"": {/""pid/"": /""grinnell:3453/"", /""title/"": /""Musicians in Fiction/"", /""files/"": [/""grinnell_3453_MODS.xml/"", /""grinnell_3453_RELS-EXT.rdf/""]}}"
,,991011506420404641,991011506420404641,,"Places I've Been: Outsiders, Exiles, Tourists","Tutorial, Fall 2001",,grinnell:3452; grinnell:3452; http://hdl.handle.net/11084/3452; alma:01GCL_INST/bibs/991011506420404641,http://hdl.handle.net/11084/3452,,"Aparicio, Yvette","Aparicio, Yvette","First Year Tutorial, Fall 2001",,,,,,,,,,,,,,,,"The first year tutorial, taken in the fall semester, is Grinnell College's only general academic course requirement. The college intends the tutorial to assist students in further developing their critical thinking skills and in improving their written and oral communication skills. Each of the tutorials offered in a given fall semester is based around a particular subject matter, which provides the vehicle by which the above goals are accomplished. Explores the role and significance of place in conceptualizations of self and others.",Grinnell College,Grinnell College,2001-08-01,2001,2001-08-01,,2001-08-01,text,reformated digital,,,,,,English,,Digital Grinnell,Digital Grinnell,Digital Grinnell,,,,,"Copyright to this work is held by the author(s), in accordance with United States copyright law (USC 17). Readers of this work have certain rights as defined by the law, including but not limited to fair use (17 USC 107 et seq.).",,,,,,,,,,,,,,0094  https://docs.google.com/spreadsheets/d/1JzW8TGU8qJlBAlyoMyDS1mkLTGoaLrsCzVtwQo-4JlU/edit?usp=sharing,"{/""worksheet/"": /""https://docs.google.com/spreadsheets/d/1JzW8TGU8qJlBAlyoMyDS1mkLTGoaLrsCzVtwQo-4JlU#gid=1804306342/"", /""directory/"": /""smb://storage/mediadb/DGingest/Migration-to-Alma/exports/curricular-materials/"", /""object/"": {/""pid/"": /""grinnell:3452/"", /""title/"": /""Places I've Been: Outsiders, Exiles, Tourists/"", /""files/"": [/""grinnell_3452_MODS.xml/"", /""grinnell_3452_RELS-EXT.rdf/""]}}"
,,991011506420504641,991011506420504641,,Living an authentic life,"Tutorial, Living an authentic life, autumn 2003",,grinnell:3449; grinnell:3449; http://hdl.handle.net/11084/3449; alma:01GCL_INST/bibs/991011506420504641,http://hdl.handle.net/11084/3449,,"Burkle, Howard R.","Burkle, Howard R.","Tutorial, Living an authentic life, autumn 2003",,,,,,,,,,,,,,,,"Socrates taught that the unexamined life is not worth living. This tutorial will put this bit of classical wisdom to the test. Focusing on Existentialist thinkers Soren Kierkegaard, Friedrich Nietzsche, Jean-Paul Sartre, Albert Camus, and Martin Buber, we shall seek to identify the qualities that make a human life authentic. Although these writers are alike in their Existentialist approaches, they differ widely in their ethical, metaphysical, and spiritual conclusions.",Grinnell College,Grinnell College,2003,2003,2003,,,text,born digital,,,,,,English,,Digital Grinnell,Digital Grinnell,Digital Grinnell,,,,,"Copyright to this work is held by the author(s), in accordance with United States copyright law (USC 17). Readers of this work have certain rights as defined by the law, including but not limited to fair use (17 USC 107 et seq.).",,,,,,,,,,,,,,0093  https://docs.google.com/spreadsheets/d/1JzW8TGU8qJlBAlyoMyDS1mkLTGoaLrsCzVtwQo-4JlU/edit?usp=sharing,"{/""worksheet/"": /""https://docs.google.com/spreadsheets/d/1JzW8TGU8qJlBAlyoMyDS1mkLTGoaLrsCzVtwQo-4JlU#gid=1804306342/"", /""directory/"": /""smb://storage/mediadb/DGingest/Migration-to-Alma/exports/curricular-materials/"", /""object/"": {/""pid/"": /""grinnell:3449/"", /""title/"": /""Living an authentic life/"", /""files/"": [/""grinnell_3449_MODS.xml/"", /""grinnell_3449_RELS-EXT.rdf/""]}}"
,,991011506420604641,991011506420604641,,Images of Africa,,,grinnell:3448; grinnell:3448; http://hdl.handle.net/11084/3448; alma:01GCL_INST/bibs/991011506420604641,http://hdl.handle.net/11084/3448,,"Jacobson, Kathryn M.","Jacobson, Kathryn M.",Tutorial,,,,,,,,,,,,,,,,"John Reader compiled a remarkable history of Africa in his book Africa: Biography of a Continent (1996). We will use this volume as a central reference for our consideration of the origins of various Anglo-American images of an incredibly diverse continent and its people. In addition, we will examine recent fictional and non-fictional texts and films to explore the effects of these images on current perceptions of African politics, culture and environment.",Grinnell College,Grinnell College,2002,2002,2002,,,text,born digital,,,,,,English,,Digital Grinnell,Digital Grinnell,Digital Grinnell,,Africa.,,,"Copyright to this work is held by the author(s), in accordance with United States copyright law (USC 17). Readers of this work have certain rights as defined by the law, including but not limited to fair use (17 USC 107 et seq.).",,,,,,,,,,,,,,0092  https://docs.google.com/spreadsheets/d/1JzW8TGU8qJlBAlyoMyDS1mkLTGoaLrsCzVtwQo-4JlU/edit?usp=sharing,"{/""worksheet/"": /""https://docs.google.com/spreadsheets/d/1JzW8TGU8qJlBAlyoMyDS1mkLTGoaLrsCzVtwQo-4JlU#gid=1804306342/"", /""directory/"": /""smb://storage/mediadb/DGingest/Migration-to-Alma/exports/curricular-materials/"", /""object/"": {/""pid/"": /""grinnell:3448/"", /""title/"": /""Images of Africa/"", /""files/"": [/""grinnell_3448_MODS.xml/"", /""grinnell_3448_RELS-EXT.rdf/""]}}"
,,991011506420704641,991011506420704641,,Ideas of Love in Western Culture,Tutorial: Ideas of Love in Western Culture,,grinnell:3447; grinnell:3447; http://hdl.handle.net/11084/3447; alma:01GCL_INST/bibs/991011506420704641,http://hdl.handle.net/11084/3447,,"Skerrett, Kathleen Roberts","Skerrett, Kathleen Roberts",Tutorial: Ideas of Love in Western Culture,,,,,,,,,,,,,,,,"The first year tutorial, taken in the fall semester, is Grinnell College's only general academic course requirement. The college intends the tutorial to assist students in further developing their critical thinking skills and in improving their written and oral communication skills. Each of the tutorials offered in a given fall semester is based around a particular subject matter, which provides the vehicle by which the above goals are accomplished. Explores /""love/"" in Western culture.",Grinnell College,Grinnell College,2002-08-01,2002,2002-08-01,,2002-08-01,text,born digital,,,,,,English,,Digital Grinnell,Digital Grinnell,Digital Grinnell,,,,,"Copyright to this work is held by the author(s), in accordance with United States copyright law (USC 17). Readers of this work have certain rights as defined by the law, including but not limited to fair use (17 USC 107 et seq.).",,,,,,,,,,,,,,0091  https://docs.google.com/spreadsheets/d/1JzW8TGU8qJlBAlyoMyDS1mkLTGoaLrsCzVtwQo-4JlU/edit?usp=sharing,"{/""worksheet/"": /""https://docs.google.com/spreadsheets/d/1JzW8TGU8qJlBAlyoMyDS1mkLTGoaLrsCzVtwQo-4JlU#gid=1804306342/"", /""directory/"": /""smb://storage/mediadb/DGingest/Migration-to-Alma/exports/curricular-materials/"", /""object/"": {/""pid/"": /""grinnell:3447/"", /""title/"": /""Ideas of Love in Western Culture/"", /""files/"": [/""grinnell_3447_MODS.xml/"", /""grinnell_3447_RELS-EXT.rdf/""]}}"
,,991011506420804641,991011506420804641,,Humanities I : The Ancient Greek World,The Ancient Greek World,,grinnell:3446; grinnell:3446; http://hdl.handle.net/11084/3446; alma:01GCL_INST/bibs/991011506420804641,http://hdl.handle.net/11084/3446,,"Smith, Paula Vene","Smith, Paula Vene",The Ancient Greek World,,,,,,,,,,,,,,,,"The first year tutorial, taken in the fall semester, is Grinnell College's only general academic course requirement. The college intends the tutorial to assist students in further developing their critical thinking skills and in improving their written and oral communication skills. Each of the tutorials offered in a given fall semester is based around a particular subject matter, which provides the vehicle by which the above goals are accomplished. Uses ancient Greek texts to introduce students to college level reading, writing, and oral skills.",Grinnell College,Grinnell College,2004-08-01,2004,2004-08-01,,2004-08-01,text,born digital,,,,,,English,,Digital Grinnell,Digital Grinnell,Digital Grinnell,,,,,"Copyright to this work is held by the author(s), in accordance with United States copyright law (USC 17). Readers of this work have certain rights as defined by the law, including but not limited to fair use (17 USC 107 et seq.).",,,,,,,,,,,,,,0090  https://docs.google.com/spreadsheets/d/1JzW8TGU8qJlBAlyoMyDS1mkLTGoaLrsCzVtwQo-4JlU/edit?usp=sharing,"{/""worksheet/"": /""https://docs.google.com/spreadsheets/d/1JzW8TGU8qJlBAlyoMyDS1mkLTGoaLrsCzVtwQo-4JlU#gid=1804306342/"", /""directory/"": /""smb://storage/mediadb/DGingest/Migration-to-Alma/exports/curricular-materials/"", /""object/"": {/""pid/"": /""grinnell:3446/"", /""title/"": /""Humanities I : The Ancient Greek World/"", /""files/"": [/""grinnell_3446_MODS.xml/"", /""grinnell_3446_RELS-EXT.rdf/""]}}"
,,991011506420904641,991011506420904641,,Humanities 101 : The Ancient World,"Ancient World: Tutorial, Fall 2003",,grinnell:3445; grinnell:3445; http://hdl.handle.net/11084/3445; alma:01GCL_INST/bibs/991011506420904641,http://hdl.handle.net/11084/3445,,"Cummins, W. Joseph","Cummins, W. Joseph","Ancient World: Tutorial, Fall 2003",,,,,,,,,,,,,,,,"The first year tutorial, taken in the fall semester, is Grinnell College's only general academic course requirement. The college intends the tutorial to assist students in further developing their critical thinking skills and in improving their written and oral communication skills. Each of the tutorials offered in a given fall semester is based around a particular subject matter, which provides the vehicle by which the above goals are accomplished. This tutorial uses classic texts as the structure.",Grinnell College,Grinnell College,2003,2003,2003,,,text,born digital,,,,,,English,,Digital Grinnell,Digital Grinnell,Digital Grinnell,,,,,"Copyright to this work is held by the author(s), in accordance with United States copyright law (USC 17). Readers of this work have certain rights as defined by the law, including but not limited to fair use (17 USC 107 et seq.).",,,,,,,,,,,,,,0089  https://docs.google.com/spreadsheets/d/1JzW8TGU8qJlBAlyoMyDS1mkLTGoaLrsCzVtwQo-4JlU/edit?usp=sharing,"{/""worksheet/"": /""https://docs.google.com/spreadsheets/d/1JzW8TGU8qJlBAlyoMyDS1mkLTGoaLrsCzVtwQo-4JlU#gid=1804306342/"", /""directory/"": /""smb://storage/mediadb/DGingest/Migration-to-Alma/exports/curricular-materials/"", /""object/"": {/""pid/"": /""grinnell:3445/"", /""title/"": /""Humanities 101 : The Ancient World/"", /""files/"": [/""grinnell_3445_MODS.xml/"", /""grinnell_3445_RELS-EXT.rdf/""]}}"
,,991011506421004641,991011506421004641,,The Hero's Journey,,,grinnell:3444; grinnell:3444; http://hdl.handle.net/11084/3444; alma:01GCL_INST/bibs/991011506421004641,http://hdl.handle.net/11084/3444,,"Hughes, Dennis D.","Hughes, Dennis D.",Tutorial,,,,,,,,,,,,,,,,"This will be a course in comparative heroic poetry. Through exercises in writing, spoken presentation, and discussion we shall study and analyze various aspects of five epic poems, in particular the portrayals of the hero(in)es and conceptions of the heroic in four (very) different cultures. Among topics to be addressed are the narrative patterns of quest and journey (spatial and spiritual), the role of religion and the divine, the role of women, and the diverse cultural value systems reflected in the poems. Particular attention will be paid to the organization of papers and the effective expression of ideas in writing.",Grinnell College,Grinnell College,2003,2003,2003,,,text,born digital,,,,,,English,,Digital Grinnell,Digital Grinnell,Digital Grinnell,,,,,"Copyright to this work is held by the author(s), in accordance with United States copyright law (USC 17). Readers of this work have certain rights as defined by the law, including but not limited to fair use (17 USC 107 et seq.).",,,,,,,,,,,,,,0088  https://docs.google.com/spreadsheets/d/1JzW8TGU8qJlBAlyoMyDS1mkLTGoaLrsCzVtwQo-4JlU/edit?usp=sharing,"{/""worksheet/"": /""https://docs.google.com/spreadsheets/d/1JzW8TGU8qJlBAlyoMyDS1mkLTGoaLrsCzVtwQo-4JlU#gid=1804306342/"", /""directory/"": /""smb://storage/mediadb/DGingest/Migration-to-Alma/exports/curricular-materials/"", /""object/"": {/""pid/"": /""grinnell:3444/"", /""title/"": /""The Hero's Journey/"", /""files/"": [/""grinnell_3444_MODS.xml/"", /""grinnell_3444_RELS-EXT.rdf/""]}}"
,,991011506421104641,991011506421104641,,Freedom [002],,,grinnell:3443; grinnell:3443; http://hdl.handle.net/11084/3443; alma:01GCL_INST/bibs/991011506421104641,http://hdl.handle.net/11084/3443,,"Kaiser, Daniel H.","Kaiser, Daniel H.",First year tutorial : Freedom,,,,,,,,,,,,,,,,"Is freedom the /""natural/"" condition of humankind, as some theorists maintain, or are humans subject to forces over which they can exercise little control? Indeed, do humans covet freedom at all, or do they, as Dostoevsky has the Grand Inquisitor say, prefer to abandon their freedom in favor of happiness? From numerous perspectives, both classical and modern, this tutorial will examine freedom and itslimitations. We will consider how dystopian fiction, religious discipline, slave narratives, Nazi culture, neuroscience, and molecular biology, among others, contribute to our understandings of freedom and its boundaries, and what these understandings mean for a liberally educated person.",Grinnell College,Grinnell College,2003,2003,2003,,,text,born digital,,,,,,English,,Digital Grinnell,Digital Grinnell,Digital Grinnell,,,,,"Copyright to this work is held by the author(s), in accordance with United States copyright law (USC 17). Readers of this work have certain rights as defined by the law, including but not limited to fair use (17 USC 107 et seq.).",,,,,,,,,,,,,,0087  https://docs.google.com/spreadsheets/d/1JzW8TGU8qJlBAlyoMyDS1mkLTGoaLrsCzVtwQo-4JlU/edit?usp=sharing,"{/""worksheet/"": /""https://docs.google.com/spreadsheets/d/1JzW8TGU8qJlBAlyoMyDS1mkLTGoaLrsCzVtwQo-4JlU#gid=1804306342/"", /""directory/"": /""smb://storage/mediadb/DGingest/Migration-to-Alma/exports/curricular-materials/"", /""object/"": {/""pid/"": /""grinnell:3443/"", /""title/"": /""Freedom [002]/"", /""files/"": [/""grinnell_3443_MODS.xml/"", /""grinnell_3443_RELS-EXT.rdf/""]}}"
,,991011506421204641,991011506421204641,,Freedom [001],,,grinnell:3442; grinnell:3442; http://hdl.handle.net/11084/3442; alma:01GCL_INST/bibs/991011506421204641,http://hdl.handle.net/11084/3442,,"Kaiser, Daniel H.","Kaiser, Daniel H.",First year tutorial : Freedom,,,,,,,,,,,,,,,,"Is freedom the /""natural/""condition of humankind, as some theorists maintain, or are our identities subject to forces over which we exercise little control? Indeed, do humans covet freedom at all, or do they, as Dostoevsky has the Grand Inquisitor say, prefer to abandon their freedom in favor of happiness? From numerous perspectives, both classical and modern, this tutorial will examine freedom and its limitations. We will consider how dystopian fiction, Nazi culture, neuroscience, and molecular biology, among others, contribute to our understandings of freedom and its boundaries, and what these understandings mean for a liberally educated person.",Grinnell College,Grinnell College,2002,2002,2002,,,text,born digital,,,,,,English,,Digital Grinnell,Digital Grinnell,Digital Grinnell,,,,,"Copyright to this work is held by the author(s), in accordance with United States copyright law (USC 17). Readers of this work have certain rights as defined by the law, including but not limited to fair use (17 USC 107 et seq.).",,,,,,,,,,,,,,0086  https://docs.google.com/spreadsheets/d/1JzW8TGU8qJlBAlyoMyDS1mkLTGoaLrsCzVtwQo-4JlU/edit?usp=sharing,"{/""worksheet/"": /""https://docs.google.com/spreadsheets/d/1JzW8TGU8qJlBAlyoMyDS1mkLTGoaLrsCzVtwQo-4JlU#gid=1804306342/"", /""directory/"": /""smb://storage/mediadb/DGingest/Migration-to-Alma/exports/curricular-materials/"", /""object/"": {/""pid/"": /""grinnell:3442/"", /""title/"": /""Freedom [001]/"", /""files/"": [/""grinnell_3442_MODS.xml/"", /""grinnell_3442_RELS-EXT.rdf/""]}}"
,,991011506421304641,991011506421304641,,Frankenstein's Monsters: the Creation of Horror & the Horror of Creation,,,grinnell:3441; grinnell:3441; http://hdl.handle.net/11084/3441; alma:01GCL_INST/bibs/991011506421304641,http://hdl.handle.net/11084/3441,,"Simpson, Erik","Simpson, Erik",Tutorial,,,,,,,,,,,,,,,,"The first year tutorial, taken in the fall semester, is Grinnell College's only general academic course requirement. The college intends the tutorial to assist students in further developing their critical thinking skills and in improving their written and oral communication skills. Each of the tutorials offered in a given fall semester is based around a particular subject matter, which provides the vehicle by which the above goals are accomplished. Fairy tales and horror stories are used to learn about literary analysis.",Grinnell College,Grinnell College,2002-08-01,2002,2002-08-01,,2002-08-01,text,born digital,,,,,,English,,Digital Grinnell,Digital Grinnell,Digital Grinnell,,,,,"Copyright to this work is held by the author(s), in accordance with United States copyright law (USC 17). Readers of this work have certain rights as defined by the law, including but not limited to fair use (17 USC 107 et seq.).",,,,,,,,,,,,,,0085  https://docs.google.com/spreadsheets/d/1JzW8TGU8qJlBAlyoMyDS1mkLTGoaLrsCzVtwQo-4JlU/edit?usp=sharing,"{/""worksheet/"": /""https://docs.google.com/spreadsheets/d/1JzW8TGU8qJlBAlyoMyDS1mkLTGoaLrsCzVtwQo-4JlU#gid=1804306342/"", /""directory/"": /""smb://storage/mediadb/DGingest/Migration-to-Alma/exports/curricular-materials/"", /""object/"": {/""pid/"": /""grinnell:3441/"", /""title/"": /""Frankenstein's Monsters: the Creation of Horror & the Horror of Creation/"", /""files/"": [/""grinnell_3441_MODS.xml/"", /""grinnell_3441_RELS-EXT.rdf/""]}}"
,,991011506421404641,991011506421404641,,Emotion and Cognition,Tut. 100.28 Emotion and Cognition,,grinnell:3440; grinnell:3440; http://hdl.handle.net/11084/3440; alma:01GCL_INST/bibs/991011506421404641,http://hdl.handle.net/11084/3440,,"Sinnett, Laura M.","Sinnett, Laura M.",Tut. 100.28 Emotion and Cognition,,,,,,,,,,,,,,,,"The first year tutorial, taken in the fall semester, is Grinnell College's only general academic course requirement. The college intends the tutorial to assist students in further developing their critical thinking skills and in improving their written and oral communication skills. Each of the tutorials offered in a given fall semester is based around a particular subject matter, which provides the vehicle by which the above goals are accomplished. Explores how cognition informs emotion and how emotion affects cognition.",Grinnell College,Grinnell College,2004-08-01,2004,2004-08-01,,2004-08-01,text,born digital,,,,,,English,,Digital Grinnell,Digital Grinnell,Digital Grinnell,,,,,"Copyright to this work is held by the author(s), in accordance with United States copyright law (USC 17). Readers of this work have certain rights as defined by the law, including but not limited to fair use (17 USC 107 et seq.).",,,,,,,,,,,,,,0084  https://docs.google.com/spreadsheets/d/1JzW8TGU8qJlBAlyoMyDS1mkLTGoaLrsCzVtwQo-4JlU/edit?usp=sharing,"{/""worksheet/"": /""https://docs.google.com/spreadsheets/d/1JzW8TGU8qJlBAlyoMyDS1mkLTGoaLrsCzVtwQo-4JlU#gid=1804306342/"", /""directory/"": /""smb://storage/mediadb/DGingest/Migration-to-Alma/exports/curricular-materials/"", /""object/"": {/""pid/"": /""grinnell:3440/"", /""title/"": /""Emotion and Cognition/"", /""files/"": [/""grinnell_3440_MODS.xml/"", /""grinnell_3440_RELS-EXT.rdf/""]}}"
,,991011506421504641,991011506421504641,,Doing History: the Pullman Strike,Pullman Strike,,grinnell:3439; grinnell:3439; http://hdl.handle.net/11084/3439; alma:01GCL_INST/bibs/991011506421504641,http://hdl.handle.net/11084/3439,,Grinnell College. English,"Brown, Victoria (Victoria Bissell); Grinnell College. English",Pullman Strike,,,,,,,,,,,,,,,,"The purpose of this tutorial is to sharpen your sense of the ways in which history is constructed, educate you about the standards governing that construction, and develop your own skills for engaging in such construction. We will use the story of the Pullman strike to develop reading, research, and writing strategies and to ponder the multiple choices every historian must make in writing a narrative that both recounts and analyzes a historical event. So this is a course in skill-building, story-telling, and scholarly ethics.",Grinnell College,Grinnell College,2003,2003,2003,,,text,born digital,,,,,,English,,Digital Grinnell,Digital Grinnell,Digital Grinnell,,Chicago (Illinois),,19th century; 1894,"Copyright to this work is held by the author(s), in accordance with United States copyright law (USC 17). Readers of this work have certain rights as defined by the law, including but not limited to fair use (17 USC 107 et seq.).",,,,,,,,,,,,,,0083  https://docs.google.com/spreadsheets/d/1JzW8TGU8qJlBAlyoMyDS1mkLTGoaLrsCzVtwQo-4JlU/edit?usp=sharing,"{/""worksheet/"": /""https://docs.google.com/spreadsheets/d/1JzW8TGU8qJlBAlyoMyDS1mkLTGoaLrsCzVtwQo-4JlU#gid=1804306342/"", /""directory/"": /""smb://storage/mediadb/DGingest/Migration-to-Alma/exports/curricular-materials/"", /""object/"": {/""pid/"": /""grinnell:3439/"", /""title/"": /""Doing History: the Pullman Strike/"", /""files/"": [/""grinnell_3439_MODS.xml/"", /""grinnell_3439_RELS-EXT.rdf/""]}}"
,,991011506421604641,991011506421604641,,Dis/Connected,"Tutorial, Fall 2003",,grinnell:3438; grinnell:3438; http://hdl.handle.net/11084/3438; alma:01GCL_INST/bibs/991011506421604641,http://hdl.handle.net/11084/3438,,"Borovsky, Brian P.","Borovsky, Brian P.","Tutorial, Fall 2003",,,,,,,,,,,,,,,,"It has been said that we live in a dog-eat-dog world. Some have likened human life to a continual struggle for the survival of the fittest individuals, mirroring certain evolutionary processes observed in non-human life. Still others cherish a view in which we are all brothers or sisters in one human family, a view that urges awareness of how human relationships bring inspiration and meaning to our lives. This tutorial will examine the ways in which we are isolated from each other and in which we are connected to each other as human beings.",Grinnell College,Grinnell College,2003,2003,2003,,,text,born digital,,,,,,English,,Digital Grinnell,Digital Grinnell,Digital Grinnell,,,,,"Copyright to this work is held by the author(s), in accordance with United States copyright law (USC 17). Readers of this work have certain rights as defined by the law, including but not limited to fair use (17 USC 107 et seq.).",,,,,,,,,,,,,,0082  https://docs.google.com/spreadsheets/d/1JzW8TGU8qJlBAlyoMyDS1mkLTGoaLrsCzVtwQo-4JlU/edit?usp=sharing,"{/""worksheet/"": /""https://docs.google.com/spreadsheets/d/1JzW8TGU8qJlBAlyoMyDS1mkLTGoaLrsCzVtwQo-4JlU#gid=1804306342/"", /""directory/"": /""smb://storage/mediadb/DGingest/Migration-to-Alma/exports/curricular-materials/"", /""object/"": {/""pid/"": /""grinnell:3438/"", /""title/"": /""Dis/Connected/"", /""files/"": [/""grinnell_3438_MODS.xml/"", /""grinnell_3438_RELS-EXT.rdf/""]}}"
,,991011506421704641,991011506421704641,,Detectives and Their Fictions,Tutorial : Detectives and Their Fictions,,grinnell:3436; grinnell:3436; http://hdl.handle.net/11084/3436; alma:01GCL_INST/bibs/991011506421704641,http://hdl.handle.net/11084/3436,,"Pillado, Margarita","Pillado, Margarita",Tutorial : Detectives and Their Fictions,,,,,,,,,,,,,,,,"This tutorial focuses on the literary and film representations of detectives and the generic conventions within which those characters operate. First, we will examine the conventions of detective fiction established by E.A. Poe and refined by the English tradition. Then we will examine the American hardboiled conventions in literature and film. Finally, we will concentrate on works that challenge, reshape, or parody such conventions.",Grinnell College,Grinnell College,2002,2002,2002,,,text,born digital,,,,,,English,,Digital Grinnell,Digital Grinnell,Digital Grinnell,,,,,"Copyright to this work is held by the author(s), in accordance with United States copyright law (USC 17). Readers of this work have certain rights as defined by the law, including but not limited to fair use (17 USC 107 et seq.).",,,,,,,,,,,,,,0081  https://docs.google.com/spreadsheets/d/1JzW8TGU8qJlBAlyoMyDS1mkLTGoaLrsCzVtwQo-4JlU/edit?usp=sharing,"{/""worksheet/"": /""https://docs.google.com/spreadsheets/d/1JzW8TGU8qJlBAlyoMyDS1mkLTGoaLrsCzVtwQo-4JlU#gid=1804306342/"", /""directory/"": /""smb://storage/mediadb/DGingest/Migration-to-Alma/exports/curricular-materials/"", /""object/"": {/""pid/"": /""grinnell:3436/"", /""title/"": /""Detectives and Their Fictions/"", /""files/"": [/""grinnell_3436_MODS.xml/"", /""grinnell_3436_RELS-EXT.rdf/""]}}"
,,991011506421804641,991011506421804641,,Degradation and Development in Tropical Forests,,,grinnell:3435; grinnell:3435; http://hdl.handle.net/11084/3435; alma:01GCL_INST/bibs/991011506421804641,http://hdl.handle.net/11084/3435,,"Roper, Jackson Montgomery (Monty)","Roper, Jackson Montgomery (Monty)",Tutorial,,,,,,,,,,,,,,,,This tutorial explores why the world's tropical forests are disappearing focusing on Latin America and the Amazon Basin.,Grinnell College,Grinnell College,2003-08-01,2003,2003-08-01,,2003-08-01,text,born digital,,,,,,English,,Digital Grinnell,Digital Grinnell,Digital Grinnell,,Latin America.; Tropics.; Amazon Basin.,,,"Copyright to this work is held by the author(s), in accordance with United States copyright law (USC 17). Readers of this work have certain rights as defined by the law, including but not limited to fair use (17 USC 107 et seq.).",,,,,,,,,,,,,,0080  https://docs.google.com/spreadsheets/d/1JzW8TGU8qJlBAlyoMyDS1mkLTGoaLrsCzVtwQo-4JlU/edit?usp=sharing,"{/""worksheet/"": /""https://docs.google.com/spreadsheets/d/1JzW8TGU8qJlBAlyoMyDS1mkLTGoaLrsCzVtwQo-4JlU#gid=1804306342/"", /""directory/"": /""smb://storage/mediadb/DGingest/Migration-to-Alma/exports/curricular-materials/"", /""object/"": {/""pid/"": /""grinnell:3435/"", /""title/"": /""Degradation and Development in Tropical Forests/"", /""files/"": [/""grinnell_3435_MODS.xml/"", /""grinnell_3435_RELS-EXT.rdf/""]}}"
,,991011506421904641,991011506421904641,,Darwin's Legacy in the 20th Century and Beyond,"Tutorial, Fall 2000",,grinnell:3434; grinnell:3434; http://hdl.handle.net/11084/3434; alma:01GCL_INST/bibs/991011506421904641,http://hdl.handle.net/11084/3434,,"Rommereim, John C.","Rommereim, John C.","Tutorial, Fall 2000",,,,,,,,,,,,,,,,"The goals of this course are: 1) to develop your skills in the areas of critical thinking, writing, and oral communication. 2) to integrate you fully into the college environment by providing you with advice regarding your course of study and other necessary assistance. Although the subject matter is expansive and interesting in its own right, we should remember that the readings are not an end to themselves, but are intended to be a springboard to facilitate the development of your skills. We will consider the impact of Darwin's thought in four areas: 1) the relationship between science and religion, 2) the question of design in nature, 3) current scientific understanding of the origin of life on earth (and related questions regarding extra-terrestrial life), and 4) application of Darwin's ideas to questions regarding human nature.",Grinnell College,Grinnell College,2000-08-24,2000,2000-08-24,,2000-08-24,text,born digital,,,,,,English,,Digital Grinnell,Digital Grinnell,Digital Grinnell,,,,,"Copyright to this work is held by the author(s), in accordance with United States copyright law (USC 17). Readers of this work have certain rights as defined by the law, including but not limited to fair use (17 USC 107 et seq.).",,,,,,,,,,,,,,0079  https://docs.google.com/spreadsheets/d/1JzW8TGU8qJlBAlyoMyDS1mkLTGoaLrsCzVtwQo-4JlU/edit?usp=sharing,"{/""worksheet/"": /""https://docs.google.com/spreadsheets/d/1JzW8TGU8qJlBAlyoMyDS1mkLTGoaLrsCzVtwQo-4JlU#gid=1804306342/"", /""directory/"": /""smb://storage/mediadb/DGingest/Migration-to-Alma/exports/curricular-materials/"", /""object/"": {/""pid/"": /""grinnell:3434/"", /""title/"": /""Darwin's Legacy in the 20th Century and Beyond/"", /""files/"": [/""grinnell_3434_MODS.xml/"", /""grinnell_3434_RELS-EXT.rdf/""]}}"
,,991011506422004641,991011506422004641,,The Comedies of Aristophanes,Tutorial: The Comedies of Aristophanes,,grinnell:3433; grinnell:3433; http://hdl.handle.net/11084/3433; alma:01GCL_INST/bibs/991011506422004641,http://hdl.handle.net/11084/3433,,Grinnell College. Classics.,"Lalonde, Gerald V.; Grinnell College. Classics.",Tutorial: The Comedies of Aristophanes,,,,,,,,,,,,,,,,"Throughout the semester we will explore the meaning, philosophy, and psychology of the comic as we see it in Aristophanes and elsewhere - what makes something funny. Is all humor contextual or are some of its elements intrinsic or universal? What did the famous actor mean with his last words,",Grinnell College,Grinnell College,2004,2004,2004,,,text,born digital,,,,,,English,,Digital Grinnell,Digital Grinnell,Digital Grinnell,,,,,"Copyright to this work is held by the author(s), in accordance with United States copyright law (USC 17). Readers of this work have certain rights as defined by the law, including but not limited to fair use (17 USC 107 et seq.).",,,,,,,,,,,,,,0078  https://docs.google.com/spreadsheets/d/1JzW8TGU8qJlBAlyoMyDS1mkLTGoaLrsCzVtwQo-4JlU/edit?usp=sharing,"{/""worksheet/"": /""https://docs.google.com/spreadsheets/d/1JzW8TGU8qJlBAlyoMyDS1mkLTGoaLrsCzVtwQo-4JlU#gid=1804306342/"", /""directory/"": /""smb://storage/mediadb/DGingest/Migration-to-Alma/exports/curricular-materials/"", /""object/"": {/""pid/"": /""grinnell:3433/"", /""title/"": /""The Comedies of Aristophanes/"", /""files/"": [/""grinnell_3433_MODS.xml/"", /""grinnell_3433_RELS-EXT.rdf/""]}}"
,,991011506422104641,991011506422104641,,Color Culture and Class,"Tutorial: Color, Culture and Class",,grinnell:3432; grinnell:3432; http://hdl.handle.net/11084/3432; alma:01GCL_INST/bibs/991011506422104641,http://hdl.handle.net/11084/3432,,"zoulay, Katya Gibel Mevorach","zoulay, Katya Gibel Mevorach","Tutorial: Color, Culture and Class",,,,,,,,,,,,,,,,"Race thinking dominates ways in which people in the United States differentiate groups of people from each other. This tutorial focuses on associations between color and culture in order to examine how racial meanings are constructed and made comprehensible as well as how they are routed through representations of class. Using a combination of texts --  academic articles, films, newspapers and advertisements -- we will explore representations of",Grinnell College,Grinnell College,2002,2002,2002,,,text,born digital,,,,,,English,,Digital Grinnell,Digital Grinnell,Digital Grinnell,,United States.,,,"Copyright to this work is held by the author(s), in accordance with United States copyright law (USC 17). Readers of this work have certain rights as defined by the law, including but not limited to fair use (17 USC 107 et seq.).",,,,,,,,,,,,,,0077  https://docs.google.com/spreadsheets/d/1JzW8TGU8qJlBAlyoMyDS1mkLTGoaLrsCzVtwQo-4JlU/edit?usp=sharing,"{/""worksheet/"": /""https://docs.google.com/spreadsheets/d/1JzW8TGU8qJlBAlyoMyDS1mkLTGoaLrsCzVtwQo-4JlU#gid=1804306342/"", /""directory/"": /""smb://storage/mediadb/DGingest/Migration-to-Alma/exports/curricular-materials/"", /""object/"": {/""pid/"": /""grinnell:3432/"", /""title/"": /""Color Culture and Class/"", /""files/"": [/""grinnell_3432_MODS.xml/"", /""grinnell_3432_RELS-EXT.rdf/""]}}"
,,991011506422204641,991011506422204641,,Campus Culture Wars -- Then and Now,"Tutorial, Fall 1997",,grinnell:3431; grinnell:3431; http://hdl.handle.net/11084/3431; alma:01GCL_INST/bibs/991011506422204641,http://hdl.handle.net/11084/3431,,"Kaiser, Daniel H.","Kaiser, Daniel H.","Tutorial, Fall 1997",,,,,,,,,,,,,,,,"In recent years there has been much debate about what constitutes an appropriate undergraduate education. Discussions of multiculturalism, race and gender equality, political correctness, and much else have helped fuel sometimes stormy debates about what college students ought to learn and how. But these debates are not new, especially in American education. In this tutorial we shall examine both recent controversies and their predecessors in an effort to establish our own criteria for the proper definition of liberal education in late twentieth-century America. These discussions will conclude with each student creating his or her own four-year course of study, together with an essay justifying it on the principles of liberal education.",Grinnell College,Grinnell College,1997,1997,1997,,,text,born digital,,,,,,English,,Digital Grinnell,Digital Grinnell,Digital Grinnell,,,,,"Copyright to this work is held by the author(s), in accordance with United States copyright law (USC 17). Readers of this work have certain rights as defined by the law, including but not limited to fair use (17 USC 107 et seq.).",,,,,,,,,,,,,,0076  https://docs.google.com/spreadsheets/d/1JzW8TGU8qJlBAlyoMyDS1mkLTGoaLrsCzVtwQo-4JlU/edit?usp=sharing,"{/""worksheet/"": /""https://docs.google.com/spreadsheets/d/1JzW8TGU8qJlBAlyoMyDS1mkLTGoaLrsCzVtwQo-4JlU#gid=1804306342/"", /""directory/"": /""smb://storage/mediadb/DGingest/Migration-to-Alma/exports/curricular-materials/"", /""object/"": {/""pid/"": /""grinnell:3431/"", /""title/"": /""Campus Culture Wars -- Then and Now/"", /""files/"": [/""grinnell_3431_MODS.xml/"", /""grinnell_3431_RELS-EXT.rdf/""]}}"
,,991011506422304641,991011506422304641,,Beast and Beauties: Monstrosity and Romance in Literature and Film,Connections a hypertext resource for literature: Syllabus,,grinnell:3430; grinnell:3430; http://hdl.handle.net/11084/3430; alma:01GCL_INST/bibs/991011506422304641,http://hdl.handle.net/11084/3430,,"Simpson, Erik","Simpson, Erik",Connections a hypertext resource for literature: Syllabus,,,,,,,,,,,,,,,,"The first year tutorial, taken in the fall semester, is Grinnell College's only general academic course requirement. The college intends the tutorial to assist students in further developing their critical thinking skills and in improving their written and oral communication skills. Each of the tutorials offered in a given fall semester is based around a particular subject matter, which provides the vehicle by which the above goals are accomplished. Explores literary analysis through fairy tales and Gothic fiction",Grinnell College,Grinnell College,2004-08-01,2004,2004-08-01,,2004-08-01,text,born digital,,,,,,English,,Digital Grinnell,Digital Grinnell,Digital Grinnell,,,,,"Copyright to this work is held by the author(s), in accordance with United States copyright law (USC 17). Readers of this work have certain rights as defined by the law, including but not limited to fair use (17 USC 107 et seq.).",,,,,,,,,,,,,,0075  https://docs.google.com/spreadsheets/d/1JzW8TGU8qJlBAlyoMyDS1mkLTGoaLrsCzVtwQo-4JlU/edit?usp=sharing,"{/""worksheet/"": /""https://docs.google.com/spreadsheets/d/1JzW8TGU8qJlBAlyoMyDS1mkLTGoaLrsCzVtwQo-4JlU#gid=1804306342/"", /""directory/"": /""smb://storage/mediadb/DGingest/Migration-to-Alma/exports/curricular-materials/"", /""object/"": {/""pid/"": /""grinnell:3430/"", /""title/"": /""Beast and Beauties: Monstrosity and Romance in Literature and Film/"", /""files/"": [/""grinnell_3430_MODS.xml/"", /""grinnell_3430_RELS-EXT.rdf/""]}}"
,,991011506422404641,991011506422404641,,Americans in Paris: Through the Looking Glass,"Tutorial, Fall 2002",,grinnell:3429; grinnell:3429; http://hdl.handle.net/11084/3429; alma:01GCL_INST/bibs/991011506422404641,http://hdl.handle.net/11084/3429,,,,"Tutorial, Fall 2002",,,,,,,,,,,,,,,,"This semester we will journey to Paris through the eyes of Americans. From the founding fathers of the United States to the most recent winner of the Tour de France, from jazz  musicians and painters to the most prominent writers of the century, Americans have influenced and been influenced by their encounters with Paris.",,,2002,2002,2002,,,text,born digital,,,,,,English,,Digital Grinnell,Digital Grinnell,Digital Grinnell,,,,,"Copyright to this work is held by the author(s), in accordance with United States copyright law (USC 17). Readers of this work have certain rights as defined by the law, including but not limited to fair use (17 USC 107 et seq.).",,,,,,,,,,,,,,0074  https://docs.google.com/spreadsheets/d/1JzW8TGU8qJlBAlyoMyDS1mkLTGoaLrsCzVtwQo-4JlU/edit?usp=sharing,"{/""worksheet/"": /""https://docs.google.com/spreadsheets/d/1JzW8TGU8qJlBAlyoMyDS1mkLTGoaLrsCzVtwQo-4JlU#gid=1804306342/"", /""directory/"": /""smb://storage/mediadb/DGingest/Migration-to-Alma/exports/curricular-materials/"", /""object/"": {/""pid/"": /""grinnell:3429/"", /""title/"": /""Americans in Paris: Through the Looking Glass/"", /""files/"": [/""grinnell_3429_MODS.xml/"", /""grinnell_3429_RELS-EXT.rdf/""]}}"
,,991011506422504641,991011506422504641,,American Memorials and the Politics of Memory,"American Memorials and the Politics or Memory: Tutorial, Fall 2004",,grinnell:3428; grinnell:3428; http://hdl.handle.net/11084/3428; alma:01GCL_INST/bibs/991011506422504641,http://hdl.handle.net/11084/3428,,"Purcell, Sarah J.","Purcell, Sarah J.","American Memorials and the Politics or Memory: Tutorial, Fall 2004",,,,,,,,,,,,,,,,"In the post-September 11 United States, public memory has taken on heightened social importance. Plans for several  September 11 memorials are well under way, and the public recollection and commemoration of the events of September 11 have taken on a large role in American political discourse. Why does the American public feel the need to commemorate sacrifice, and why is there a debate over the  proper form of public memory?",Grinnell College,Grinnell College,2004,2004,2004,,,text,born digital,,,,,,English,,Digital Grinnell,Digital Grinnell,Digital Grinnell,,,,,"Copyright to this work is held by the author(s), in accordance with United States copyright law (USC 17). Readers of this work have certain rights as defined by the law, including but not limited to fair use (17 USC 107 et seq.).",,,,,,,,,,,,,,0073  https://docs.google.com/spreadsheets/d/1JzW8TGU8qJlBAlyoMyDS1mkLTGoaLrsCzVtwQo-4JlU/edit?usp=sharing,"{/""worksheet/"": /""https://docs.google.com/spreadsheets/d/1JzW8TGU8qJlBAlyoMyDS1mkLTGoaLrsCzVtwQo-4JlU#gid=1804306342/"", /""directory/"": /""smb://storage/mediadb/DGingest/Migration-to-Alma/exports/curricular-materials/"", /""object/"": {/""pid/"": /""grinnell:3428/"", /""title/"": /""American Memorials and the Politics of Memory/"", /""files/"": [/""grinnell_3428_MODS.xml/"", /""grinnell_3428_RELS-EXT.rdf/""]}}"
,,991011506422604641,991011506422604641,,American Memorials,"American Memorials: Tutorial, Fall 2002",,grinnell:3426; grinnell:3426; http://hdl.handle.net/11084/3426; alma:01GCL_INST/bibs/991011506422604641,http://hdl.handle.net/11084/3426,,"Purcell, Sarah J.","Purcell, Sarah J.","American Memorials: Tutorial, Fall 2002",,,,,,,,,,,,,,,,"In the aftermath of the September 11 terrorist attack in the United States,  many people have proposed memorials to mark the site of the tragedy, especially at the World Trade Center. Why does the American public feel the need to commemorate sacrifice, and why is there a debate over the proper form of public memory? This tutorial will explore these questions and will put the current debate in the context of a long tradition of public memorials in  America.",Grinnell College,Grinnell College,2002,2002,2002,,,text,born digital,,,,,,English,,Digital Grinnell,Digital Grinnell,Digital Grinnell,,,,,"Copyright to this work is held by the author(s), in accordance with United States copyright law (USC 17). Readers of this work have certain rights as defined by the law, including but not limited to fair use (17 USC 107 et seq.).",,,,,,,,,,,,,,0072  https://docs.google.com/spreadsheets/d/1JzW8TGU8qJlBAlyoMyDS1mkLTGoaLrsCzVtwQo-4JlU/edit?usp=sharing,"{/""worksheet/"": /""https://docs.google.com/spreadsheets/d/1JzW8TGU8qJlBAlyoMyDS1mkLTGoaLrsCzVtwQo-4JlU#gid=1804306342/"", /""directory/"": /""smb://storage/mediadb/DGingest/Migration-to-Alma/exports/curricular-materials/"", /""object/"": {/""pid/"": /""grinnell:3426/"", /""title/"": /""American Memorials/"", /""files/"": [/""grinnell_3426_MODS.xml/"", /""grinnell_3426_RELS-EXT.rdf/""]}}"
,,991011506422704641,991011506422704641,,Dynamic Map and Timeline: History of the Modern Middle East (1798-Present),,,grinnell:3324; grinnell:3324; http://hdl.handle.net/11084/3324; alma:01GCL_INST/bibs/991011506422704641,http://hdl.handle.net/11084/3324,,"Conner, Mike","Elfenbein, Caleb; Conner, Mike",Faculty Fair,,,,,,,,,,,,,,,,A poster explaining how the faculty member used a dynamic map and timeline to illustrate events. The map and timeline are tied together so that an entry on one appears on the other.,Grinnell College,Grinnell College,2013-05-01,2013,2013-05-01,,2013-05-01,poster,born digital,,,,,,English,,Digital Grinnell,Digital Grinnell,Digital Grinnell,,Middle East,,,"Copyright to this work is held by the author(s), in accordance with United States copyright law (USC 17). Readers of this work have certain rights as defined by the law, including but not limited to fair use (17 USC 107 et seq.).",,,,,,,,,,,,,,0071  https://docs.google.com/spreadsheets/d/1JzW8TGU8qJlBAlyoMyDS1mkLTGoaLrsCzVtwQo-4JlU/edit?usp=sharing,"{/""worksheet/"": /""https://docs.google.com/spreadsheets/d/1JzW8TGU8qJlBAlyoMyDS1mkLTGoaLrsCzVtwQo-4JlU#gid=1804306342/"", /""directory/"": /""smb://storage/mediadb/DGingest/Migration-to-Alma/exports/curricular-materials/"", /""object/"": {/""pid/"": /""grinnell:3324/"", /""title/"": /""Dynamic Map and Timeline: History of the Modern Middle East (1798-Present)/"", /""files/"": [/""grinnell_3324_MODS.xml/"", /""grinnell_3324_RELS-EXT.rdf/""]}}"
,,991011506422804641,991011506422804641,,Students Build Interactive Timeline to Organize Chronological Events in Korea's Economic Development,Korea's Economic Development Timeline Assignment,,grinnell:3249; grinnell:3249; http://hdl.handle.net/11084/3249; alma:01GCL_INST/bibs/991011506422804641,http://hdl.handle.net/11084/3249,,"Peterson, Stephanie","Mutti, John /""Jack/"" H.; Peterson, Stephanie",Korea's Economic Development Timeline Assignment,,,,,,,,,,,,,,,,This poster describes the design of an assigment to build timelines using Google sheets and Http://timeline.verite.co,Grinnell College,Grinnell College,2013-05-01,2013,2013-05-01,,2013-05-01,poster,born digital,,,,,,English,,Digital Grinnell,Digital Grinnell,Digital Grinnell,,Grinnell (Iowa),,2012-2013,"Copyright to this work is held by the author(s), in accordance with United States copyright law (USC 17). Readers of this work have certain rights as defined by the law, including but not limited to fair use (17 USC 107 et seq.).",,,,,,,,,,,,,,0070  https://docs.google.com/spreadsheets/d/1JzW8TGU8qJlBAlyoMyDS1mkLTGoaLrsCzVtwQo-4JlU/edit?usp=sharing,"{/""worksheet/"": /""https://docs.google.com/spreadsheets/d/1JzW8TGU8qJlBAlyoMyDS1mkLTGoaLrsCzVtwQo-4JlU#gid=1804306342/"", /""directory/"": /""smb://storage/mediadb/DGingest/Migration-to-Alma/exports/curricular-materials/"", /""object/"": {/""pid/"": /""grinnell:3249/"", /""title/"": /""Students Build Interactive Timeline to Organize Chronological Events in Korea's Economic Development/"", /""files/"": [/""grinnell_3249_MODS.xml/"", /""grinnell_3249_RELS-EXT.rdf/""]}}"
,,991011506422904641,991011506422904641,,Decline and Renewal in the Heartland,"Tutorial, Fall 2004, Decline and Renewal in the Heartland",,grinnell:317; grinnell:317; http://hdl.handle.net/11084/317; alma:01GCL_INST/bibs/991011506422904641,http://hdl.handle.net/11084/317,,,,"Tutorial, Fall 2004, Decline and Renewal in the Heartland",,,,,,,,,,,,,,,,"The first year tutorial, taken in the fall semester, is Grinnell College's only general academic course requirement. The college intends the tutorial to assist students in further developing their critical thinking skills and in improving their written and oral communication skills. Each of the tutorials offered in a given fall semester is based around a particular subject matter, which provides the vehicle by which the above goals are accomplished. The arrival of European Americans in the Upper Midwest in the middle of the nineteenth century led to dramatic changes in the region's ecology. In what was perhaps the most rapid and extensive degradation of a natural ecosystem in human history, in the space of 50 years settlers plowed under millions of acres of the native tallgrass prairie and replaced it with a diversified agricultural ecosystem on what proved to be some of the best farmland in the world.",Grinnell College,Grinnell College,2004-08-23,2004,2004-08-23,,2004-08-23,text,born digital,6 pages,6 pages,,,,English,,Liberal Arts Scholarly Repository,Liberal Arts Scholarly Repository,Liberal Arts Scholarly Repository,,Iowa,,,"Copyright to this work is held by the author(s), in accordance with United States copyright law (USC 17). Readers of this work have certain rights as defined by the law, including but not limited to fair use (17 USC 107 et seq.).",,,,,,,,,,,,,,0069  https://docs.google.com/spreadsheets/d/1JzW8TGU8qJlBAlyoMyDS1mkLTGoaLrsCzVtwQo-4JlU/edit?usp=sharing,"{/""worksheet/"": /""https://docs.google.com/spreadsheets/d/1JzW8TGU8qJlBAlyoMyDS1mkLTGoaLrsCzVtwQo-4JlU#gid=1804306342/"", /""directory/"": /""smb://storage/mediadb/DGingest/Migration-to-Alma/exports/curricular-materials/"", /""object/"": {/""pid/"": /""grinnell:317/"", /""title/"": /""Decline and Renewal in the Heartland/"", /""files/"": [/""grinnell_317_MODS.xml/"", /""grinnell_317_RELS-EXT.rdf/""]}}"
,,991011506423004641,991011506423004641,,"Decline and Renewal in the Heartland, Fall 2003 Syllabus","Tutorial, Fall 2003, Decline and Renewal in the Heartland",,grinnell:316; grinnell:316; http://hdl.handle.net/11084/316; alma:01GCL_INST/bibs/991011506423004641,http://hdl.handle.net/11084/316,,"Andelson, Jonathan Gary (Faculty/Staff)",,"Tutorial, Fall 2003, Decline and Renewal in the Heartland",,,,,,,,,,,,,,,,"The first year tutorial, taken in the fall semester, is Grinnell College's only general academic course requirement. The college intends the tutorial to assist students in further developing their critical thinking skills and in improving their written and oral communication skills. Each of the tutorials offered in a given fall semester is based around a particular subject matter, which provides the vehicle by which the above goals are accomplished. The arrival of European Americans in the Upper Midwest in the middle of the nineteenth century led to dramatic changes in the region's ecology. In what was perhaps the most rapid and extensive degradation of a natural ecosystem in human history, in the space of 50 years settlers plowed under millions of acres of the native tallgrass prairie and replaced it with a diversified agricultural ecosystem on what proved to be some of the best farmland in the world. As agriculture expanded, the prairie diminished.",Grinnell College,Grinnell College,2003-08-20,2003,2003-08-20,,2003-08-20,text,born digital,6 pages,6 pages,,,,English,,Liberal Arts Scholarly Repository,Liberal Arts Scholarly Repository,Liberal Arts Scholarly Repository,,Iowa,,,"Copyright to this work is held by the author(s), in accordance with United States copyright law (USC 17). Readers of this work have certain rights as defined by the law, including but not limited to fair use (17 USC 107 et seq.).",,,,,,,,,,,,,,0068  https://docs.google.com/spreadsheets/d/1JzW8TGU8qJlBAlyoMyDS1mkLTGoaLrsCzVtwQo-4JlU/edit?usp=sharing,"{/""worksheet/"": /""https://docs.google.com/spreadsheets/d/1JzW8TGU8qJlBAlyoMyDS1mkLTGoaLrsCzVtwQo-4JlU#gid=1804306342/"", /""directory/"": /""smb://storage/mediadb/DGingest/Migration-to-Alma/exports/curricular-materials/"", /""object/"": {/""pid/"": /""grinnell:316/"", /""title/"": /""Decline and Renewal in the Heartland, Fall 2003 Syllabus/"", /""files/"": [/""grinnell_316_MODS.xml/"", /""grinnell_316_RELS-EXT.rdf/""]}}"
,,991011506423104641,991011506423104641,,Embodied Experiences in the Environment curriculum,,,grinnell:27969; grinnell:27969; http://hdl.handle.net/11084/27969; alma:01GCL_INST/bibs/991011506423104641,http://hdl.handle.net/11084/27969,,"Miller, Celeste (Faculty/Staff)",,teaching,,,,,,,,,,,,,,,,Embodied Experiences in the Environment Curriculum guide.,Grinnell College,Grinnell College,August 2018,2018,August 2018,,,text,born digital,2 pages,2 pages,,,,English,,,,,,Grinnell (Iowa),,Twenty tens,"Copyright to this work is held by the author(s), in accordance with United States copyright law (USC 17). Readers of this work have certain rights as defined by the law, including but not limited to fair use (17 USC 107 et seq.).",,,,,,,,,,,,,,0067  https://docs.google.com/spreadsheets/d/1JzW8TGU8qJlBAlyoMyDS1mkLTGoaLrsCzVtwQo-4JlU/edit?usp=sharing,"{/""worksheet/"": /""https://docs.google.com/spreadsheets/d/1JzW8TGU8qJlBAlyoMyDS1mkLTGoaLrsCzVtwQo-4JlU#gid=1804306342/"", /""directory/"": /""smb://storage/mediadb/DGingest/Migration-to-Alma/exports/curricular-materials/"", /""object/"": {/""pid/"": /""grinnell:27969/"", /""title/"": /""Embodied Experiences in the Environment curriculum/"", /""files/"": [/""grinnell_27969_MODS.xml/"", /""grinnell_27969_RELS-EXT.rdf/""]}}"
,,991011506423204641,991011506423204641,,Music in the Balance of Power,Tutorial: Music in the Balance of Power,,grinnell:226; grinnell:226; http://hdl.handle.net/11084/226; alma:01GCL_INST/bibs/991011506423204641,http://hdl.handle.net/11084/226,,"Vetter, Roger R.","Vetter, Roger R.",Tutorial: Music in the Balance of Power,,,,,,,,,,,,,,,,"The first year tutorial, taken in the fall semester, is Grinnell College's only general academic course requirement. The college intends the tutorial to assist students in further developing their critical thinking skills and in improving their written and oral communication skills. Each of the tutorials offered in a given fall semester is based around a particular subject matter, which provides the vehicle by which the above goals are accomplished.",Grinnell College,Grinnell College,2002-08-01,2002,2002-08-01,,2002-08-01,text,born digital,,,,,,English,,Liberal Arts Scholarly Repository,Liberal Arts Scholarly Repository,Liberal Arts Scholarly Repository,,,,,"Copyright to this work is held by the author(s), in accordance with United States copyright law (USC 17). Readers of this work have certain rights as defined by the law, including but not limited to fair use (17 USC 107 et seq.).",,,,,,,,,,,,,,0066  https://docs.google.com/spreadsheets/d/1JzW8TGU8qJlBAlyoMyDS1mkLTGoaLrsCzVtwQo-4JlU/edit?usp=sharing,"{/""worksheet/"": /""https://docs.google.com/spreadsheets/d/1JzW8TGU8qJlBAlyoMyDS1mkLTGoaLrsCzVtwQo-4JlU#gid=1804306342/"", /""directory/"": /""smb://storage/mediadb/DGingest/Migration-to-Alma/exports/curricular-materials/"", /""object/"": {/""pid/"": /""grinnell:226/"", /""title/"": /""Music in the Balance of Power/"", /""files/"": [/""grinnell_226_MODS.xml/"", /""grinnell_226_RELS-EXT.rdf/""]}}"
,,991011506423304641,991011506423304641,,Primitive Skills in the Modern World,"Tutorial, Fall 2003, Whittaker",,grinnell:225; grinnell:225; http://hdl.handle.net/11084/225; alma:01GCL_INST/bibs/991011506423304641,http://hdl.handle.net/11084/225,,"Whittaker, John C. ǂq (John Charles)","Whittaker, John C. ǂq (John Charles)","Tutorial, Fall 2003, Whittaker",,,,,,,,,,,,,,,,"The first year tutorial, taken in the fall semester, is Grinnell College's only general academic course requirement. The college intends the tutorial to assist students in further developing their critical thinking skills and in improving their written and oral communication skills. Each of the tutorials offered in a given fall semester is based around a particular subject matter, which provides the vehicle by which the above goals are accomplished. Modern popular culture is seeing a revival of interest in primitive skills. Practical experience; reading and writing will be applied to the the exploration of primitive.",Grinnell College,Grinnell College,2003-08-01,2003,2003-08-01,,2003-08-01,text,born digital,,,,,,English,,Digital Grinnell,Digital Grinnell,Digital Grinnell,,,,,"Copyright to this work is held by the author(s), in accordance with United States copyright law (USC 17). Readers of this work have certain rights as defined by the law, including but not limited to fair use (17 USC 107 et seq.).",,,,,,,,,,,,,,0065  https://docs.google.com/spreadsheets/d/1JzW8TGU8qJlBAlyoMyDS1mkLTGoaLrsCzVtwQo-4JlU/edit?usp=sharing,"{/""worksheet/"": /""https://docs.google.com/spreadsheets/d/1JzW8TGU8qJlBAlyoMyDS1mkLTGoaLrsCzVtwQo-4JlU#gid=1804306342/"", /""directory/"": /""smb://storage/mediadb/DGingest/Migration-to-Alma/exports/curricular-materials/"", /""object/"": {/""pid/"": /""grinnell:225/"", /""title/"": /""Primitive Skills in the Modern World/"", /""files/"": [/""grinnell_225_MODS.xml/"", /""grinnell_225_RELS-EXT.rdf/""]}}"
,,991011506423404641,991011506423404641,,Computing: Limitations and Promising Developments,"Computing Tutorial, Grinnell College, Fall, 2004; Tutorial, Fall 2004, Walker",,grinnell:222; grinnell:222; http://hdl.handle.net/11084/222; alma:01GCL_INST/bibs/991011506423404641,http://hdl.handle.net/11084/222,,Grinnell College. Computer Science,"Walker, Henry M.; Grinnell College. Computer Science","Computing Tutorial, Grinnell College, Fall, 2004",,,,,,,,,,,,,,,,"The first year tutorial, taken in the fall semester, is Grinnell College's only general academic course requirement. The college intends the tutorial to assist students in further developing their critical thinking skills and in improving their written and oral communication skills. Each of the tutorials offered in a given fall semester is based around a particular subject matter, which provides the vehicle by which the above goals are accomplished. Uses the exploration of issues around artificial intelligence and computing in general",Grinnell College,Grinnell College,2004-08-01,2004,2004-08-01,,2004-08-01,text,born digital,,,,,,English,,Liberal Arts Scholarly Repository,Liberal Arts Scholarly Repository,Liberal Arts Scholarly Repository,,,,,"Copyright to this work is held by the author(s), in accordance with United States copyright law (USC 17). Readers of this work have certain rights as defined by the law, including but not limited to fair use (17 USC 107 et seq.).",,,,,,,,,,,,,,0063  https://docs.google.com/spreadsheets/d/1JzW8TGU8qJlBAlyoMyDS1mkLTGoaLrsCzVtwQo-4JlU/edit?usp=sharing,"{/""worksheet/"": /""https://docs.google.com/spreadsheets/d/1JzW8TGU8qJlBAlyoMyDS1mkLTGoaLrsCzVtwQo-4JlU#gid=1804306342/"", /""directory/"": /""smb://storage/mediadb/DGingest/Migration-to-Alma/exports/curricular-materials/"", /""object/"": {/""pid/"": /""grinnell:222/"", /""title/"": /""Computing: Limitations and Promising Developments/"", /""files/"": [/""grinnell_222_MODS.xml/"", /""grinnell_222_RELS-EXT.rdf/""]}}"
,,991011506423504641,991011506423504641,,Investigations: a Handbook for Biology Courses,,,grinnell:19112; grinnell:19112; http://hdl.handle.net/11084/19112; alma:01GCL_INST/bibs/991011506423504641,http://hdl.handle.net/11084/19112,,Grinnell College. Biology Department,Grinnell College. Chemistry Department,Laboratory manuals.,,,,,,,,,,,,,http://www.grinnell.edu/sites/default/files/documents/Investigations_Spring%202016_Final.pdf,,,"The goal of this handbook is to communicate to students the opportunities they have in the Departments of Biology and Chemistry, as well as the expectations of their work in Grinnell College courses.
Because of the close interaction between courses required for the Biology, Chemistry and Biological Chemistry majors, we recognize the need to speak in one voice about our approaches to teaching science. While you will find many differences between courses in our departments, we hope you will recognize and learn the common skills that are fundamental to good scientific understanding and practice.",Grinnell College. Biology Department.,Grinnell College. Biology Department.,2016,2016,2016,,,book,reformated digital,124 pages,124 pages,,,,English,,Digital Grinnell,Digital Grinnell,Digital Grinnell,,Grinnell (Iowa),,,"Copyright to this work is held by the author(s), in accordance with United            States copyright law (USC 17). Readers of this work have certain rights as defined by            the law, including but not limited to fair use (17 USC 107 et seq.).",,,,,,,,,,,,,,0062  https://docs.google.com/spreadsheets/d/1JzW8TGU8qJlBAlyoMyDS1mkLTGoaLrsCzVtwQo-4JlU/edit?usp=sharing,"{/""worksheet/"": /""https://docs.google.com/spreadsheets/d/1JzW8TGU8qJlBAlyoMyDS1mkLTGoaLrsCzVtwQo-4JlU#gid=1804306342/"", /""directory/"": /""smb://storage/mediadb/DGingest/Migration-to-Alma/exports/curricular-materials/"", /""object/"": {/""pid/"": /""grinnell:19112/"", /""title/"": /""Investigations: a Handbook for Biology Courses/"", /""files/"": [/""grinnell_19112_MODS.xml/"", /""grinnell_19112_RELS-EXT.rdf/""]}}"
,,991011506423604641,991011506423604641,,Curriculum for the Twenty-first Century: Recent Advances in Economic Theory and Undergraduate Economics,,,grinnell:11656; grinnell:11656; http://hdl.handle.net/11084/11659; alma:01GCL_INST/bibs/991011506423604641,http://hdl.handle.net/11084/11659,,"Ferguson, William D. (Class of 1975) (Faculty/Staff)",Grinnell College. Economics,Undergraduate curriculum,,,,,,,,,,,,,"Undergraduate economics lags behind cutting-edge economic theory. The author briefly reviews six related advances that profoundly extend and deepen economic analysis: game-theoretic modeling, collective-action problems, information economics and contracting, social preference theory, conceptualizing rationality, and institutional theory. He offers suggestions for incorporating these into the undergraduate classes at various levels. He argues that game-theoretic representation of collective action problems offers a unifying framework, on par with supply and demand, for political economy. Blending in the other developments deepens our micro-level understanding of internal and external contract enforcement, with implications on nonclearing markets, power, and distribution. At the macro level, these concepts illuminate the role of institutions in economic development and long-term growth. Undergraduate curricula should incorporate these new approaches.",,"Ferguson, William D. /""Curriculum for the Twenty-first Century: Recent Advances in Economic Theory and Undergraduate Economics,/"" Journal of Economic Education 42(1), January, 2011, 31-50. DOI: 10.1080/00220485.2011.536488 ~ citation/reference",Article arguing that undergraduate curricula should incorporate new approaches to economics including game-theory and other advances in economic analysis,Grinnell College,Grinnell College,06-Jan-2011,2011,06-Jan-2011,,2011-01-06,essays,born digital,,,,,,English,,Faculty Scholarship,Faculty Scholarship,Faculty Scholarship,,,,,"Copyright to this work is held by the author(s), in accordance with United States copyright law (USC 17). Readers of this work have certain rights as defined by the law, including but not limited to fair use (17 USC 107 et seq.).",,,,,,,,,,,,,,0061  https://docs.google.com/spreadsheets/d/1JzW8TGU8qJlBAlyoMyDS1mkLTGoaLrsCzVtwQo-4JlU/edit?usp=sharing,"{/""worksheet/"": /""https://docs.google.com/spreadsheets/d/1JzW8TGU8qJlBAlyoMyDS1mkLTGoaLrsCzVtwQo-4JlU#gid=1804306342/"", /""directory/"": /""smb://storage/mediadb/DGingest/Migration-to-Alma/exports/curricular-materials/"", /""object/"": {/""pid/"": /""grinnell:11656/"", /""title/"": /""Curriculum for the Twenty-first Century: Recent Advances in Economic Theory and Undergraduate Economics/"", /""files/"": [/""grinnell_11656_MODS.xml/"", /""grinnell_11656_RELS-EXT.rdf/""]}}"
,,991011506423704641,991011506423704641,,"Tutorial: Color, Culture and Class","Color, Culture and Class, Tutorial (2010)",,grinnell:11384; grinnell:11384; http://hdl.handle.net/11084/11384; alma:01GCL_INST/bibs/991011506423704641,http://hdl.handle.net/11084/11384,,"Gibel Mevorach, Katya",,"Color, Culture and Class, Tutorial (2010)",,,,,,,,,,,,,,,,"Race thinking dominates ways in which people in the United States differentiate groups of people from each other. This tutorial focuses on associations between color and culture in order to examine how racial meanings are constructed and made comprehensible as well as how they are routed through representations of class. Using a combination of texts -- academic articles, films, newspapers and advertisements -- we will explore representations of /""whiteness,/"" /""blackness,/"" and other /""race-d/"" identities in the public arena. Throughout the semester we will interrogate the language, ideas and assumptions that give meaning to the different ways we perceive the world around us and through which we understand our individual experiences.",Grinnell College,Grinnell College,2010-07-01,2010,2010-07-01,,2010-07-01,text,reformated digital,11 pages,11 pages,,,,English,,Grinnell College. Tutorial,Grinnell College. Tutorial,Grinnell College. Tutorial,,United States,,,"Copyright to this work is held by the author(s), in accordance with United            States copyright law (USC 17). Readers of this work have certain rights as defined by            the law, including but not limited to fair use (17 USC 107 et seq.).",,,,,,,,,,,,,,0060  https://docs.google.com/spreadsheets/d/1JzW8TGU8qJlBAlyoMyDS1mkLTGoaLrsCzVtwQo-4JlU/edit?usp=sharing,"{/""worksheet/"": /""https://docs.google.com/spreadsheets/d/1JzW8TGU8qJlBAlyoMyDS1mkLTGoaLrsCzVtwQo-4JlU#gid=1804306342/"", /""directory/"": /""smb://storage/mediadb/DGingest/Migration-to-Alma/exports/curricular-materials/"", /""object/"": {/""pid/"": /""grinnell:11384/"", /""title/"": /""Tutorial: Color, Culture and Class/"", /""files/"": [/""grinnell_11384_MODS.xml/"", /""grinnell_11384_RELS-EXT.rdf/""]}}"
,,991011506423804641,991011506423804641,,Tutorial: Celebrating Forty Years,Tutorial: Celebrating 40 Years,,grinnell:1076; grinnell:1076; http://hdl.handle.net/11084/1076; alma:01GCL_INST/bibs/991011506423804641,http://hdl.handle.net/11084/1076,,"Yoder, Brooke (Class of 2012)","Rod, Catherine (Faculty/Staff advisor); Grinnell College Libraries. Archives",Tutorial: Celebrating 40 Years,,,,,,,,,,,,,,,,The catalog for an exhibition by the same name highlighting the timeline of theTutorial at Grinnell.,Grinnell College Libraries,Grinnell College Libraries,2011,2011,2011,,,book,born digital,,,,,,English,Digital Grinnell,Library Exhibitions,Library Exhibitions,Library Exhibitions,,Grinnell (Iowa),,,"Copyright to this work is held by the author(s), in accordance with United States copyright law (USC 17). Readers of this work have certain rights as defined by the law, including but not limited to fair use (17 USC 107 et seq.).",,,,,,,,,,,,,,0032  https://docs.google.com/spreadsheets/d/1JzW8TGU8qJlBAlyoMyDS1mkLTGoaLrsCzVtwQo-4JlU/edit?usp=sharing,"{/""worksheet/"": /""https://docs.google.com/spreadsheets/d/1JzW8TGU8qJlBAlyoMyDS1mkLTGoaLrsCzVtwQo-4JlU#gid=1804306342/"", /""directory/"": /""smb://storage/mediadb/DGingest/Migration-to-Alma/exports/curricular-materials/"", /""object/"": {/""pid/"": /""grinnell:1076/"", /""title/"": /""Tutorial: Celebrating Forty Years/"", /""files/"": [/""grinnell_1076_MODS.xml/"", /""grinnell_1076_RELS-EXT.rdf/""]}}"
,,991011506575704641,991011506575704641,parent: grinnell:224,Computational Physics,,,grinnell:224; grinnell:224; http://hdl.handle.net/11084/224; alma:01GCL_INST/bibs/991011506575704641,http://hdl.handle.net/11084/224,"Computational Physics (compound); Computational Physics at Grinnell College (text); Unit I: Error Propagation: an Introduction to the Monte Carlo Method (text); Unit II: Graphing Functions and Data (text); Unit III: Interpolation of Data (text); Unit IV: Roots and Minima (text); Unit V: Integration (text); Unit VI: Derivatives and Differential Equations (text); Unit VII: Differential Equations II (text); Unit VIII: Matrices, Eigenvalues and Eigenvectors (text); Unit IX: Least Squares Fitting of Data (text); Unit X: Data Repository Overview (text); Unit XI: Text, Graphics, and Equations (text); Unit XII: A Touch of Chaos (text); Unit XIII: Monte Carlo Methods (text); Unit XIV: The Internet (text)","Schneider, Mark B.",Grinnell College. Physics,"Physics 295, Computational Physics",,,,,,,,,,,,,,,,"Curricular materials for Physics 295, Computational Physics, offered in Spring, 1998 by Prof. Mark Schneider at Grinnell College",Grinnell College,Grinnell College,1998-01-01,1998,1998-01-01,,1998-01-01,compound,born digital,,,,,,English,,Liberal Arts Scholarly Repository,Liberal Arts Scholarly Repository,Liberal Arts Scholarly Repository,,Grinnell (Iowa),,,"Copyright to this work is held by the author(s), in accordance with United States copyright law (USC 17). Readers of this work have certain rights as defined by the law, including but not limited to fair use (17 USC 107 et seq.).",,,,,,,,,,,,,,0064  https://docs.google.com/spreadsheets/d/1JzW8TGU8qJlBAlyoMyDS1mkLTGoaLrsCzVtwQo-4JlU/edit?usp=sharing,"{/""worksheet/"": /""https://docs.google.com/spreadsheets/d/1JzW8TGU8qJlBAlyoMyDS1mkLTGoaLrsCzVtwQo-4JlU#gid=1804306342/"", /""directory/"": /""smb://storage/mediadb/DGingest/Migration-to-Alma/exports/curricular-materials/"", /""children/"": [{/""pid/"": /""grinnell:10760/"", /""title/"": /""Computational Physics at Grinnell College/"", /""files/"": [/""grinnell_10760_MODS.xml/"", /""grinnell_10760_RELS-EXT.rdf/""]}, {/""pid/"": /""grinnell:10761/"", /""title/"": /""Unit I: Error Propagation: an Introduction to the Monte Carlo Method/"", /""files/"": [/""grinnell_10761_MODS.xml/"", /""grinnell_10761_RELS-EXT.rdf/""]}, {/""pid/"": /""grinnell:10762/"", /""title/"": /""Unit II: Graphing Functions and Data/"", /""files/"": [/""grinnell_10762_MODS.xml/"", /""grinnell_10762_RELS-EXT.rdf/""]}, {/""pid/"": /""grinnell:10763/"", /""title/"": /""Unit III: Interpolation of Data/"", /""files/"": [/""grinnell_10763_MODS.xml/"", /""grinnell_10763_RELS-EXT.rdf/""]}, {/""pid/"": /""grinnell:10764/"", /""title/"": /""Unit IV: Roots and Minima/"", /""files/"": [/""grinnell_10764_MODS.xml/"", /""grinnell_10764_RELS-EXT.rdf/""]}, {/""pid/"": /""grinnell:10765/"", /""title/"": /""Unit V: Integration/"", /""files/"": [/""grinnell_10765_MODS.xml/"", /""grinnell_10765_RELS-EXT.rdf/""]}, {/""pid/"": /""grinnell:10766/"", /""title/"": /""Unit VI: Derivatives and Differential Equations/"", /""files/"": [/""grinnell_10766_MODS.xml/"", /""grinnell_10766_RELS-EXT.rdf/""]}, {/""pid/"": /""grinnell:10767/"", /""title/"": /""Unit VII: Differential Equations II/"", /""files/"": [/""grinnell_10767_MODS.xml/"", /""grinnell_10767_RELS-EXT.rdf/""]}, {/""pid/"": /""grinnell:10768/"", /""title/"": /""Unit VIII: Matrices, Eigenvalues and Eigenvectors/"", /""files/"": [/""grinnell_10768_MODS.xml/"", /""grinnell_10768_RELS-EXT.rdf/""]}, {/""pid/"": /""grinnell:10769/"", /""title/"": /""Unit IX: Least Squares Fitting of Data/"", /""files/"": [/""grinnell_10769_MODS.xml/"", /""grinnell_10769_RELS-EXT.rdf/""]}, {/""pid/"": /""grinnell:10770/"", /""title/"": /""Unit X: Data Repository Overview/"", /""files/"": [/""grinnell_10770_MODS.xml/"", /""grinnell_10770_RELS-EXT.rdf/""]}, {/""pid/"": /""grinnell:10771/"", /""title/"": /""Unit XI: Text, Graphics, and Equations/"", /""files/"": [/""grinnell_10771_MODS.xml/"", /""grinnell_10771_RELS-EXT.rdf/""]}, {/""pid/"": /""grinnell:10772/"", /""title/"": /""Unit XII: A Touch of Chaos/"", /""files/"": [/""grinnell_10772_MODS.xml/"", /""grinnell_10772_RELS-EXT.rdf/""]}, {/""pid/"": /""grinnell:10773/"", /""title/"": /""Unit XIII: Monte Carlo Methods/"", /""files/"": [/""grinnell_10773_MODS.xml/"", /""grinnell_10773_RELS-EXT.rdf/""]}, {/""pid/"": /""grinnell:10774/"", /""title/"": /""Unit XIV: The Internet/"", /""files/"": [/""grinnell_10774_MODS.xml/"", /""grinnell_10774_RELS-EXT.rdf/""]}], /""paren/"": {/""pid/"": /""grinnell:224/"", /""title/"": /""Computational Physics/"", /""files/"": [/""grinnell_224_MODS.xml/"", /""grinnell_224_RELS-EXT.rdf/""]}}"
,,991011506575704641,991011506575704641,parent: grinnell:224,Computational Physics,,,grinnell:224; grinnell:224; http://hdl.handle.net/11084/224; alma:01GCL_INST/bibs/991011506575704641,http://hdl.handle.net/11084/224,"Computational Physics (compound); Computational Physics at Grinnell College (text); Unit I: Error Propagation: an Introduction to the Monte Carlo Method (text); Unit II: Graphing Functions and Data (text); Unit III: Interpolation of Data (text); Unit IV: Roots and Minima (text); Unit V: Integration (text); Unit VI: Derivatives and Differential Equations (text); Unit VII: Differential Equations II (text); Unit VIII: Matrices, Eigenvalues and Eigenvectors (text); Unit IX: Least Squares Fitting of Data (text); Unit X: Data Repository Overview (text); Unit XI: Text, Graphics, and Equations (text); Unit XII: A Touch of Chaos (text); Unit XIII: Monte Carlo Methods (text); Unit XIV: The Internet (text)","Schneider, Mark B.",Grinnell College. Physics,"Physics 295, Computational Physics",,,,,,,,,,,,,,,,"Curricular materials for Physics 295, Computational Physics, offered in Spring, 1998 by Prof. Mark Schneider at Grinnell College",Grinnell College,Grinnell College,1998-01-01,1998,1998-01-01,,1998-01-01,compound,born digital,,,,,,English,,Liberal Arts Scholarly Repository,Liberal Arts Scholarly Repository,Liberal Arts Scholarly Repository,,Grinnell (Iowa),,,"Copyright to this work is held by the author(s), in accordance with United States copyright law (USC 17). Readers of this work have certain rights as defined by the law, including but not limited to fair use (17 USC 107 et seq.).",,,,,,,,,,,,,,0064  https://docs.google.com/spreadsheets/d/1JzW8TGU8qJlBAlyoMyDS1mkLTGoaLrsCzVtwQo-4JlU/edit?usp=sharing,"{/""worksheet/"": /""https://docs.google.com/spreadsheets/d/1JzW8TGU8qJlBAlyoMyDS1mkLTGoaLrsCzVtwQo-4JlU#gid=1804306342/"", /""directory/"": /""smb://storage/mediadb/DGingest/Migration-to-Alma/exports/curricular-materials/"", /""children/"": [{/""pid/"": /""grinnell:10760/"", /""title/"": /""Computational Physics at Grinnell College/"", /""files/"": [/""grinnell_10760_MODS.xml/"", /""grinnell_10760_RELS-EXT.rdf/""]}, {/""pid/"": /""grinnell:10761/"", /""title/"": /""Unit I: Error Propagation: an Introduction to the Monte Carlo Method/"", /""files/"": [/""grinnell_10761_MODS.xml/"", /""grinnell_10761_RELS-EXT.rdf/""]}, {/""pid/"": /""grinnell:10762/"", /""title/"": /""Unit II: Graphing Functions and Data/"", /""files/"": [/""grinnell_10762_MODS.xml/"", /""grinnell_10762_RELS-EXT.rdf/""]}, {/""pid/"": /""grinnell:10763/"", /""title/"": /""Unit III: Interpolation of Data/"", /""files/"": [/""grinnell_10763_MODS.xml/"", /""grinnell_10763_RELS-EXT.rdf/""]}, {/""pid/"": /""grinnell:10764/"", /""title/"": /""Unit IV: Roots and Minima/"", /""files/"": [/""grinnell_10764_MODS.xml/"", /""grinnell_10764_RELS-EXT.rdf/""]}, {/""pid/"": /""grinnell:10765/"", /""title/"": /""Unit V: Integration/"", /""files/"": [/""grinnell_10765_MODS.xml/"", /""grinnell_10765_RELS-EXT.rdf/""]}, {/""pid/"": /""grinnell:10766/"", /""title/"": /""Unit VI: Derivatives and Differential Equations/"", /""files/"": [/""grinnell_10766_MODS.xml/"", /""grinnell_10766_RELS-EXT.rdf/""]}, {/""pid/"": /""grinnell:10767/"", /""title/"": /""Unit VII: Differential Equations II/"", /""files/"": [/""grinnell_10767_MODS.xml/"", /""grinnell_10767_RELS-EXT.rdf/""]}, {/""pid/"": /""grinnell:10768/"", /""title/"": /""Unit VIII: Matrices, Eigenvalues and Eigenvectors/"", /""files/"": [/""grinnell_10768_MODS.xml/"", /""grinnell_10768_RELS-EXT.rdf/""]}, {/""pid/"": /""grinnell:10769/"", /""title/"": /""Unit IX: Least Squares Fitting of Data/"", /""files/"": [/""grinnell_10769_MODS.xml/"", /""grinnell_10769_RELS-EXT.rdf/""]}, {/""pid/"": /""grinnell:10770/"", /""title/"": /""Unit X: Data Repository Overview/"", /""files/"": [/""grinnell_10770_MODS.xml/"", /""grinnell_10770_RELS-EXT.rdf/""]}, {/""pid/"": /""grinnell:10771/"", /""title/"": /""Unit XI: Text, Graphics, and Equations/"", /""files/"": [/""grinnell_10771_MODS.xml/"", /""grinnell_10771_RELS-EXT.rdf/""]}, {/""pid/"": /""grinnell:10772/"", /""title/"": /""Unit XII: A Touch of Chaos/"", /""files/"": [/""grinnell_10772_MODS.xml/"", /""grinnell_10772_RELS-EXT.rdf/""]}, {/""pid/"": /""grinnell:10773/"", /""title/"": /""Unit XIII: Monte Carlo Methods/"", /""files/"": [/""grinnell_10773_MODS.xml/"", /""grinnell_10773_RELS-EXT.rdf/""]}, {/""pid/"": /""grinnell:10774/"", /""title/"": /""Unit XIV: The Internet/"", /""files/"": [/""grinnell_10774_MODS.xml/"", /""grinnell_10774_RELS-EXT.rdf/""]}], /""paren/"": {/""pid/"": /""grinnell:224/"", /""title/"": /""Computational Physics/"", /""files/"": [/""grinnell_224_MODS.xml/"", /""grinnell_224_RELS-EXT.rdf/""]}}"
,,991011506575704641,991011506575704641,parent: grinnell:224,Computational Physics,,,grinnell:224; grinnell:224; http://hdl.handle.net/11084/224; alma:01GCL_INST/bibs/991011506575704641,http://hdl.handle.net/11084/224,"Computational Physics (compound); Computational Physics at Grinnell College (text); Unit I: Error Propagation: an Introduction to the Monte Carlo Method (text); Unit II: Graphing Functions and Data (text); Unit III: Interpolation of Data (text); Unit IV: Roots and Minima (text); Unit V: Integration (text); Unit VI: Derivatives and Differential Equations (text); Unit VII: Differential Equations II (text); Unit VIII: Matrices, Eigenvalues and Eigenvectors (text); Unit IX: Least Squares Fitting of Data (text); Unit X: Data Repository Overview (text); Unit XI: Text, Graphics, and Equations (text); Unit XII: A Touch of Chaos (text); Unit XIII: Monte Carlo Methods (text); Unit XIV: The Internet (text)","Schneider, Mark B.",Grinnell College. Physics,"Physics 295, Computational Physics",,,,,,,,,,,,,,,,"Curricular materials for Physics 295, Computational Physics, offered in Spring, 1998 by Prof. Mark Schneider at Grinnell College",Grinnell College,Grinnell College,1998-01-01,1998,1998-01-01,,1998-01-01,compound,born digital,,,,,,English,,Liberal Arts Scholarly Repository,Liberal Arts Scholarly Repository,Liberal Arts Scholarly Repository,,Grinnell (Iowa),,,"Copyright to this work is held by the author(s), in accordance with United States copyright law (USC 17). Readers of this work have certain rights as defined by the law, including but not limited to fair use (17 USC 107 et seq.).",,,,,,,,,,,,,,0064  https://docs.google.com/spreadsheets/d/1JzW8TGU8qJlBAlyoMyDS1mkLTGoaLrsCzVtwQo-4JlU/edit?usp=sharing,"{/""worksheet/"": /""https://docs.google.com/spreadsheets/d/1JzW8TGU8qJlBAlyoMyDS1mkLTGoaLrsCzVtwQo-4JlU#gid=1804306342/"", /""directory/"": /""smb://storage/mediadb/DGingest/Migration-to-Alma/exports/curricular-materials/"", /""children/"": [{/""pid/"": /""grinnell:10760/"", /""title/"": /""Computational Physics at Grinnell College/"", /""files/"": [/""grinnell_10760_MODS.xml/"", /""grinnell_10760_RELS-EXT.rdf/""]}, {/""pid/"": /""grinnell:10761/"", /""title/"": /""Unit I: Error Propagation: an Introduction to the Monte Carlo Method/"", /""files/"": [/""grinnell_10761_MODS.xml/"", /""grinnell_10761_RELS-EXT.rdf/""]}, {/""pid/"": /""grinnell:10762/"", /""title/"": /""Unit II: Graphing Functions and Data/"", /""files/"": [/""grinnell_10762_MODS.xml/"", /""grinnell_10762_RELS-EXT.rdf/""]}, {/""pid/"": /""grinnell:10763/"", /""title/"": /""Unit III: Interpolation of Data/"", /""files/"": [/""grinnell_10763_MODS.xml/"", /""grinnell_10763_RELS-EXT.rdf/""]}, {/""pid/"": /""grinnell:10764/"", /""title/"": /""Unit IV: Roots and Minima/"", /""files/"": [/""grinnell_10764_MODS.xml/"", /""grinnell_10764_RELS-EXT.rdf/""]}, {/""pid/"": /""grinnell:10765/"", /""title/"": /""Unit V: Integration/"", /""files/"": [/""grinnell_10765_MODS.xml/"", /""grinnell_10765_RELS-EXT.rdf/""]}, {/""pid/"": /""grinnell:10766/"", /""title/"": /""Unit VI: Derivatives and Differential Equations/"", /""files/"": [/""grinnell_10766_MODS.xml/"", /""grinnell_10766_RELS-EXT.rdf/""]}, {/""pid/"": /""grinnell:10767/"", /""title/"": /""Unit VII: Differential Equations II/"", /""files/"": [/""grinnell_10767_MODS.xml/"", /""grinnell_10767_RELS-EXT.rdf/""]}, {/""pid/"": /""grinnell:10768/"", /""title/"": /""Unit VIII: Matrices, Eigenvalues and Eigenvectors/"", /""files/"": [/""grinnell_10768_MODS.xml/"", /""grinnell_10768_RELS-EXT.rdf/""]}, {/""pid/"": /""grinnell:10769/"", /""title/"": /""Unit IX: Least Squares Fitting of Data/"", /""files/"": [/""grinnell_10769_MODS.xml/"", /""grinnell_10769_RELS-EXT.rdf/""]}, {/""pid/"": /""grinnell:10770/"", /""title/"": /""Unit X: Data Repository Overview/"", /""files/"": [/""grinnell_10770_MODS.xml/"", /""grinnell_10770_RELS-EXT.rdf/""]}, {/""pid/"": /""grinnell:10771/"", /""title/"": /""Unit XI: Text, Graphics, and Equations/"", /""files/"": [/""grinnell_10771_MODS.xml/"", /""grinnell_10771_RELS-EXT.rdf/""]}, {/""pid/"": /""grinnell:10772/"", /""title/"": /""Unit XII: A Touch of Chaos/"", /""files/"": [/""grinnell_10772_MODS.xml/"", /""grinnell_10772_RELS-EXT.rdf/""]}, {/""pid/"": /""grinnell:10773/"", /""title/"": /""Unit XIII: Monte Carlo Methods/"", /""files/"": [/""grinnell_10773_MODS.xml/"", /""grinnell_10773_RELS-EXT.rdf/""]}, {/""pid/"": /""grinnell:10774/"", /""title/"": /""Unit XIV: The Internet/"", /""files/"": [/""grinnell_10774_MODS.xml/"", /""grinnell_10774_RELS-EXT.rdf/""]}], /""paren/"": {/""pid/"": /""grinnell:224/"", /""title/"": /""Computational Physics/"", /""files/"": [/""grinnell_224_MODS.xml/"", /""grinnell_224_RELS-EXT.rdf/""]}}"
,,991011506575704641,991011506575704641,parent: grinnell:224,Computational Physics,,,grinnell:224; grinnell:224; http://hdl.handle.net/11084/224; alma:01GCL_INST/bibs/991011506575704641,http://hdl.handle.net/11084/224,"Computational Physics (compound); Computational Physics at Grinnell College (text); Unit I: Error Propagation: an Introduction to the Monte Carlo Method (text); Unit II: Graphing Functions and Data (text); Unit III: Interpolation of Data (text); Unit IV: Roots and Minima (text); Unit V: Integration (text); Unit VI: Derivatives and Differential Equations (text); Unit VII: Differential Equations II (text); Unit VIII: Matrices, Eigenvalues and Eigenvectors (text); Unit IX: Least Squares Fitting of Data (text); Unit X: Data Repository Overview (text); Unit XI: Text, Graphics, and Equations (text); Unit XII: A Touch of Chaos (text); Unit XIII: Monte Carlo Methods (text); Unit XIV: The Internet (text)","Schneider, Mark B.",Grinnell College. Physics,"Physics 295, Computational Physics",,,,,,,,,,,,,,,,"Curricular materials for Physics 295, Computational Physics, offered in Spring, 1998 by Prof. Mark Schneider at Grinnell College",Grinnell College,Grinnell College,1998-01-01,1998,1998-01-01,,1998-01-01,compound,born digital,,,,,,English,,Liberal Arts Scholarly Repository,Liberal Arts Scholarly Repository,Liberal Arts Scholarly Repository,,Grinnell (Iowa),,,"Copyright to this work is held by the author(s), in accordance with United States copyright law (USC 17). Readers of this work have certain rights as defined by the law, including but not limited to fair use (17 USC 107 et seq.).",,,,,,,,,,,,,,0064  https://docs.google.com/spreadsheets/d/1JzW8TGU8qJlBAlyoMyDS1mkLTGoaLrsCzVtwQo-4JlU/edit?usp=sharing,"{/""worksheet/"": /""https://docs.google.com/spreadsheets/d/1JzW8TGU8qJlBAlyoMyDS1mkLTGoaLrsCzVtwQo-4JlU#gid=1804306342/"", /""directory/"": /""smb://storage/mediadb/DGingest/Migration-to-Alma/exports/curricular-materials/"", /""children/"": [{/""pid/"": /""grinnell:10760/"", /""title/"": /""Computational Physics at Grinnell College/"", /""files/"": [/""grinnell_10760_MODS.xml/"", /""grinnell_10760_RELS-EXT.rdf/""]}, {/""pid/"": /""grinnell:10761/"", /""title/"": /""Unit I: Error Propagation: an Introduction to the Monte Carlo Method/"", /""files/"": [/""grinnell_10761_MODS.xml/"", /""grinnell_10761_RELS-EXT.rdf/""]}, {/""pid/"": /""grinnell:10762/"", /""title/"": /""Unit II: Graphing Functions and Data/"", /""files/"": [/""grinnell_10762_MODS.xml/"", /""grinnell_10762_RELS-EXT.rdf/""]}, {/""pid/"": /""grinnell:10763/"", /""title/"": /""Unit III: Interpolation of Data/"", /""files/"": [/""grinnell_10763_MODS.xml/"", /""grinnell_10763_RELS-EXT.rdf/""]}, {/""pid/"": /""grinnell:10764/"", /""title/"": /""Unit IV: Roots and Minima/"", /""files/"": [/""grinnell_10764_MODS.xml/"", /""grinnell_10764_RELS-EXT.rdf/""]}, {/""pid/"": /""grinnell:10765/"", /""title/"": /""Unit V: Integration/"", /""files/"": [/""grinnell_10765_MODS.xml/"", /""grinnell_10765_RELS-EXT.rdf/""]}, {/""pid/"": /""grinnell:10766/"", /""title/"": /""Unit VI: Derivatives and Differential Equations/"", /""files/"": [/""grinnell_10766_MODS.xml/"", /""grinnell_10766_RELS-EXT.rdf/""]}, {/""pid/"": /""grinnell:10767/"", /""title/"": /""Unit VII: Differential Equations II/"", /""files/"": [/""grinnell_10767_MODS.xml/"", /""grinnell_10767_RELS-EXT.rdf/""]}, {/""pid/"": /""grinnell:10768/"", /""title/"": /""Unit VIII: Matrices, Eigenvalues and Eigenvectors/"", /""files/"": [/""grinnell_10768_MODS.xml/"", /""grinnell_10768_RELS-EXT.rdf/""]}, {/""pid/"": /""grinnell:10769/"", /""title/"": /""Unit IX: Least Squares Fitting of Data/"", /""files/"": [/""grinnell_10769_MODS.xml/"", /""grinnell_10769_RELS-EXT.rdf/""]}, {/""pid/"": /""grinnell:10770/"", /""title/"": /""Unit X: Data Repository Overview/"", /""files/"": [/""grinnell_10770_MODS.xml/"", /""grinnell_10770_RELS-EXT.rdf/""]}, {/""pid/"": /""grinnell:10771/"", /""title/"": /""Unit XI: Text, Graphics, and Equations/"", /""files/"": [/""grinnell_10771_MODS.xml/"", /""grinnell_10771_RELS-EXT.rdf/""]}, {/""pid/"": /""grinnell:10772/"", /""title/"": /""Unit XII: A Touch of Chaos/"", /""files/"": [/""grinnell_10772_MODS.xml/"", /""grinnell_10772_RELS-EXT.rdf/""]}, {/""pid/"": /""grinnell:10773/"", /""title/"": /""Unit XIII: Monte Carlo Methods/"", /""files/"": [/""grinnell_10773_MODS.xml/"", /""grinnell_10773_RELS-EXT.rdf/""]}, {/""pid/"": /""grinnell:10774/"", /""title/"": /""Unit XIV: The Internet/"", /""files/"": [/""grinnell_10774_MODS.xml/"", /""grinnell_10774_RELS-EXT.rdf/""]}], /""paren/"": {/""pid/"": /""grinnell:224/"", /""title/"": /""Computational Physics/"", /""files/"": [/""grinnell_224_MODS.xml/"", /""grinnell_224_RELS-EXT.rdf/""]}}"
,,991011506575704641,991011506575704641,parent: grinnell:224,Computational Physics,,,grinnell:224; grinnell:224; http://hdl.handle.net/11084/224; alma:01GCL_INST/bibs/991011506575704641,http://hdl.handle.net/11084/224,"Computational Physics (compound); Computational Physics at Grinnell College (text); Unit I: Error Propagation: an Introduction to the Monte Carlo Method (text); Unit II: Graphing Functions and Data (text); Unit III: Interpolation of Data (text); Unit IV: Roots and Minima (text); Unit V: Integration (text); Unit VI: Derivatives and Differential Equations (text); Unit VII: Differential Equations II (text); Unit VIII: Matrices, Eigenvalues and Eigenvectors (text); Unit IX: Least Squares Fitting of Data (text); Unit X: Data Repository Overview (text); Unit XI: Text, Graphics, and Equations (text); Unit XII: A Touch of Chaos (text); Unit XIII: Monte Carlo Methods (text); Unit XIV: The Internet (text)","Schneider, Mark B.",Grinnell College. Physics,"Physics 295, Computational Physics",,,,,,,,,,,,,,,,"Curricular materials for Physics 295, Computational Physics, offered in Spring, 1998 by Prof. Mark Schneider at Grinnell College",Grinnell College,Grinnell College,1998-01-01,1998,1998-01-01,,1998-01-01,compound,born digital,,,,,,English,,Liberal Arts Scholarly Repository,Liberal Arts Scholarly Repository,Liberal Arts Scholarly Repository,,Grinnell (Iowa),,,"Copyright to this work is held by the author(s), in accordance with United States copyright law (USC 17). Readers of this work have certain rights as defined by the law, including but not limited to fair use (17 USC 107 et seq.).",,,,,,,,,,,,,,0064  https://docs.google.com/spreadsheets/d/1JzW8TGU8qJlBAlyoMyDS1mkLTGoaLrsCzVtwQo-4JlU/edit?usp=sharing,"{/""worksheet/"": /""https://docs.google.com/spreadsheets/d/1JzW8TGU8qJlBAlyoMyDS1mkLTGoaLrsCzVtwQo-4JlU#gid=1804306342/"", /""directory/"": /""smb://storage/mediadb/DGingest/Migration-to-Alma/exports/curricular-materials/"", /""children/"": [{/""pid/"": /""grinnell:10760/"", /""title/"": /""Computational Physics at Grinnell College/"", /""files/"": [/""grinnell_10760_MODS.xml/"", /""grinnell_10760_RELS-EXT.rdf/""]}, {/""pid/"": /""grinnell:10761/"", /""title/"": /""Unit I: Error Propagation: an Introduction to the Monte Carlo Method/"", /""files/"": [/""grinnell_10761_MODS.xml/"", /""grinnell_10761_RELS-EXT.rdf/""]}, {/""pid/"": /""grinnell:10762/"", /""title/"": /""Unit II: Graphing Functions and Data/"", /""files/"": [/""grinnell_10762_MODS.xml/"", /""grinnell_10762_RELS-EXT.rdf/""]}, {/""pid/"": /""grinnell:10763/"", /""title/"": /""Unit III: Interpolation of Data/"", /""files/"": [/""grinnell_10763_MODS.xml/"", /""grinnell_10763_RELS-EXT.rdf/""]}, {/""pid/"": /""grinnell:10764/"", /""title/"": /""Unit IV: Roots and Minima/"", /""files/"": [/""grinnell_10764_MODS.xml/"", /""grinnell_10764_RELS-EXT.rdf/""]}, {/""pid/"": /""grinnell:10765/"", /""title/"": /""Unit V: Integration/"", /""files/"": [/""grinnell_10765_MODS.xml/"", /""grinnell_10765_RELS-EXT.rdf/""]}, {/""pid/"": /""grinnell:10766/"", /""title/"": /""Unit VI: Derivatives and Differential Equations/"", /""files/"": [/""grinnell_10766_MODS.xml/"", /""grinnell_10766_RELS-EXT.rdf/""]}, {/""pid/"": /""grinnell:10767/"", /""title/"": /""Unit VII: Differential Equations II/"", /""files/"": [/""grinnell_10767_MODS.xml/"", /""grinnell_10767_RELS-EXT.rdf/""]}, {/""pid/"": /""grinnell:10768/"", /""title/"": /""Unit VIII: Matrices, Eigenvalues and Eigenvectors/"", /""files/"": [/""grinnell_10768_MODS.xml/"", /""grinnell_10768_RELS-EXT.rdf/""]}, {/""pid/"": /""grinnell:10769/"", /""title/"": /""Unit IX: Least Squares Fitting of Data/"", /""files/"": [/""grinnell_10769_MODS.xml/"", /""grinnell_10769_RELS-EXT.rdf/""]}, {/""pid/"": /""grinnell:10770/"", /""title/"": /""Unit X: Data Repository Overview/"", /""files/"": [/""grinnell_10770_MODS.xml/"", /""grinnell_10770_RELS-EXT.rdf/""]}, {/""pid/"": /""grinnell:10771/"", /""title/"": /""Unit XI: Text, Graphics, and Equations/"", /""files/"": [/""grinnell_10771_MODS.xml/"", /""grinnell_10771_RELS-EXT.rdf/""]}, {/""pid/"": /""grinnell:10772/"", /""title/"": /""Unit XII: A Touch of Chaos/"", /""files/"": [/""grinnell_10772_MODS.xml/"", /""grinnell_10772_RELS-EXT.rdf/""]}, {/""pid/"": /""grinnell:10773/"", /""title/"": /""Unit XIII: Monte Carlo Methods/"", /""files/"": [/""grinnell_10773_MODS.xml/"", /""grinnell_10773_RELS-EXT.rdf/""]}, {/""pid/"": /""grinnell:10774/"", /""title/"": /""Unit XIV: The Internet/"", /""files/"": [/""grinnell_10774_MODS.xml/"", /""grinnell_10774_RELS-EXT.rdf/""]}], /""paren/"": {/""pid/"": /""grinnell:224/"", /""title/"": /""Computational Physics/"", /""files/"": [/""grinnell_224_MODS.xml/"", /""grinnell_224_RELS-EXT.rdf/""]}}"
,,991011506575704641,991011506575704641,parent: grinnell:224,Computational Physics,,,grinnell:224; grinnell:224; http://hdl.handle.net/11084/224; alma:01GCL_INST/bibs/991011506575704641,http://hdl.handle.net/11084/224,"Computational Physics (compound); Computational Physics at Grinnell College (text); Unit I: Error Propagation: an Introduction to the Monte Carlo Method (text); Unit II: Graphing Functions and Data (text); Unit III: Interpolation of Data (text); Unit IV: Roots and Minima (text); Unit V: Integration (text); Unit VI: Derivatives and Differential Equations (text); Unit VII: Differential Equations II (text); Unit VIII: Matrices, Eigenvalues and Eigenvectors (text); Unit IX: Least Squares Fitting of Data (text); Unit X: Data Repository Overview (text); Unit XI: Text, Graphics, and Equations (text); Unit XII: A Touch of Chaos (text); Unit XIII: Monte Carlo Methods (text); Unit XIV: The Internet (text)","Schneider, Mark B.",Grinnell College. Physics,"Physics 295, Computational Physics",,,,,,,,,,,,,,,,"Curricular materials for Physics 295, Computational Physics, offered in Spring, 1998 by Prof. Mark Schneider at Grinnell College",Grinnell College,Grinnell College,1998-01-01,1998,1998-01-01,,1998-01-01,compound,born digital,,,,,,English,,Liberal Arts Scholarly Repository,Liberal Arts Scholarly Repository,Liberal Arts Scholarly Repository,,Grinnell (Iowa),,,"Copyright to this work is held by the author(s), in accordance with United States copyright law (USC 17). Readers of this work have certain rights as defined by the law, including but not limited to fair use (17 USC 107 et seq.).",,,,,,,,,,,,,,0064  https://docs.google.com/spreadsheets/d/1JzW8TGU8qJlBAlyoMyDS1mkLTGoaLrsCzVtwQo-4JlU/edit?usp=sharing,"{/""worksheet/"": /""https://docs.google.com/spreadsheets/d/1JzW8TGU8qJlBAlyoMyDS1mkLTGoaLrsCzVtwQo-4JlU#gid=1804306342/"", /""directory/"": /""smb://storage/mediadb/DGingest/Migration-to-Alma/exports/curricular-materials/"", /""children/"": [{/""pid/"": /""grinnell:10760/"", /""title/"": /""Computational Physics at Grinnell College/"", /""files/"": [/""grinnell_10760_MODS.xml/"", /""grinnell_10760_RELS-EXT.rdf/""]}, {/""pid/"": /""grinnell:10761/"", /""title/"": /""Unit I: Error Propagation: an Introduction to the Monte Carlo Method/"", /""files/"": [/""grinnell_10761_MODS.xml/"", /""grinnell_10761_RELS-EXT.rdf/""]}, {/""pid/"": /""grinnell:10762/"", /""title/"": /""Unit II: Graphing Functions and Data/"", /""files/"": [/""grinnell_10762_MODS.xml/"", /""grinnell_10762_RELS-EXT.rdf/""]}, {/""pid/"": /""grinnell:10763/"", /""title/"": /""Unit III: Interpolation of Data/"", /""files/"": [/""grinnell_10763_MODS.xml/"", /""grinnell_10763_RELS-EXT.rdf/""]}, {/""pid/"": /""grinnell:10764/"", /""title/"": /""Unit IV: Roots and Minima/"", /""files/"": [/""grinnell_10764_MODS.xml/"", /""grinnell_10764_RELS-EXT.rdf/""]}, {/""pid/"": /""grinnell:10765/"", /""title/"": /""Unit V: Integration/"", /""files/"": [/""grinnell_10765_MODS.xml/"", /""grinnell_10765_RELS-EXT.rdf/""]}, {/""pid/"": /""grinnell:10766/"", /""title/"": /""Unit VI: Derivatives and Differential Equations/"", /""files/"": [/""grinnell_10766_MODS.xml/"", /""grinnell_10766_RELS-EXT.rdf/""]}, {/""pid/"": /""grinnell:10767/"", /""title/"": /""Unit VII: Differential Equations II/"", /""files/"": [/""grinnell_10767_MODS.xml/"", /""grinnell_10767_RELS-EXT.rdf/""]}, {/""pid/"": /""grinnell:10768/"", /""title/"": /""Unit VIII: Matrices, Eigenvalues and Eigenvectors/"", /""files/"": [/""grinnell_10768_MODS.xml/"", /""grinnell_10768_RELS-EXT.rdf/""]}, {/""pid/"": /""grinnell:10769/"", /""title/"": /""Unit IX: Least Squares Fitting of Data/"", /""files/"": [/""grinnell_10769_MODS.xml/"", /""grinnell_10769_RELS-EXT.rdf/""]}, {/""pid/"": /""grinnell:10770/"", /""title/"": /""Unit X: Data Repository Overview/"", /""files/"": [/""grinnell_10770_MODS.xml/"", /""grinnell_10770_RELS-EXT.rdf/""]}, {/""pid/"": /""grinnell:10771/"", /""title/"": /""Unit XI: Text, Graphics, and Equations/"", /""files/"": [/""grinnell_10771_MODS.xml/"", /""grinnell_10771_RELS-EXT.rdf/""]}, {/""pid/"": /""grinnell:10772/"", /""title/"": /""Unit XII: A Touch of Chaos/"", /""files/"": [/""grinnell_10772_MODS.xml/"", /""grinnell_10772_RELS-EXT.rdf/""]}, {/""pid/"": /""grinnell:10773/"", /""title/"": /""Unit XIII: Monte Carlo Methods/"", /""files/"": [/""grinnell_10773_MODS.xml/"", /""grinnell_10773_RELS-EXT.rdf/""]}, {/""pid/"": /""grinnell:10774/"", /""title/"": /""Unit XIV: The Internet/"", /""files/"": [/""grinnell_10774_MODS.xml/"", /""grinnell_10774_RELS-EXT.rdf/""]}], /""paren/"": {/""pid/"": /""grinnell:224/"", /""title/"": /""Computational Physics/"", /""files/"": [/""grinnell_224_MODS.xml/"", /""grinnell_224_RELS-EXT.rdf/""]}}"
,,991011506575704641,991011506575704641,parent: grinnell:224,Computational Physics,,,grinnell:224; grinnell:224; http://hdl.handle.net/11084/224; alma:01GCL_INST/bibs/991011506575704641,http://hdl.handle.net/11084/224,"Computational Physics (compound); Computational Physics at Grinnell College (text); Unit I: Error Propagation: an Introduction to the Monte Carlo Method (text); Unit II: Graphing Functions and Data (text); Unit III: Interpolation of Data (text); Unit IV: Roots and Minima (text); Unit V: Integration (text); Unit VI: Derivatives and Differential Equations (text); Unit VII: Differential Equations II (text); Unit VIII: Matrices, Eigenvalues and Eigenvectors (text); Unit IX: Least Squares Fitting of Data (text); Unit X: Data Repository Overview (text); Unit XI: Text, Graphics, and Equations (text); Unit XII: A Touch of Chaos (text); Unit XIII: Monte Carlo Methods (text); Unit XIV: The Internet (text)","Schneider, Mark B.",Grinnell College. Physics,"Physics 295, Computational Physics",,,,,,,,,,,,,,,,"Curricular materials for Physics 295, Computational Physics, offered in Spring, 1998 by Prof. Mark Schneider at Grinnell College",Grinnell College,Grinnell College,1998-01-01,1998,1998-01-01,,1998-01-01,compound,born digital,,,,,,English,,Liberal Arts Scholarly Repository,Liberal Arts Scholarly Repository,Liberal Arts Scholarly Repository,,Grinnell (Iowa),,,"Copyright to this work is held by the author(s), in accordance with United States copyright law (USC 17). Readers of this work have certain rights as defined by the law, including but not limited to fair use (17 USC 107 et seq.).",,,,,,,,,,,,,,0064  https://docs.google.com/spreadsheets/d/1JzW8TGU8qJlBAlyoMyDS1mkLTGoaLrsCzVtwQo-4JlU/edit?usp=sharing,"{/""worksheet/"": /""https://docs.google.com/spreadsheets/d/1JzW8TGU8qJlBAlyoMyDS1mkLTGoaLrsCzVtwQo-4JlU#gid=1804306342/"", /""directory/"": /""smb://storage/mediadb/DGingest/Migration-to-Alma/exports/curricular-materials/"", /""children/"": [{/""pid/"": /""grinnell:10760/"", /""title/"": /""Computational Physics at Grinnell College/"", /""files/"": [/""grinnell_10760_MODS.xml/"", /""grinnell_10760_RELS-EXT.rdf/""]}, {/""pid/"": /""grinnell:10761/"", /""title/"": /""Unit I: Error Propagation: an Introduction to the Monte Carlo Method/"", /""files/"": [/""grinnell_10761_MODS.xml/"", /""grinnell_10761_RELS-EXT.rdf/""]}, {/""pid/"": /""grinnell:10762/"", /""title/"": /""Unit II: Graphing Functions and Data/"", /""files/"": [/""grinnell_10762_MODS.xml/"", /""grinnell_10762_RELS-EXT.rdf/""]}, {/""pid/"": /""grinnell:10763/"", /""title/"": /""Unit III: Interpolation of Data/"", /""files/"": [/""grinnell_10763_MODS.xml/"", /""grinnell_10763_RELS-EXT.rdf/""]}, {/""pid/"": /""grinnell:10764/"", /""title/"": /""Unit IV: Roots and Minima/"", /""files/"": [/""grinnell_10764_MODS.xml/"", /""grinnell_10764_RELS-EXT.rdf/""]}, {/""pid/"": /""grinnell:10765/"", /""title/"": /""Unit V: Integration/"", /""files/"": [/""grinnell_10765_MODS.xml/"", /""grinnell_10765_RELS-EXT.rdf/""]}, {/""pid/"": /""grinnell:10766/"", /""title/"": /""Unit VI: Derivatives and Differential Equations/"", /""files/"": [/""grinnell_10766_MODS.xml/"", /""grinnell_10766_RELS-EXT.rdf/""]}, {/""pid/"": /""grinnell:10767/"", /""title/"": /""Unit VII: Differential Equations II/"", /""files/"": [/""grinnell_10767_MODS.xml/"", /""grinnell_10767_RELS-EXT.rdf/""]}, {/""pid/"": /""grinnell:10768/"", /""title/"": /""Unit VIII: Matrices, Eigenvalues and Eigenvectors/"", /""files/"": [/""grinnell_10768_MODS.xml/"", /""grinnell_10768_RELS-EXT.rdf/""]}, {/""pid/"": /""grinnell:10769/"", /""title/"": /""Unit IX: Least Squares Fitting of Data/"", /""files/"": [/""grinnell_10769_MODS.xml/"", /""grinnell_10769_RELS-EXT.rdf/""]}, {/""pid/"": /""grinnell:10770/"", /""title/"": /""Unit X: Data Repository Overview/"", /""files/"": [/""grinnell_10770_MODS.xml/"", /""grinnell_10770_RELS-EXT.rdf/""]}, {/""pid/"": /""grinnell:10771/"", /""title/"": /""Unit XI: Text, Graphics, and Equations/"", /""files/"": [/""grinnell_10771_MODS.xml/"", /""grinnell_10771_RELS-EXT.rdf/""]}, {/""pid/"": /""grinnell:10772/"", /""title/"": /""Unit XII: A Touch of Chaos/"", /""files/"": [/""grinnell_10772_MODS.xml/"", /""grinnell_10772_RELS-EXT.rdf/""]}, {/""pid/"": /""grinnell:10773/"", /""title/"": /""Unit XIII: Monte Carlo Methods/"", /""files/"": [/""grinnell_10773_MODS.xml/"", /""grinnell_10773_RELS-EXT.rdf/""]}, {/""pid/"": /""grinnell:10774/"", /""title/"": /""Unit XIV: The Internet/"", /""files/"": [/""grinnell_10774_MODS.xml/"", /""grinnell_10774_RELS-EXT.rdf/""]}], /""paren/"": {/""pid/"": /""grinnell:224/"", /""title/"": /""Computational Physics/"", /""files/"": [/""grinnell_224_MODS.xml/"", /""grinnell_224_RELS-EXT.rdf/""]}}"
,,991011506575704641,991011506575704641,parent: grinnell:224,Computational Physics,,,grinnell:224; grinnell:224; http://hdl.handle.net/11084/224; alma:01GCL_INST/bibs/991011506575704641,http://hdl.handle.net/11084/224,"Computational Physics (compound); Computational Physics at Grinnell College (text); Unit I: Error Propagation: an Introduction to the Monte Carlo Method (text); Unit II: Graphing Functions and Data (text); Unit III: Interpolation of Data (text); Unit IV: Roots and Minima (text); Unit V: Integration (text); Unit VI: Derivatives and Differential Equations (text); Unit VII: Differential Equations II (text); Unit VIII: Matrices, Eigenvalues and Eigenvectors (text); Unit IX: Least Squares Fitting of Data (text); Unit X: Data Repository Overview (text); Unit XI: Text, Graphics, and Equations (text); Unit XII: A Touch of Chaos (text); Unit XIII: Monte Carlo Methods (text); Unit XIV: The Internet (text)","Schneider, Mark B.",Grinnell College. Physics,"Physics 295, Computational Physics",,,,,,,,,,,,,,,,"Curricular materials for Physics 295, Computational Physics, offered in Spring, 1998 by Prof. Mark Schneider at Grinnell College",Grinnell College,Grinnell College,1998-01-01,1998,1998-01-01,,1998-01-01,compound,born digital,,,,,,English,,Liberal Arts Scholarly Repository,Liberal Arts Scholarly Repository,Liberal Arts Scholarly Repository,,Grinnell (Iowa),,,"Copyright to this work is held by the author(s), in accordance with United States copyright law (USC 17). Readers of this work have certain rights as defined by the law, including but not limited to fair use (17 USC 107 et seq.).",,,,,,,,,,,,,,0064  https://docs.google.com/spreadsheets/d/1JzW8TGU8qJlBAlyoMyDS1mkLTGoaLrsCzVtwQo-4JlU/edit?usp=sharing,"{/""worksheet/"": /""https://docs.google.com/spreadsheets/d/1JzW8TGU8qJlBAlyoMyDS1mkLTGoaLrsCzVtwQo-4JlU#gid=1804306342/"", /""directory/"": /""smb://storage/mediadb/DGingest/Migration-to-Alma/exports/curricular-materials/"", /""children/"": [{/""pid/"": /""grinnell:10760/"", /""title/"": /""Computational Physics at Grinnell College/"", /""files/"": [/""grinnell_10760_MODS.xml/"", /""grinnell_10760_RELS-EXT.rdf/""]}, {/""pid/"": /""grinnell:10761/"", /""title/"": /""Unit I: Error Propagation: an Introduction to the Monte Carlo Method/"", /""files/"": [/""grinnell_10761_MODS.xml/"", /""grinnell_10761_RELS-EXT.rdf/""]}, {/""pid/"": /""grinnell:10762/"", /""title/"": /""Unit II: Graphing Functions and Data/"", /""files/"": [/""grinnell_10762_MODS.xml/"", /""grinnell_10762_RELS-EXT.rdf/""]}, {/""pid/"": /""grinnell:10763/"", /""title/"": /""Unit III: Interpolation of Data/"", /""files/"": [/""grinnell_10763_MODS.xml/"", /""grinnell_10763_RELS-EXT.rdf/""]}, {/""pid/"": /""grinnell:10764/"", /""title/"": /""Unit IV: Roots and Minima/"", /""files/"": [/""grinnell_10764_MODS.xml/"", /""grinnell_10764_RELS-EXT.rdf/""]}, {/""pid/"": /""grinnell:10765/"", /""title/"": /""Unit V: Integration/"", /""files/"": [/""grinnell_10765_MODS.xml/"", /""grinnell_10765_RELS-EXT.rdf/""]}, {/""pid/"": /""grinnell:10766/"", /""title/"": /""Unit VI: Derivatives and Differential Equations/"", /""files/"": [/""grinnell_10766_MODS.xml/"", /""grinnell_10766_RELS-EXT.rdf/""]}, {/""pid/"": /""grinnell:10767/"", /""title/"": /""Unit VII: Differential Equations II/"", /""files/"": [/""grinnell_10767_MODS.xml/"", /""grinnell_10767_RELS-EXT.rdf/""]}, {/""pid/"": /""grinnell:10768/"", /""title/"": /""Unit VIII: Matrices, Eigenvalues and Eigenvectors/"", /""files/"": [/""grinnell_10768_MODS.xml/"", /""grinnell_10768_RELS-EXT.rdf/""]}, {/""pid/"": /""grinnell:10769/"", /""title/"": /""Unit IX: Least Squares Fitting of Data/"", /""files/"": [/""grinnell_10769_MODS.xml/"", /""grinnell_10769_RELS-EXT.rdf/""]}, {/""pid/"": /""grinnell:10770/"", /""title/"": /""Unit X: Data Repository Overview/"", /""files/"": [/""grinnell_10770_MODS.xml/"", /""grinnell_10770_RELS-EXT.rdf/""]}, {/""pid/"": /""grinnell:10771/"", /""title/"": /""Unit XI: Text, Graphics, and Equations/"", /""files/"": [/""grinnell_10771_MODS.xml/"", /""grinnell_10771_RELS-EXT.rdf/""]}, {/""pid/"": /""grinnell:10772/"", /""title/"": /""Unit XII: A Touch of Chaos/"", /""files/"": [/""grinnell_10772_MODS.xml/"", /""grinnell_10772_RELS-EXT.rdf/""]}, {/""pid/"": /""grinnell:10773/"", /""title/"": /""Unit XIII: Monte Carlo Methods/"", /""files/"": [/""grinnell_10773_MODS.xml/"", /""grinnell_10773_RELS-EXT.rdf/""]}, {/""pid/"": /""grinnell:10774/"", /""title/"": /""Unit XIV: The Internet/"", /""files/"": [/""grinnell_10774_MODS.xml/"", /""grinnell_10774_RELS-EXT.rdf/""]}], /""paren/"": {/""pid/"": /""grinnell:224/"", /""title/"": /""Computational Physics/"", /""files/"": [/""grinnell_224_MODS.xml/"", /""grinnell_224_RELS-EXT.rdf/""]}}"
,,991011506575704641,991011506575704641,parent: grinnell:224,Computational Physics,,,grinnell:224; grinnell:224; http://hdl.handle.net/11084/224; alma:01GCL_INST/bibs/991011506575704641,http://hdl.handle.net/11084/224,"Computational Physics (compound); Computational Physics at Grinnell College (text); Unit I: Error Propagation: an Introduction to the Monte Carlo Method (text); Unit II: Graphing Functions and Data (text); Unit III: Interpolation of Data (text); Unit IV: Roots and Minima (text); Unit V: Integration (text); Unit VI: Derivatives and Differential Equations (text); Unit VII: Differential Equations II (text); Unit VIII: Matrices, Eigenvalues and Eigenvectors (text); Unit IX: Least Squares Fitting of Data (text); Unit X: Data Repository Overview (text); Unit XI: Text, Graphics, and Equations (text); Unit XII: A Touch of Chaos (text); Unit XIII: Monte Carlo Methods (text); Unit XIV: The Internet (text)","Schneider, Mark B.",Grinnell College. Physics,"Physics 295, Computational Physics",,,,,,,,,,,,,,,,"Curricular materials for Physics 295, Computational Physics, offered in Spring, 1998 by Prof. Mark Schneider at Grinnell College",Grinnell College,Grinnell College,1998-01-01,1998,1998-01-01,,1998-01-01,compound,born digital,,,,,,English,,Liberal Arts Scholarly Repository,Liberal Arts Scholarly Repository,Liberal Arts Scholarly Repository,,Grinnell (Iowa),,,"Copyright to this work is held by the author(s), in accordance with United States copyright law (USC 17). Readers of this work have certain rights as defined by the law, including but not limited to fair use (17 USC 107 et seq.).",,,,,,,,,,,,,,0064  https://docs.google.com/spreadsheets/d/1JzW8TGU8qJlBAlyoMyDS1mkLTGoaLrsCzVtwQo-4JlU/edit?usp=sharing,"{/""worksheet/"": /""https://docs.google.com/spreadsheets/d/1JzW8TGU8qJlBAlyoMyDS1mkLTGoaLrsCzVtwQo-4JlU#gid=1804306342/"", /""directory/"": /""smb://storage/mediadb/DGingest/Migration-to-Alma/exports/curricular-materials/"", /""children/"": [{/""pid/"": /""grinnell:10760/"", /""title/"": /""Computational Physics at Grinnell College/"", /""files/"": [/""grinnell_10760_MODS.xml/"", /""grinnell_10760_RELS-EXT.rdf/""]}, {/""pid/"": /""grinnell:10761/"", /""title/"": /""Unit I: Error Propagation: an Introduction to the Monte Carlo Method/"", /""files/"": [/""grinnell_10761_MODS.xml/"", /""grinnell_10761_RELS-EXT.rdf/""]}, {/""pid/"": /""grinnell:10762/"", /""title/"": /""Unit II: Graphing Functions and Data/"", /""files/"": [/""grinnell_10762_MODS.xml/"", /""grinnell_10762_RELS-EXT.rdf/""]}, {/""pid/"": /""grinnell:10763/"", /""title/"": /""Unit III: Interpolation of Data/"", /""files/"": [/""grinnell_10763_MODS.xml/"", /""grinnell_10763_RELS-EXT.rdf/""]}, {/""pid/"": /""grinnell:10764/"", /""title/"": /""Unit IV: Roots and Minima/"", /""files/"": [/""grinnell_10764_MODS.xml/"", /""grinnell_10764_RELS-EXT.rdf/""]}, {/""pid/"": /""grinnell:10765/"", /""title/"": /""Unit V: Integration/"", /""files/"": [/""grinnell_10765_MODS.xml/"", /""grinnell_10765_RELS-EXT.rdf/""]}, {/""pid/"": /""grinnell:10766/"", /""title/"": /""Unit VI: Derivatives and Differential Equations/"", /""files/"": [/""grinnell_10766_MODS.xml/"", /""grinnell_10766_RELS-EXT.rdf/""]}, {/""pid/"": /""grinnell:10767/"", /""title/"": /""Unit VII: Differential Equations II/"", /""files/"": [/""grinnell_10767_MODS.xml/"", /""grinnell_10767_RELS-EXT.rdf/""]}, {/""pid/"": /""grinnell:10768/"", /""title/"": /""Unit VIII: Matrices, Eigenvalues and Eigenvectors/"", /""files/"": [/""grinnell_10768_MODS.xml/"", /""grinnell_10768_RELS-EXT.rdf/""]}, {/""pid/"": /""grinnell:10769/"", /""title/"": /""Unit IX: Least Squares Fitting of Data/"", /""files/"": [/""grinnell_10769_MODS.xml/"", /""grinnell_10769_RELS-EXT.rdf/""]}, {/""pid/"": /""grinnell:10770/"", /""title/"": /""Unit X: Data Repository Overview/"", /""files/"": [/""grinnell_10770_MODS.xml/"", /""grinnell_10770_RELS-EXT.rdf/""]}, {/""pid/"": /""grinnell:10771/"", /""title/"": /""Unit XI: Text, Graphics, and Equations/"", /""files/"": [/""grinnell_10771_MODS.xml/"", /""grinnell_10771_RELS-EXT.rdf/""]}, {/""pid/"": /""grinnell:10772/"", /""title/"": /""Unit XII: A Touch of Chaos/"", /""files/"": [/""grinnell_10772_MODS.xml/"", /""grinnell_10772_RELS-EXT.rdf/""]}, {/""pid/"": /""grinnell:10773/"", /""title/"": /""Unit XIII: Monte Carlo Methods/"", /""files/"": [/""grinnell_10773_MODS.xml/"", /""grinnell_10773_RELS-EXT.rdf/""]}, {/""pid/"": /""grinnell:10774/"", /""title/"": /""Unit XIV: The Internet/"", /""files/"": [/""grinnell_10774_MODS.xml/"", /""grinnell_10774_RELS-EXT.rdf/""]}], /""paren/"": {/""pid/"": /""grinnell:224/"", /""title/"": /""Computational Physics/"", /""files/"": [/""grinnell_224_MODS.xml/"", /""grinnell_224_RELS-EXT.rdf/""]}}"
,,991011506575704641,991011506575704641,parent: grinnell:224,Computational Physics,,,grinnell:224; grinnell:224; http://hdl.handle.net/11084/224; alma:01GCL_INST/bibs/991011506575704641,http://hdl.handle.net/11084/224,"Computational Physics (compound); Computational Physics at Grinnell College (text); Unit I: Error Propagation: an Introduction to the Monte Carlo Method (text); Unit II: Graphing Functions and Data (text); Unit III: Interpolation of Data (text); Unit IV: Roots and Minima (text); Unit V: Integration (text); Unit VI: Derivatives and Differential Equations (text); Unit VII: Differential Equations II (text); Unit VIII: Matrices, Eigenvalues and Eigenvectors (text); Unit IX: Least Squares Fitting of Data (text); Unit X: Data Repository Overview (text); Unit XI: Text, Graphics, and Equations (text); Unit XII: A Touch of Chaos (text); Unit XIII: Monte Carlo Methods (text); Unit XIV: The Internet (text)","Schneider, Mark B.",Grinnell College. Physics,"Physics 295, Computational Physics",,,,,,,,,,,,,,,,"Curricular materials for Physics 295, Computational Physics, offered in Spring, 1998 by Prof. Mark Schneider at Grinnell College",Grinnell College,Grinnell College,1998-01-01,1998,1998-01-01,,1998-01-01,compound,born digital,,,,,,English,,Liberal Arts Scholarly Repository,Liberal Arts Scholarly Repository,Liberal Arts Scholarly Repository,,Grinnell (Iowa),,,"Copyright to this work is held by the author(s), in accordance with United States copyright law (USC 17). Readers of this work have certain rights as defined by the law, including but not limited to fair use (17 USC 107 et seq.).",,,,,,,,,,,,,,0064  https://docs.google.com/spreadsheets/d/1JzW8TGU8qJlBAlyoMyDS1mkLTGoaLrsCzVtwQo-4JlU/edit?usp=sharing,"{/""worksheet/"": /""https://docs.google.com/spreadsheets/d/1JzW8TGU8qJlBAlyoMyDS1mkLTGoaLrsCzVtwQo-4JlU#gid=1804306342/"", /""directory/"": /""smb://storage/mediadb/DGingest/Migration-to-Alma/exports/curricular-materials/"", /""children/"": [{/""pid/"": /""grinnell:10760/"", /""title/"": /""Computational Physics at Grinnell College/"", /""files/"": [/""grinnell_10760_MODS.xml/"", /""grinnell_10760_RELS-EXT.rdf/""]}, {/""pid/"": /""grinnell:10761/"", /""title/"": /""Unit I: Error Propagation: an Introduction to the Monte Carlo Method/"", /""files/"": [/""grinnell_10761_MODS.xml/"", /""grinnell_10761_RELS-EXT.rdf/""]}, {/""pid/"": /""grinnell:10762/"", /""title/"": /""Unit II: Graphing Functions and Data/"", /""files/"": [/""grinnell_10762_MODS.xml/"", /""grinnell_10762_RELS-EXT.rdf/""]}, {/""pid/"": /""grinnell:10763/"", /""title/"": /""Unit III: Interpolation of Data/"", /""files/"": [/""grinnell_10763_MODS.xml/"", /""grinnell_10763_RELS-EXT.rdf/""]}, {/""pid/"": /""grinnell:10764/"", /""title/"": /""Unit IV: Roots and Minima/"", /""files/"": [/""grinnell_10764_MODS.xml/"", /""grinnell_10764_RELS-EXT.rdf/""]}, {/""pid/"": /""grinnell:10765/"", /""title/"": /""Unit V: Integration/"", /""files/"": [/""grinnell_10765_MODS.xml/"", /""grinnell_10765_RELS-EXT.rdf/""]}, {/""pid/"": /""grinnell:10766/"", /""title/"": /""Unit VI: Derivatives and Differential Equations/"", /""files/"": [/""grinnell_10766_MODS.xml/"", /""grinnell_10766_RELS-EXT.rdf/""]}, {/""pid/"": /""grinnell:10767/"", /""title/"": /""Unit VII: Differential Equations II/"", /""files/"": [/""grinnell_10767_MODS.xml/"", /""grinnell_10767_RELS-EXT.rdf/""]}, {/""pid/"": /""grinnell:10768/"", /""title/"": /""Unit VIII: Matrices, Eigenvalues and Eigenvectors/"", /""files/"": [/""grinnell_10768_MODS.xml/"", /""grinnell_10768_RELS-EXT.rdf/""]}, {/""pid/"": /""grinnell:10769/"", /""title/"": /""Unit IX: Least Squares Fitting of Data/"", /""files/"": [/""grinnell_10769_MODS.xml/"", /""grinnell_10769_RELS-EXT.rdf/""]}, {/""pid/"": /""grinnell:10770/"", /""title/"": /""Unit X: Data Repository Overview/"", /""files/"": [/""grinnell_10770_MODS.xml/"", /""grinnell_10770_RELS-EXT.rdf/""]}, {/""pid/"": /""grinnell:10771/"", /""title/"": /""Unit XI: Text, Graphics, and Equations/"", /""files/"": [/""grinnell_10771_MODS.xml/"", /""grinnell_10771_RELS-EXT.rdf/""]}, {/""pid/"": /""grinnell:10772/"", /""title/"": /""Unit XII: A Touch of Chaos/"", /""files/"": [/""grinnell_10772_MODS.xml/"", /""grinnell_10772_RELS-EXT.rdf/""]}, {/""pid/"": /""grinnell:10773/"", /""title/"": /""Unit XIII: Monte Carlo Methods/"", /""files/"": [/""grinnell_10773_MODS.xml/"", /""grinnell_10773_RELS-EXT.rdf/""]}, {/""pid/"": /""grinnell:10774/"", /""title/"": /""Unit XIV: The Internet/"", /""files/"": [/""grinnell_10774_MODS.xml/"", /""grinnell_10774_RELS-EXT.rdf/""]}], /""paren/"": {/""pid/"": /""grinnell:224/"", /""title/"": /""Computational Physics/"", /""files/"": [/""grinnell_224_MODS.xml/"", /""grinnell_224_RELS-EXT.rdf/""]}}"
,,991011506575704641,991011506575704641,parent: grinnell:224,Computational Physics,,,grinnell:224; grinnell:224; http://hdl.handle.net/11084/224; alma:01GCL_INST/bibs/991011506575704641,http://hdl.handle.net/11084/224,"Computational Physics (compound); Computational Physics at Grinnell College (text); Unit I: Error Propagation: an Introduction to the Monte Carlo Method (text); Unit II: Graphing Functions and Data (text); Unit III: Interpolation of Data (text); Unit IV: Roots and Minima (text); Unit V: Integration (text); Unit VI: Derivatives and Differential Equations (text); Unit VII: Differential Equations II (text); Unit VIII: Matrices, Eigenvalues and Eigenvectors (text); Unit IX: Least Squares Fitting of Data (text); Unit X: Data Repository Overview (text); Unit XI: Text, Graphics, and Equations (text); Unit XII: A Touch of Chaos (text); Unit XIII: Monte Carlo Methods (text); Unit XIV: The Internet (text)","Schneider, Mark B.",Grinnell College. Physics,"Physics 295, Computational Physics",,,,,,,,,,,,,,,,"Curricular materials for Physics 295, Computational Physics, offered in Spring, 1998 by Prof. Mark Schneider at Grinnell College",Grinnell College,Grinnell College,1998-01-01,1998,1998-01-01,,1998-01-01,compound,born digital,,,,,,English,,Liberal Arts Scholarly Repository,Liberal Arts Scholarly Repository,Liberal Arts Scholarly Repository,,Grinnell (Iowa),,,"Copyright to this work is held by the author(s), in accordance with United States copyright law (USC 17). Readers of this work have certain rights as defined by the law, including but not limited to fair use (17 USC 107 et seq.).",,,,,,,,,,,,,,0064  https://docs.google.com/spreadsheets/d/1JzW8TGU8qJlBAlyoMyDS1mkLTGoaLrsCzVtwQo-4JlU/edit?usp=sharing,"{/""worksheet/"": /""https://docs.google.com/spreadsheets/d/1JzW8TGU8qJlBAlyoMyDS1mkLTGoaLrsCzVtwQo-4JlU#gid=1804306342/"", /""directory/"": /""smb://storage/mediadb/DGingest/Migration-to-Alma/exports/curricular-materials/"", /""children/"": [{/""pid/"": /""grinnell:10760/"", /""title/"": /""Computational Physics at Grinnell College/"", /""files/"": [/""grinnell_10760_MODS.xml/"", /""grinnell_10760_RELS-EXT.rdf/""]}, {/""pid/"": /""grinnell:10761/"", /""title/"": /""Unit I: Error Propagation: an Introduction to the Monte Carlo Method/"", /""files/"": [/""grinnell_10761_MODS.xml/"", /""grinnell_10761_RELS-EXT.rdf/""]}, {/""pid/"": /""grinnell:10762/"", /""title/"": /""Unit II: Graphing Functions and Data/"", /""files/"": [/""grinnell_10762_MODS.xml/"", /""grinnell_10762_RELS-EXT.rdf/""]}, {/""pid/"": /""grinnell:10763/"", /""title/"": /""Unit III: Interpolation of Data/"", /""files/"": [/""grinnell_10763_MODS.xml/"", /""grinnell_10763_RELS-EXT.rdf/""]}, {/""pid/"": /""grinnell:10764/"", /""title/"": /""Unit IV: Roots and Minima/"", /""files/"": [/""grinnell_10764_MODS.xml/"", /""grinnell_10764_RELS-EXT.rdf/""]}, {/""pid/"": /""grinnell:10765/"", /""title/"": /""Unit V: Integration/"", /""files/"": [/""grinnell_10765_MODS.xml/"", /""grinnell_10765_RELS-EXT.rdf/""]}, {/""pid/"": /""grinnell:10766/"", /""title/"": /""Unit VI: Derivatives and Differential Equations/"", /""files/"": [/""grinnell_10766_MODS.xml/"", /""grinnell_10766_RELS-EXT.rdf/""]}, {/""pid/"": /""grinnell:10767/"", /""title/"": /""Unit VII: Differential Equations II/"", /""files/"": [/""grinnell_10767_MODS.xml/"", /""grinnell_10767_RELS-EXT.rdf/""]}, {/""pid/"": /""grinnell:10768/"", /""title/"": /""Unit VIII: Matrices, Eigenvalues and Eigenvectors/"", /""files/"": [/""grinnell_10768_MODS.xml/"", /""grinnell_10768_RELS-EXT.rdf/""]}, {/""pid/"": /""grinnell:10769/"", /""title/"": /""Unit IX: Least Squares Fitting of Data/"", /""files/"": [/""grinnell_10769_MODS.xml/"", /""grinnell_10769_RELS-EXT.rdf/""]}, {/""pid/"": /""grinnell:10770/"", /""title/"": /""Unit X: Data Repository Overview/"", /""files/"": [/""grinnell_10770_MODS.xml/"", /""grinnell_10770_RELS-EXT.rdf/""]}, {/""pid/"": /""grinnell:10771/"", /""title/"": /""Unit XI: Text, Graphics, and Equations/"", /""files/"": [/""grinnell_10771_MODS.xml/"", /""grinnell_10771_RELS-EXT.rdf/""]}, {/""pid/"": /""grinnell:10772/"", /""title/"": /""Unit XII: A Touch of Chaos/"", /""files/"": [/""grinnell_10772_MODS.xml/"", /""grinnell_10772_RELS-EXT.rdf/""]}, {/""pid/"": /""grinnell:10773/"", /""title/"": /""Unit XIII: Monte Carlo Methods/"", /""files/"": [/""grinnell_10773_MODS.xml/"", /""grinnell_10773_RELS-EXT.rdf/""]}, {/""pid/"": /""grinnell:10774/"", /""title/"": /""Unit XIV: The Internet/"", /""files/"": [/""grinnell_10774_MODS.xml/"", /""grinnell_10774_RELS-EXT.rdf/""]}], /""paren/"": {/""pid/"": /""grinnell:224/"", /""title/"": /""Computational Physics/"", /""files/"": [/""grinnell_224_MODS.xml/"", /""grinnell_224_RELS-EXT.rdf/""]}}"
,,991011506575704641,991011506575704641,parent: grinnell:224,Computational Physics,,,grinnell:224; grinnell:224; http://hdl.handle.net/11084/224; alma:01GCL_INST/bibs/991011506575704641,http://hdl.handle.net/11084/224,"Computational Physics (compound); Computational Physics at Grinnell College (text); Unit I: Error Propagation: an Introduction to the Monte Carlo Method (text); Unit II: Graphing Functions and Data (text); Unit III: Interpolation of Data (text); Unit IV: Roots and Minima (text); Unit V: Integration (text); Unit VI: Derivatives and Differential Equations (text); Unit VII: Differential Equations II (text); Unit VIII: Matrices, Eigenvalues and Eigenvectors (text); Unit IX: Least Squares Fitting of Data (text); Unit X: Data Repository Overview (text); Unit XI: Text, Graphics, and Equations (text); Unit XII: A Touch of Chaos (text); Unit XIII: Monte Carlo Methods (text); Unit XIV: The Internet (text)","Schneider, Mark B.",Grinnell College. Physics,"Physics 295, Computational Physics",,,,,,,,,,,,,,,,"Curricular materials for Physics 295, Computational Physics, offered in Spring, 1998 by Prof. Mark Schneider at Grinnell College",Grinnell College,Grinnell College,1998-01-01,1998,1998-01-01,,1998-01-01,compound,born digital,,,,,,English,,Liberal Arts Scholarly Repository,Liberal Arts Scholarly Repository,Liberal Arts Scholarly Repository,,Grinnell (Iowa),,,"Copyright to this work is held by the author(s), in accordance with United States copyright law (USC 17). Readers of this work have certain rights as defined by the law, including but not limited to fair use (17 USC 107 et seq.).",,,,,,,,,,,,,,0064  https://docs.google.com/spreadsheets/d/1JzW8TGU8qJlBAlyoMyDS1mkLTGoaLrsCzVtwQo-4JlU/edit?usp=sharing,"{/""worksheet/"": /""https://docs.google.com/spreadsheets/d/1JzW8TGU8qJlBAlyoMyDS1mkLTGoaLrsCzVtwQo-4JlU#gid=1804306342/"", /""directory/"": /""smb://storage/mediadb/DGingest/Migration-to-Alma/exports/curricular-materials/"", /""children/"": [{/""pid/"": /""grinnell:10760/"", /""title/"": /""Computational Physics at Grinnell College/"", /""files/"": [/""grinnell_10760_MODS.xml/"", /""grinnell_10760_RELS-EXT.rdf/""]}, {/""pid/"": /""grinnell:10761/"", /""title/"": /""Unit I: Error Propagation: an Introduction to the Monte Carlo Method/"", /""files/"": [/""grinnell_10761_MODS.xml/"", /""grinnell_10761_RELS-EXT.rdf/""]}, {/""pid/"": /""grinnell:10762/"", /""title/"": /""Unit II: Graphing Functions and Data/"", /""files/"": [/""grinnell_10762_MODS.xml/"", /""grinnell_10762_RELS-EXT.rdf/""]}, {/""pid/"": /""grinnell:10763/"", /""title/"": /""Unit III: Interpolation of Data/"", /""files/"": [/""grinnell_10763_MODS.xml/"", /""grinnell_10763_RELS-EXT.rdf/""]}, {/""pid/"": /""grinnell:10764/"", /""title/"": /""Unit IV: Roots and Minima/"", /""files/"": [/""grinnell_10764_MODS.xml/"", /""grinnell_10764_RELS-EXT.rdf/""]}, {/""pid/"": /""grinnell:10765/"", /""title/"": /""Unit V: Integration/"", /""files/"": [/""grinnell_10765_MODS.xml/"", /""grinnell_10765_RELS-EXT.rdf/""]}, {/""pid/"": /""grinnell:10766/"", /""title/"": /""Unit VI: Derivatives and Differential Equations/"", /""files/"": [/""grinnell_10766_MODS.xml/"", /""grinnell_10766_RELS-EXT.rdf/""]}, {/""pid/"": /""grinnell:10767/"", /""title/"": /""Unit VII: Differential Equations II/"", /""files/"": [/""grinnell_10767_MODS.xml/"", /""grinnell_10767_RELS-EXT.rdf/""]}, {/""pid/"": /""grinnell:10768/"", /""title/"": /""Unit VIII: Matrices, Eigenvalues and Eigenvectors/"", /""files/"": [/""grinnell_10768_MODS.xml/"", /""grinnell_10768_RELS-EXT.rdf/""]}, {/""pid/"": /""grinnell:10769/"", /""title/"": /""Unit IX: Least Squares Fitting of Data/"", /""files/"": [/""grinnell_10769_MODS.xml/"", /""grinnell_10769_RELS-EXT.rdf/""]}, {/""pid/"": /""grinnell:10770/"", /""title/"": /""Unit X: Data Repository Overview/"", /""files/"": [/""grinnell_10770_MODS.xml/"", /""grinnell_10770_RELS-EXT.rdf/""]}, {/""pid/"": /""grinnell:10771/"", /""title/"": /""Unit XI: Text, Graphics, and Equations/"", /""files/"": [/""grinnell_10771_MODS.xml/"", /""grinnell_10771_RELS-EXT.rdf/""]}, {/""pid/"": /""grinnell:10772/"", /""title/"": /""Unit XII: A Touch of Chaos/"", /""files/"": [/""grinnell_10772_MODS.xml/"", /""grinnell_10772_RELS-EXT.rdf/""]}, {/""pid/"": /""grinnell:10773/"", /""title/"": /""Unit XIII: Monte Carlo Methods/"", /""files/"": [/""grinnell_10773_MODS.xml/"", /""grinnell_10773_RELS-EXT.rdf/""]}, {/""pid/"": /""grinnell:10774/"", /""title/"": /""Unit XIV: The Internet/"", /""files/"": [/""grinnell_10774_MODS.xml/"", /""grinnell_10774_RELS-EXT.rdf/""]}], /""paren/"": {/""pid/"": /""grinnell:224/"", /""title/"": /""Computational Physics/"", /""files/"": [/""grinnell_224_MODS.xml/"", /""grinnell_224_RELS-EXT.rdf/""]}}"
,,991011506575704641,991011506575704641,parent: grinnell:224,Computational Physics,,,grinnell:224; grinnell:224; http://hdl.handle.net/11084/224; alma:01GCL_INST/bibs/991011506575704641,http://hdl.handle.net/11084/224,"Computational Physics (compound); Computational Physics at Grinnell College (text); Unit I: Error Propagation: an Introduction to the Monte Carlo Method (text); Unit II: Graphing Functions and Data (text); Unit III: Interpolation of Data (text); Unit IV: Roots and Minima (text); Unit V: Integration (text); Unit VI: Derivatives and Differential Equations (text); Unit VII: Differential Equations II (text); Unit VIII: Matrices, Eigenvalues and Eigenvectors (text); Unit IX: Least Squares Fitting of Data (text); Unit X: Data Repository Overview (text); Unit XI: Text, Graphics, and Equations (text); Unit XII: A Touch of Chaos (text); Unit XIII: Monte Carlo Methods (text); Unit XIV: The Internet (text)","Schneider, Mark B.",Grinnell College. Physics,"Physics 295, Computational Physics",,,,,,,,,,,,,,,,"Curricular materials for Physics 295, Computational Physics, offered in Spring, 1998 by Prof. Mark Schneider at Grinnell College",Grinnell College,Grinnell College,1998-01-01,1998,1998-01-01,,1998-01-01,compound,born digital,,,,,,English,,Liberal Arts Scholarly Repository,Liberal Arts Scholarly Repository,Liberal Arts Scholarly Repository,,Grinnell (Iowa),,,"Copyright to this work is held by the author(s), in accordance with United States copyright law (USC 17). Readers of this work have certain rights as defined by the law, including but not limited to fair use (17 USC 107 et seq.).",,,,,,,,,,,,,,0064  https://docs.google.com/spreadsheets/d/1JzW8TGU8qJlBAlyoMyDS1mkLTGoaLrsCzVtwQo-4JlU/edit?usp=sharing,"{/""worksheet/"": /""https://docs.google.com/spreadsheets/d/1JzW8TGU8qJlBAlyoMyDS1mkLTGoaLrsCzVtwQo-4JlU#gid=1804306342/"", /""directory/"": /""smb://storage/mediadb/DGingest/Migration-to-Alma/exports/curricular-materials/"", /""children/"": [{/""pid/"": /""grinnell:10760/"", /""title/"": /""Computational Physics at Grinnell College/"", /""files/"": [/""grinnell_10760_MODS.xml/"", /""grinnell_10760_RELS-EXT.rdf/""]}, {/""pid/"": /""grinnell:10761/"", /""title/"": /""Unit I: Error Propagation: an Introduction to the Monte Carlo Method/"", /""files/"": [/""grinnell_10761_MODS.xml/"", /""grinnell_10761_RELS-EXT.rdf/""]}, {/""pid/"": /""grinnell:10762/"", /""title/"": /""Unit II: Graphing Functions and Data/"", /""files/"": [/""grinnell_10762_MODS.xml/"", /""grinnell_10762_RELS-EXT.rdf/""]}, {/""pid/"": /""grinnell:10763/"", /""title/"": /""Unit III: Interpolation of Data/"", /""files/"": [/""grinnell_10763_MODS.xml/"", /""grinnell_10763_RELS-EXT.rdf/""]}, {/""pid/"": /""grinnell:10764/"", /""title/"": /""Unit IV: Roots and Minima/"", /""files/"": [/""grinnell_10764_MODS.xml/"", /""grinnell_10764_RELS-EXT.rdf/""]}, {/""pid/"": /""grinnell:10765/"", /""title/"": /""Unit V: Integration/"", /""files/"": [/""grinnell_10765_MODS.xml/"", /""grinnell_10765_RELS-EXT.rdf/""]}, {/""pid/"": /""grinnell:10766/"", /""title/"": /""Unit VI: Derivatives and Differential Equations/"", /""files/"": [/""grinnell_10766_MODS.xml/"", /""grinnell_10766_RELS-EXT.rdf/""]}, {/""pid/"": /""grinnell:10767/"", /""title/"": /""Unit VII: Differential Equations II/"", /""files/"": [/""grinnell_10767_MODS.xml/"", /""grinnell_10767_RELS-EXT.rdf/""]}, {/""pid/"": /""grinnell:10768/"", /""title/"": /""Unit VIII: Matrices, Eigenvalues and Eigenvectors/"", /""files/"": [/""grinnell_10768_MODS.xml/"", /""grinnell_10768_RELS-EXT.rdf/""]}, {/""pid/"": /""grinnell:10769/"", /""title/"": /""Unit IX: Least Squares Fitting of Data/"", /""files/"": [/""grinnell_10769_MODS.xml/"", /""grinnell_10769_RELS-EXT.rdf/""]}, {/""pid/"": /""grinnell:10770/"", /""title/"": /""Unit X: Data Repository Overview/"", /""files/"": [/""grinnell_10770_MODS.xml/"", /""grinnell_10770_RELS-EXT.rdf/""]}, {/""pid/"": /""grinnell:10771/"", /""title/"": /""Unit XI: Text, Graphics, and Equations/"", /""files/"": [/""grinnell_10771_MODS.xml/"", /""grinnell_10771_RELS-EXT.rdf/""]}, {/""pid/"": /""grinnell:10772/"", /""title/"": /""Unit XII: A Touch of Chaos/"", /""files/"": [/""grinnell_10772_MODS.xml/"", /""grinnell_10772_RELS-EXT.rdf/""]}, {/""pid/"": /""grinnell:10773/"", /""title/"": /""Unit XIII: Monte Carlo Methods/"", /""files/"": [/""grinnell_10773_MODS.xml/"", /""grinnell_10773_RELS-EXT.rdf/""]}, {/""pid/"": /""grinnell:10774/"", /""title/"": /""Unit XIV: The Internet/"", /""files/"": [/""grinnell_10774_MODS.xml/"", /""grinnell_10774_RELS-EXT.rdf/""]}], /""paren/"": {/""pid/"": /""grinnell:224/"", /""title/"": /""Computational Physics/"", /""files/"": [/""grinnell_224_MODS.xml/"", /""grinnell_224_RELS-EXT.rdf/""]}}"
,,991011506575704641,991011506575704641,parent: grinnell:224,Computational Physics,,,grinnell:224; grinnell:224; http://hdl.handle.net/11084/224; alma:01GCL_INST/bibs/991011506575704641,http://hdl.handle.net/11084/224,"Computational Physics (compound); Computational Physics at Grinnell College (text); Unit I: Error Propagation: an Introduction to the Monte Carlo Method (text); Unit II: Graphing Functions and Data (text); Unit III: Interpolation of Data (text); Unit IV: Roots and Minima (text); Unit V: Integration (text); Unit VI: Derivatives and Differential Equations (text); Unit VII: Differential Equations II (text); Unit VIII: Matrices, Eigenvalues and Eigenvectors (text); Unit IX: Least Squares Fitting of Data (text); Unit X: Data Repository Overview (text); Unit XI: Text, Graphics, and Equations (text); Unit XII: A Touch of Chaos (text); Unit XIII: Monte Carlo Methods (text); Unit XIV: The Internet (text)","Schneider, Mark B.",Grinnell College. Physics,"Physics 295, Computational Physics",,,,,,,,,,,,,,,,"Curricular materials for Physics 295, Computational Physics, offered in Spring, 1998 by Prof. Mark Schneider at Grinnell College",Grinnell College,Grinnell College,1998-01-01,1998,1998-01-01,,1998-01-01,compound,born digital,,,,,,English,,Liberal Arts Scholarly Repository,Liberal Arts Scholarly Repository,Liberal Arts Scholarly Repository,,Grinnell (Iowa),,,"Copyright to this work is held by the author(s), in accordance with United States copyright law (USC 17). Readers of this work have certain rights as defined by the law, including but not limited to fair use (17 USC 107 et seq.).",,,,,,,,,,,,,,0064  https://docs.google.com/spreadsheets/d/1JzW8TGU8qJlBAlyoMyDS1mkLTGoaLrsCzVtwQo-4JlU/edit?usp=sharing,"{/""worksheet/"": /""https://docs.google.com/spreadsheets/d/1JzW8TGU8qJlBAlyoMyDS1mkLTGoaLrsCzVtwQo-4JlU#gid=1804306342/"", /""directory/"": /""smb://storage/mediadb/DGingest/Migration-to-Alma/exports/curricular-materials/"", /""children/"": [{/""pid/"": /""grinnell:10760/"", /""title/"": /""Computational Physics at Grinnell College/"", /""files/"": [/""grinnell_10760_MODS.xml/"", /""grinnell_10760_RELS-EXT.rdf/""]}, {/""pid/"": /""grinnell:10761/"", /""title/"": /""Unit I: Error Propagation: an Introduction to the Monte Carlo Method/"", /""files/"": [/""grinnell_10761_MODS.xml/"", /""grinnell_10761_RELS-EXT.rdf/""]}, {/""pid/"": /""grinnell:10762/"", /""title/"": /""Unit II: Graphing Functions and Data/"", /""files/"": [/""grinnell_10762_MODS.xml/"", /""grinnell_10762_RELS-EXT.rdf/""]}, {/""pid/"": /""grinnell:10763/"", /""title/"": /""Unit III: Interpolation of Data/"", /""files/"": [/""grinnell_10763_MODS.xml/"", /""grinnell_10763_RELS-EXT.rdf/""]}, {/""pid/"": /""grinnell:10764/"", /""title/"": /""Unit IV: Roots and Minima/"", /""files/"": [/""grinnell_10764_MODS.xml/"", /""grinnell_10764_RELS-EXT.rdf/""]}, {/""pid/"": /""grinnell:10765/"", /""title/"": /""Unit V: Integration/"", /""files/"": [/""grinnell_10765_MODS.xml/"", /""grinnell_10765_RELS-EXT.rdf/""]}, {/""pid/"": /""grinnell:10766/"", /""title/"": /""Unit VI: Derivatives and Differential Equations/"", /""files/"": [/""grinnell_10766_MODS.xml/"", /""grinnell_10766_RELS-EXT.rdf/""]}, {/""pid/"": /""grinnell:10767/"", /""title/"": /""Unit VII: Differential Equations II/"", /""files/"": [/""grinnell_10767_MODS.xml/"", /""grinnell_10767_RELS-EXT.rdf/""]}, {/""pid/"": /""grinnell:10768/"", /""title/"": /""Unit VIII: Matrices, Eigenvalues and Eigenvectors/"", /""files/"": [/""grinnell_10768_MODS.xml/"", /""grinnell_10768_RELS-EXT.rdf/""]}, {/""pid/"": /""grinnell:10769/"", /""title/"": /""Unit IX: Least Squares Fitting of Data/"", /""files/"": [/""grinnell_10769_MODS.xml/"", /""grinnell_10769_RELS-EXT.rdf/""]}, {/""pid/"": /""grinnell:10770/"", /""title/"": /""Unit X: Data Repository Overview/"", /""files/"": [/""grinnell_10770_MODS.xml/"", /""grinnell_10770_RELS-EXT.rdf/""]}, {/""pid/"": /""grinnell:10771/"", /""title/"": /""Unit XI: Text, Graphics, and Equations/"", /""files/"": [/""grinnell_10771_MODS.xml/"", /""grinnell_10771_RELS-EXT.rdf/""]}, {/""pid/"": /""grinnell:10772/"", /""title/"": /""Unit XII: A Touch of Chaos/"", /""files/"": [/""grinnell_10772_MODS.xml/"", /""grinnell_10772_RELS-EXT.rdf/""]}, {/""pid/"": /""grinnell:10773/"", /""title/"": /""Unit XIII: Monte Carlo Methods/"", /""files/"": [/""grinnell_10773_MODS.xml/"", /""grinnell_10773_RELS-EXT.rdf/""]}, {/""pid/"": /""grinnell:10774/"", /""title/"": /""Unit XIV: The Internet/"", /""files/"": [/""grinnell_10774_MODS.xml/"", /""grinnell_10774_RELS-EXT.rdf/""]}], /""paren/"": {/""pid/"": /""grinnell:224/"", /""title/"": /""Computational Physics/"", /""files/"": [/""grinnell_224_MODS.xml/"", /""grinnell_224_RELS-EXT.rdf/""]}}"
,,991011506575704641,991011506575704641,parent: grinnell:224,Computational Physics,,,grinnell:224; grinnell:224; http://hdl.handle.net/11084/224; alma:01GCL_INST/bibs/991011506575704641,http://hdl.handle.net/11084/224,"Computational Physics (compound); Computational Physics at Grinnell College (text); Unit I: Error Propagation: an Introduction to the Monte Carlo Method (text); Unit II: Graphing Functions and Data (text); Unit III: Interpolation of Data (text); Unit IV: Roots and Minima (text); Unit V: Integration (text); Unit VI: Derivatives and Differential Equations (text); Unit VII: Differential Equations II (text); Unit VIII: Matrices, Eigenvalues and Eigenvectors (text); Unit IX: Least Squares Fitting of Data (text); Unit X: Data Repository Overview (text); Unit XI: Text, Graphics, and Equations (text); Unit XII: A Touch of Chaos (text); Unit XIII: Monte Carlo Methods (text); Unit XIV: The Internet (text)","Schneider, Mark B.",Grinnell College. Physics,"Physics 295, Computational Physics",,,,,,,,,,,,,,,,"Curricular materials for Physics 295, Computational Physics, offered in Spring, 1998 by Prof. Mark Schneider at Grinnell College",Grinnell College,Grinnell College,1998-01-01,1998,1998-01-01,,1998-01-01,compound,born digital,,,,,,English,,Liberal Arts Scholarly Repository,Liberal Arts Scholarly Repository,Liberal Arts Scholarly Repository,,Grinnell (Iowa),,,"Copyright to this work is held by the author(s), in accordance with United States copyright law (USC 17). Readers of this work have certain rights as defined by the law, including but not limited to fair use (17 USC 107 et seq.).",,,,,,,,,,,,,,0064  https://docs.google.com/spreadsheets/d/1JzW8TGU8qJlBAlyoMyDS1mkLTGoaLrsCzVtwQo-4JlU/edit?usp=sharing,"{/""worksheet/"": /""https://docs.google.com/spreadsheets/d/1JzW8TGU8qJlBAlyoMyDS1mkLTGoaLrsCzVtwQo-4JlU#gid=1804306342/"", /""directory/"": /""smb://storage/mediadb/DGingest/Migration-to-Alma/exports/curricular-materials/"", /""children/"": [{/""pid/"": /""grinnell:10760/"", /""title/"": /""Computational Physics at Grinnell College/"", /""files/"": [/""grinnell_10760_MODS.xml/"", /""grinnell_10760_RELS-EXT.rdf/""]}, {/""pid/"": /""grinnell:10761/"", /""title/"": /""Unit I: Error Propagation: an Introduction to the Monte Carlo Method/"", /""files/"": [/""grinnell_10761_MODS.xml/"", /""grinnell_10761_RELS-EXT.rdf/""]}, {/""pid/"": /""grinnell:10762/"", /""title/"": /""Unit II: Graphing Functions and Data/"", /""files/"": [/""grinnell_10762_MODS.xml/"", /""grinnell_10762_RELS-EXT.rdf/""]}, {/""pid/"": /""grinnell:10763/"", /""title/"": /""Unit III: Interpolation of Data/"", /""files/"": [/""grinnell_10763_MODS.xml/"", /""grinnell_10763_RELS-EXT.rdf/""]}, {/""pid/"": /""grinnell:10764/"", /""title/"": /""Unit IV: Roots and Minima/"", /""files/"": [/""grinnell_10764_MODS.xml/"", /""grinnell_10764_RELS-EXT.rdf/""]}, {/""pid/"": /""grinnell:10765/"", /""title/"": /""Unit V: Integration/"", /""files/"": [/""grinnell_10765_MODS.xml/"", /""grinnell_10765_RELS-EXT.rdf/""]}, {/""pid/"": /""grinnell:10766/"", /""title/"": /""Unit VI: Derivatives and Differential Equations/"", /""files/"": [/""grinnell_10766_MODS.xml/"", /""grinnell_10766_RELS-EXT.rdf/""]}, {/""pid/"": /""grinnell:10767/"", /""title/"": /""Unit VII: Differential Equations II/"", /""files/"": [/""grinnell_10767_MODS.xml/"", /""grinnell_10767_RELS-EXT.rdf/""]}, {/""pid/"": /""grinnell:10768/"", /""title/"": /""Unit VIII: Matrices, Eigenvalues and Eigenvectors/"", /""files/"": [/""grinnell_10768_MODS.xml/"", /""grinnell_10768_RELS-EXT.rdf/""]}, {/""pid/"": /""grinnell:10769/"", /""title/"": /""Unit IX: Least Squares Fitting of Data/"", /""files/"": [/""grinnell_10769_MODS.xml/"", /""grinnell_10769_RELS-EXT.rdf/""]}, {/""pid/"": /""grinnell:10770/"", /""title/"": /""Unit X: Data Repository Overview/"", /""files/"": [/""grinnell_10770_MODS.xml/"", /""grinnell_10770_RELS-EXT.rdf/""]}, {/""pid/"": /""grinnell:10771/"", /""title/"": /""Unit XI: Text, Graphics, and Equations/"", /""files/"": [/""grinnell_10771_MODS.xml/"", /""grinnell_10771_RELS-EXT.rdf/""]}, {/""pid/"": /""grinnell:10772/"", /""title/"": /""Unit XII: A Touch of Chaos/"", /""files/"": [/""grinnell_10772_MODS.xml/"", /""grinnell_10772_RELS-EXT.rdf/""]}, {/""pid/"": /""grinnell:10773/"", /""title/"": /""Unit XIII: Monte Carlo Methods/"", /""files/"": [/""grinnell_10773_MODS.xml/"", /""grinnell_10773_RELS-EXT.rdf/""]}, {/""pid/"": /""grinnell:10774/"", /""title/"": /""Unit XIV: The Internet/"", /""files/"": [/""grinnell_10774_MODS.xml/"", /""grinnell_10774_RELS-EXT.rdf/""]}], /""paren/"": {/""pid/"": /""grinnell:224/"", /""title/"": /""Computational Physics/"", /""files/"": [/""grinnell_224_MODS.xml/"", /""grinnell_224_RELS-EXT.rdf/""]}}"
,,991011506575804641,991011506575804641,parent: grinnell:10426,PIPS: An Instruction Set Architecture for Teaching Computer Organization,,,grinnell:10426; grinnell:10426; http://hdl.handle.net/11084/10426; alma:01GCL_INST/bibs/991011506575804641,http://hdl.handle.net/11084/10426,PIPS: An Instruction Set Architecture for Teaching Computer Organization (compound); README (text); Prompts Package (software); Student Starter Files (software); PIPS Datapath (I) (text); PIPS Datapath (II) (text); PIPS Datapath (III) (text); PIPS Datapath (IV) (text); PIPS Datapath (V) (text); PIPS Datapath (VI) (text); Logisim 2.7.1 (dataset); Workshop Paper (text),"Curtsinger, Charlie (Faculty/Staff); Weinman, Jerod (Faculty/Staff)",Grinnell College. Department of Computer Science,,,,,,,,,,,,,,,,,,Grinnell College,Grinnell College,2021,2021,2021,,,compound,born digital,10 objects,10 objects,,,,English,,,,,,,,,"Copyright to this work is held by the author(s), in accordance with United States copyright law (USC 17). Readers of this work have certain rights as defined by the law, including but not limited to fair use (17 USC 107 et seq.).",,,,,,,,,,,,,,0010  https://docs.google.com/spreadsheets/d/1JzW8TGU8qJlBAlyoMyDS1mkLTGoaLrsCzVtwQo-4JlU/edit?usp=sharing,"{/""worksheet/"": /""https://docs.google.com/spreadsheets/d/1JzW8TGU8qJlBAlyoMyDS1mkLTGoaLrsCzVtwQo-4JlU#gid=1804306342/"", /""directory/"": /""smb://storage/mediadb/DGingest/Migration-to-Alma/exports/curricular-materials/"", /""children/"": [{/""pid/"": /""grinnell:10427/"", /""title/"": /""README/"", /""files/"": [/""grinnell_10427_MODS.xml/"", /""grinnell_10427_RELS-EXT.rdf/""]}, {/""pid/"": /""grinnell:10428/"", /""title/"": /""Prompts Package/"", /""files/"": [/""grinnell_10428_MODS.xml/"", /""grinnell_10428_RELS-EXT.rdf/""]}, {/""pid/"": /""grinnell:10429/"", /""title/"": /""Student Starter Files/"", /""files/"": [/""grinnell_10429_MODS.xml/"", /""grinnell_10429_RELS-EXT.rdf/""]}, {/""pid/"": /""grinnell:10430/"", /""title/"": /""PIPS Datapath (I)/"", /""files/"": [/""grinnell_10430_MODS.xml/"", /""grinnell_10430_RELS-EXT.rdf/""]}, {/""pid/"": /""grinnell:10431/"", /""title/"": /""PIPS Datapath (II)/"", /""files/"": [/""grinnell_10431_MODS.xml/"", /""grinnell_10431_RELS-EXT.rdf/""]}, {/""pid/"": /""grinnell:10432/"", /""title/"": /""PIPS Datapath (III )/"", /""files/"": [/""grinnell_10432_MODS.xml/"", /""grinnell_10432_RELS-EXT.rdf/""]}, {/""pid/"": /""grinnell:10433/"", /""title/"": /""PIPS Datapath (IV)/"", /""files/"": [/""grinnell_10433_MODS.xml/"", /""grinnell_10433_RELS-EXT.rdf/""]}, {/""pid/"": /""grinnell:10434/"", /""title/"": /""PIPS Datapath (V)/"", /""files/"": [/""grinnell_10434_MODS.xml/"", /""grinnell_10434_RELS-EXT.rdf/""]}, {/""pid/"": /""grinnell:10435/"", /""title/"": /""PIPS Datapath (VI)/"", /""files/"": [/""grinnell_10435_MODS.xml/"", /""grinnell_10435_RELS-EXT.rdf/""]}, {/""pid/"": /""grinnell:10436/"", /""title/"": /""Logisim 2.7.1/"", /""files/"": [/""grinnell_10436_MODS.xml/"", /""grinnell_10436_RELS-EXT.rdf/""]}, {/""pid/"": /""grinnell:10437/"", /""title/"": /""Workshop Paper/"", /""files/"": [/""grinnell_10437_MODS.xml/"", /""grinnell_10437_RELS-EXT.rdf/""]}], /""paren/"": {/""pid/"": /""grinnell:10426/"", /""title/"": /""PIPS: An Instruction Set Architecture for Teaching Computer Organization/"", /""files/"": [/""grinnell_10426_MODS.xml/"", /""grinnell_10426_RELS-EXT.rdf/""]}}"
,,991011506575804641,991011506575804641,parent: grinnell:10426,PIPS: An Instruction Set Architecture for Teaching Computer Organization,,,grinnell:10426; grinnell:10426; http://hdl.handle.net/11084/10426; alma:01GCL_INST/bibs/991011506575804641,http://hdl.handle.net/11084/10426,PIPS: An Instruction Set Architecture for Teaching Computer Organization (compound); README (text); Prompts Package (software); Student Starter Files (software); PIPS Datapath (I) (text); PIPS Datapath (II) (text); PIPS Datapath (III) (text); PIPS Datapath (IV) (text); PIPS Datapath (V) (text); PIPS Datapath (VI) (text); Logisim 2.7.1 (dataset); Workshop Paper (text),"Curtsinger, Charlie (Faculty/Staff); Weinman, Jerod (Faculty/Staff)",Grinnell College. Department of Computer Science,,,,,,,,,,,,,,,,,,Grinnell College,Grinnell College,2021,2021,2021,,,compound,born digital,10 objects,10 objects,,,,English,,,,,,,,,"Copyright to this work is held by the author(s), in accordance with United States copyright law (USC 17). Readers of this work have certain rights as defined by the law, including but not limited to fair use (17 USC 107 et seq.).",,,,,,,,,,,,,,0010  https://docs.google.com/spreadsheets/d/1JzW8TGU8qJlBAlyoMyDS1mkLTGoaLrsCzVtwQo-4JlU/edit?usp=sharing,"{/""worksheet/"": /""https://docs.google.com/spreadsheets/d/1JzW8TGU8qJlBAlyoMyDS1mkLTGoaLrsCzVtwQo-4JlU#gid=1804306342/"", /""directory/"": /""smb://storage/mediadb/DGingest/Migration-to-Alma/exports/curricular-materials/"", /""children/"": [{/""pid/"": /""grinnell:10427/"", /""title/"": /""README/"", /""files/"": [/""grinnell_10427_MODS.xml/"", /""grinnell_10427_RELS-EXT.rdf/""]}, {/""pid/"": /""grinnell:10428/"", /""title/"": /""Prompts Package/"", /""files/"": [/""grinnell_10428_MODS.xml/"", /""grinnell_10428_RELS-EXT.rdf/""]}, {/""pid/"": /""grinnell:10429/"", /""title/"": /""Student Starter Files/"", /""files/"": [/""grinnell_10429_MODS.xml/"", /""grinnell_10429_RELS-EXT.rdf/""]}, {/""pid/"": /""grinnell:10430/"", /""title/"": /""PIPS Datapath (I)/"", /""files/"": [/""grinnell_10430_MODS.xml/"", /""grinnell_10430_RELS-EXT.rdf/""]}, {/""pid/"": /""grinnell:10431/"", /""title/"": /""PIPS Datapath (II)/"", /""files/"": [/""grinnell_10431_MODS.xml/"", /""grinnell_10431_RELS-EXT.rdf/""]}, {/""pid/"": /""grinnell:10432/"", /""title/"": /""PIPS Datapath (III )/"", /""files/"": [/""grinnell_10432_MODS.xml/"", /""grinnell_10432_RELS-EXT.rdf/""]}, {/""pid/"": /""grinnell:10433/"", /""title/"": /""PIPS Datapath (IV)/"", /""files/"": [/""grinnell_10433_MODS.xml/"", /""grinnell_10433_RELS-EXT.rdf/""]}, {/""pid/"": /""grinnell:10434/"", /""title/"": /""PIPS Datapath (V)/"", /""files/"": [/""grinnell_10434_MODS.xml/"", /""grinnell_10434_RELS-EXT.rdf/""]}, {/""pid/"": /""grinnell:10435/"", /""title/"": /""PIPS Datapath (VI)/"", /""files/"": [/""grinnell_10435_MODS.xml/"", /""grinnell_10435_RELS-EXT.rdf/""]}, {/""pid/"": /""grinnell:10436/"", /""title/"": /""Logisim 2.7.1/"", /""files/"": [/""grinnell_10436_MODS.xml/"", /""grinnell_10436_RELS-EXT.rdf/""]}, {/""pid/"": /""grinnell:10437/"", /""title/"": /""Workshop Paper/"", /""files/"": [/""grinnell_10437_MODS.xml/"", /""grinnell_10437_RELS-EXT.rdf/""]}], /""paren/"": {/""pid/"": /""grinnell:10426/"", /""title/"": /""PIPS: An Instruction Set Architecture for Teaching Computer Organization/"", /""files/"": [/""grinnell_10426_MODS.xml/"", /""grinnell_10426_RELS-EXT.rdf/""]}}"
,,991011506575804641,991011506575804641,parent: grinnell:10426,PIPS: An Instruction Set Architecture for Teaching Computer Organization,,,grinnell:10426; grinnell:10426; http://hdl.handle.net/11084/10426; alma:01GCL_INST/bibs/991011506575804641,http://hdl.handle.net/11084/10426,PIPS: An Instruction Set Architecture for Teaching Computer Organization (compound); README (text); Prompts Package (software); Student Starter Files (software); PIPS Datapath (I) (text); PIPS Datapath (II) (text); PIPS Datapath (III) (text); PIPS Datapath (IV) (text); PIPS Datapath (V) (text); PIPS Datapath (VI) (text); Logisim 2.7.1 (dataset); Workshop Paper (text),"Curtsinger, Charlie (Faculty/Staff); Weinman, Jerod (Faculty/Staff)",Grinnell College. Department of Computer Science,,,,,,,,,,,,,,,,,,Grinnell College,Grinnell College,2021,2021,2021,,,compound,born digital,10 objects,10 objects,,,,English,,,,,,,,,"Copyright to this work is held by the author(s), in accordance with United States copyright law (USC 17). Readers of this work have certain rights as defined by the law, including but not limited to fair use (17 USC 107 et seq.).",,,,,,,,,,,,,,0010  https://docs.google.com/spreadsheets/d/1JzW8TGU8qJlBAlyoMyDS1mkLTGoaLrsCzVtwQo-4JlU/edit?usp=sharing,"{/""worksheet/"": /""https://docs.google.com/spreadsheets/d/1JzW8TGU8qJlBAlyoMyDS1mkLTGoaLrsCzVtwQo-4JlU#gid=1804306342/"", /""directory/"": /""smb://storage/mediadb/DGingest/Migration-to-Alma/exports/curricular-materials/"", /""children/"": [{/""pid/"": /""grinnell:10427/"", /""title/"": /""README/"", /""files/"": [/""grinnell_10427_MODS.xml/"", /""grinnell_10427_RELS-EXT.rdf/""]}, {/""pid/"": /""grinnell:10428/"", /""title/"": /""Prompts Package/"", /""files/"": [/""grinnell_10428_MODS.xml/"", /""grinnell_10428_RELS-EXT.rdf/""]}, {/""pid/"": /""grinnell:10429/"", /""title/"": /""Student Starter Files/"", /""files/"": [/""grinnell_10429_MODS.xml/"", /""grinnell_10429_RELS-EXT.rdf/""]}, {/""pid/"": /""grinnell:10430/"", /""title/"": /""PIPS Datapath (I)/"", /""files/"": [/""grinnell_10430_MODS.xml/"", /""grinnell_10430_RELS-EXT.rdf/""]}, {/""pid/"": /""grinnell:10431/"", /""title/"": /""PIPS Datapath (II)/"", /""files/"": [/""grinnell_10431_MODS.xml/"", /""grinnell_10431_RELS-EXT.rdf/""]}, {/""pid/"": /""grinnell:10432/"", /""title/"": /""PIPS Datapath (III )/"", /""files/"": [/""grinnell_10432_MODS.xml/"", /""grinnell_10432_RELS-EXT.rdf/""]}, {/""pid/"": /""grinnell:10433/"", /""title/"": /""PIPS Datapath (IV)/"", /""files/"": [/""grinnell_10433_MODS.xml/"", /""grinnell_10433_RELS-EXT.rdf/""]}, {/""pid/"": /""grinnell:10434/"", /""title/"": /""PIPS Datapath (V)/"", /""files/"": [/""grinnell_10434_MODS.xml/"", /""grinnell_10434_RELS-EXT.rdf/""]}, {/""pid/"": /""grinnell:10435/"", /""title/"": /""PIPS Datapath (VI)/"", /""files/"": [/""grinnell_10435_MODS.xml/"", /""grinnell_10435_RELS-EXT.rdf/""]}, {/""pid/"": /""grinnell:10436/"", /""title/"": /""Logisim 2.7.1/"", /""files/"": [/""grinnell_10436_MODS.xml/"", /""grinnell_10436_RELS-EXT.rdf/""]}, {/""pid/"": /""grinnell:10437/"", /""title/"": /""Workshop Paper/"", /""files/"": [/""grinnell_10437_MODS.xml/"", /""grinnell_10437_RELS-EXT.rdf/""]}], /""paren/"": {/""pid/"": /""grinnell:10426/"", /""title/"": /""PIPS: An Instruction Set Architecture for Teaching Computer Organization/"", /""files/"": [/""grinnell_10426_MODS.xml/"", /""grinnell_10426_RELS-EXT.rdf/""]}}"
,,991011506575804641,991011506575804641,parent: grinnell:10426,PIPS: An Instruction Set Architecture for Teaching Computer Organization,,,grinnell:10426; grinnell:10426; http://hdl.handle.net/11084/10426; alma:01GCL_INST/bibs/991011506575804641,http://hdl.handle.net/11084/10426,PIPS: An Instruction Set Architecture for Teaching Computer Organization (compound); README (text); Prompts Package (software); Student Starter Files (software); PIPS Datapath (I) (text); PIPS Datapath (II) (text); PIPS Datapath (III) (text); PIPS Datapath (IV) (text); PIPS Datapath (V) (text); PIPS Datapath (VI) (text); Logisim 2.7.1 (dataset); Workshop Paper (text),"Curtsinger, Charlie (Faculty/Staff); Weinman, Jerod (Faculty/Staff)",Grinnell College. Department of Computer Science,,,,,,,,,,,,,,,,,,Grinnell College,Grinnell College,2021,2021,2021,,,compound,born digital,10 objects,10 objects,,,,English,,,,,,,,,"Copyright to this work is held by the author(s), in accordance with United States copyright law (USC 17). Readers of this work have certain rights as defined by the law, including but not limited to fair use (17 USC 107 et seq.).",,,,,,,,,,,,,,0010  https://docs.google.com/spreadsheets/d/1JzW8TGU8qJlBAlyoMyDS1mkLTGoaLrsCzVtwQo-4JlU/edit?usp=sharing,"{/""worksheet/"": /""https://docs.google.com/spreadsheets/d/1JzW8TGU8qJlBAlyoMyDS1mkLTGoaLrsCzVtwQo-4JlU#gid=1804306342/"", /""directory/"": /""smb://storage/mediadb/DGingest/Migration-to-Alma/exports/curricular-materials/"", /""children/"": [{/""pid/"": /""grinnell:10427/"", /""title/"": /""README/"", /""files/"": [/""grinnell_10427_MODS.xml/"", /""grinnell_10427_RELS-EXT.rdf/""]}, {/""pid/"": /""grinnell:10428/"", /""title/"": /""Prompts Package/"", /""files/"": [/""grinnell_10428_MODS.xml/"", /""grinnell_10428_RELS-EXT.rdf/""]}, {/""pid/"": /""grinnell:10429/"", /""title/"": /""Student Starter Files/"", /""files/"": [/""grinnell_10429_MODS.xml/"", /""grinnell_10429_RELS-EXT.rdf/""]}, {/""pid/"": /""grinnell:10430/"", /""title/"": /""PIPS Datapath (I)/"", /""files/"": [/""grinnell_10430_MODS.xml/"", /""grinnell_10430_RELS-EXT.rdf/""]}, {/""pid/"": /""grinnell:10431/"", /""title/"": /""PIPS Datapath (II)/"", /""files/"": [/""grinnell_10431_MODS.xml/"", /""grinnell_10431_RELS-EXT.rdf/""]}, {/""pid/"": /""grinnell:10432/"", /""title/"": /""PIPS Datapath (III )/"", /""files/"": [/""grinnell_10432_MODS.xml/"", /""grinnell_10432_RELS-EXT.rdf/""]}, {/""pid/"": /""grinnell:10433/"", /""title/"": /""PIPS Datapath (IV)/"", /""files/"": [/""grinnell_10433_MODS.xml/"", /""grinnell_10433_RELS-EXT.rdf/""]}, {/""pid/"": /""grinnell:10434/"", /""title/"": /""PIPS Datapath (V)/"", /""files/"": [/""grinnell_10434_MODS.xml/"", /""grinnell_10434_RELS-EXT.rdf/""]}, {/""pid/"": /""grinnell:10435/"", /""title/"": /""PIPS Datapath (VI)/"", /""files/"": [/""grinnell_10435_MODS.xml/"", /""grinnell_10435_RELS-EXT.rdf/""]}, {/""pid/"": /""grinnell:10436/"", /""title/"": /""Logisim 2.7.1/"", /""files/"": [/""grinnell_10436_MODS.xml/"", /""grinnell_10436_RELS-EXT.rdf/""]}, {/""pid/"": /""grinnell:10437/"", /""title/"": /""Workshop Paper/"", /""files/"": [/""grinnell_10437_MODS.xml/"", /""grinnell_10437_RELS-EXT.rdf/""]}], /""paren/"": {/""pid/"": /""grinnell:10426/"", /""title/"": /""PIPS: An Instruction Set Architecture for Teaching Computer Organization/"", /""files/"": [/""grinnell_10426_MODS.xml/"", /""grinnell_10426_RELS-EXT.rdf/""]}}"
,,991011506575804641,991011506575804641,parent: grinnell:10426,PIPS: An Instruction Set Architecture for Teaching Computer Organization,,,grinnell:10426; grinnell:10426; http://hdl.handle.net/11084/10426; alma:01GCL_INST/bibs/991011506575804641,http://hdl.handle.net/11084/10426,PIPS: An Instruction Set Architecture for Teaching Computer Organization (compound); README (text); Prompts Package (software); Student Starter Files (software); PIPS Datapath (I) (text); PIPS Datapath (II) (text); PIPS Datapath (III) (text); PIPS Datapath (IV) (text); PIPS Datapath (V) (text); PIPS Datapath (VI) (text); Logisim 2.7.1 (dataset); Workshop Paper (text),"Curtsinger, Charlie (Faculty/Staff); Weinman, Jerod (Faculty/Staff)",Grinnell College. Department of Computer Science,,,,,,,,,,,,,,,,,,Grinnell College,Grinnell College,2021,2021,2021,,,compound,born digital,10 objects,10 objects,,,,English,,,,,,,,,"Copyright to this work is held by the author(s), in accordance with United States copyright law (USC 17). Readers of this work have certain rights as defined by the law, including but not limited to fair use (17 USC 107 et seq.).",,,,,,,,,,,,,,0010  https://docs.google.com/spreadsheets/d/1JzW8TGU8qJlBAlyoMyDS1mkLTGoaLrsCzVtwQo-4JlU/edit?usp=sharing,"{/""worksheet/"": /""https://docs.google.com/spreadsheets/d/1JzW8TGU8qJlBAlyoMyDS1mkLTGoaLrsCzVtwQo-4JlU#gid=1804306342/"", /""directory/"": /""smb://storage/mediadb/DGingest/Migration-to-Alma/exports/curricular-materials/"", /""children/"": [{/""pid/"": /""grinnell:10427/"", /""title/"": /""README/"", /""files/"": [/""grinnell_10427_MODS.xml/"", /""grinnell_10427_RELS-EXT.rdf/""]}, {/""pid/"": /""grinnell:10428/"", /""title/"": /""Prompts Package/"", /""files/"": [/""grinnell_10428_MODS.xml/"", /""grinnell_10428_RELS-EXT.rdf/""]}, {/""pid/"": /""grinnell:10429/"", /""title/"": /""Student Starter Files/"", /""files/"": [/""grinnell_10429_MODS.xml/"", /""grinnell_10429_RELS-EXT.rdf/""]}, {/""pid/"": /""grinnell:10430/"", /""title/"": /""PIPS Datapath (I)/"", /""files/"": [/""grinnell_10430_MODS.xml/"", /""grinnell_10430_RELS-EXT.rdf/""]}, {/""pid/"": /""grinnell:10431/"", /""title/"": /""PIPS Datapath (II)/"", /""files/"": [/""grinnell_10431_MODS.xml/"", /""grinnell_10431_RELS-EXT.rdf/""]}, {/""pid/"": /""grinnell:10432/"", /""title/"": /""PIPS Datapath (III )/"", /""files/"": [/""grinnell_10432_MODS.xml/"", /""grinnell_10432_RELS-EXT.rdf/""]}, {/""pid/"": /""grinnell:10433/"", /""title/"": /""PIPS Datapath (IV)/"", /""files/"": [/""grinnell_10433_MODS.xml/"", /""grinnell_10433_RELS-EXT.rdf/""]}, {/""pid/"": /""grinnell:10434/"", /""title/"": /""PIPS Datapath (V)/"", /""files/"": [/""grinnell_10434_MODS.xml/"", /""grinnell_10434_RELS-EXT.rdf/""]}, {/""pid/"": /""grinnell:10435/"", /""title/"": /""PIPS Datapath (VI)/"", /""files/"": [/""grinnell_10435_MODS.xml/"", /""grinnell_10435_RELS-EXT.rdf/""]}, {/""pid/"": /""grinnell:10436/"", /""title/"": /""Logisim 2.7.1/"", /""files/"": [/""grinnell_10436_MODS.xml/"", /""grinnell_10436_RELS-EXT.rdf/""]}, {/""pid/"": /""grinnell:10437/"", /""title/"": /""Workshop Paper/"", /""files/"": [/""grinnell_10437_MODS.xml/"", /""grinnell_10437_RELS-EXT.rdf/""]}], /""paren/"": {/""pid/"": /""grinnell:10426/"", /""title/"": /""PIPS: An Instruction Set Architecture for Teaching Computer Organization/"", /""files/"": [/""grinnell_10426_MODS.xml/"", /""grinnell_10426_RELS-EXT.rdf/""]}}"
,,991011506575804641,991011506575804641,parent: grinnell:10426,PIPS: An Instruction Set Architecture for Teaching Computer Organization,,,grinnell:10426; grinnell:10426; http://hdl.handle.net/11084/10426; alma:01GCL_INST/bibs/991011506575804641,http://hdl.handle.net/11084/10426,PIPS: An Instruction Set Architecture for Teaching Computer Organization (compound); README (text); Prompts Package (software); Student Starter Files (software); PIPS Datapath (I) (text); PIPS Datapath (II) (text); PIPS Datapath (III) (text); PIPS Datapath (IV) (text); PIPS Datapath (V) (text); PIPS Datapath (VI) (text); Logisim 2.7.1 (dataset); Workshop Paper (text),"Curtsinger, Charlie (Faculty/Staff); Weinman, Jerod (Faculty/Staff)",Grinnell College. Department of Computer Science,,,,,,,,,,,,,,,,,,Grinnell College,Grinnell College,2021,2021,2021,,,compound,born digital,10 objects,10 objects,,,,English,,,,,,,,,"Copyright to this work is held by the author(s), in accordance with United States copyright law (USC 17). Readers of this work have certain rights as defined by the law, including but not limited to fair use (17 USC 107 et seq.).",,,,,,,,,,,,,,0010  https://docs.google.com/spreadsheets/d/1JzW8TGU8qJlBAlyoMyDS1mkLTGoaLrsCzVtwQo-4JlU/edit?usp=sharing,"{/""worksheet/"": /""https://docs.google.com/spreadsheets/d/1JzW8TGU8qJlBAlyoMyDS1mkLTGoaLrsCzVtwQo-4JlU#gid=1804306342/"", /""directory/"": /""smb://storage/mediadb/DGingest/Migration-to-Alma/exports/curricular-materials/"", /""children/"": [{/""pid/"": /""grinnell:10427/"", /""title/"": /""README/"", /""files/"": [/""grinnell_10427_MODS.xml/"", /""grinnell_10427_RELS-EXT.rdf/""]}, {/""pid/"": /""grinnell:10428/"", /""title/"": /""Prompts Package/"", /""files/"": [/""grinnell_10428_MODS.xml/"", /""grinnell_10428_RELS-EXT.rdf/""]}, {/""pid/"": /""grinnell:10429/"", /""title/"": /""Student Starter Files/"", /""files/"": [/""grinnell_10429_MODS.xml/"", /""grinnell_10429_RELS-EXT.rdf/""]}, {/""pid/"": /""grinnell:10430/"", /""title/"": /""PIPS Datapath (I)/"", /""files/"": [/""grinnell_10430_MODS.xml/"", /""grinnell_10430_RELS-EXT.rdf/""]}, {/""pid/"": /""grinnell:10431/"", /""title/"": /""PIPS Datapath (II)/"", /""files/"": [/""grinnell_10431_MODS.xml/"", /""grinnell_10431_RELS-EXT.rdf/""]}, {/""pid/"": /""grinnell:10432/"", /""title/"": /""PIPS Datapath (III )/"", /""files/"": [/""grinnell_10432_MODS.xml/"", /""grinnell_10432_RELS-EXT.rdf/""]}, {/""pid/"": /""grinnell:10433/"", /""title/"": /""PIPS Datapath (IV)/"", /""files/"": [/""grinnell_10433_MODS.xml/"", /""grinnell_10433_RELS-EXT.rdf/""]}, {/""pid/"": /""grinnell:10434/"", /""title/"": /""PIPS Datapath (V)/"", /""files/"": [/""grinnell_10434_MODS.xml/"", /""grinnell_10434_RELS-EXT.rdf/""]}, {/""pid/"": /""grinnell:10435/"", /""title/"": /""PIPS Datapath (VI)/"", /""files/"": [/""grinnell_10435_MODS.xml/"", /""grinnell_10435_RELS-EXT.rdf/""]}, {/""pid/"": /""grinnell:10436/"", /""title/"": /""Logisim 2.7.1/"", /""files/"": [/""grinnell_10436_MODS.xml/"", /""grinnell_10436_RELS-EXT.rdf/""]}, {/""pid/"": /""grinnell:10437/"", /""title/"": /""Workshop Paper/"", /""files/"": [/""grinnell_10437_MODS.xml/"", /""grinnell_10437_RELS-EXT.rdf/""]}], /""paren/"": {/""pid/"": /""grinnell:10426/"", /""title/"": /""PIPS: An Instruction Set Architecture for Teaching Computer Organization/"", /""files/"": [/""grinnell_10426_MODS.xml/"", /""grinnell_10426_RELS-EXT.rdf/""]}}"
,,991011506575804641,991011506575804641,parent: grinnell:10426,PIPS: An Instruction Set Architecture for Teaching Computer Organization,,,grinnell:10426; grinnell:10426; http://hdl.handle.net/11084/10426; alma:01GCL_INST/bibs/991011506575804641,http://hdl.handle.net/11084/10426,PIPS: An Instruction Set Architecture for Teaching Computer Organization (compound); README (text); Prompts Package (software); Student Starter Files (software); PIPS Datapath (I) (text); PIPS Datapath (II) (text); PIPS Datapath (III) (text); PIPS Datapath (IV) (text); PIPS Datapath (V) (text); PIPS Datapath (VI) (text); Logisim 2.7.1 (dataset); Workshop Paper (text),"Curtsinger, Charlie (Faculty/Staff); Weinman, Jerod (Faculty/Staff)",Grinnell College. Department of Computer Science,,,,,,,,,,,,,,,,,,Grinnell College,Grinnell College,2021,2021,2021,,,compound,born digital,10 objects,10 objects,,,,English,,,,,,,,,"Copyright to this work is held by the author(s), in accordance with United States copyright law (USC 17). Readers of this work have certain rights as defined by the law, including but not limited to fair use (17 USC 107 et seq.).",,,,,,,,,,,,,,0010  https://docs.google.com/spreadsheets/d/1JzW8TGU8qJlBAlyoMyDS1mkLTGoaLrsCzVtwQo-4JlU/edit?usp=sharing,"{/""worksheet/"": /""https://docs.google.com/spreadsheets/d/1JzW8TGU8qJlBAlyoMyDS1mkLTGoaLrsCzVtwQo-4JlU#gid=1804306342/"", /""directory/"": /""smb://storage/mediadb/DGingest/Migration-to-Alma/exports/curricular-materials/"", /""children/"": [{/""pid/"": /""grinnell:10427/"", /""title/"": /""README/"", /""files/"": [/""grinnell_10427_MODS.xml/"", /""grinnell_10427_RELS-EXT.rdf/""]}, {/""pid/"": /""grinnell:10428/"", /""title/"": /""Prompts Package/"", /""files/"": [/""grinnell_10428_MODS.xml/"", /""grinnell_10428_RELS-EXT.rdf/""]}, {/""pid/"": /""grinnell:10429/"", /""title/"": /""Student Starter Files/"", /""files/"": [/""grinnell_10429_MODS.xml/"", /""grinnell_10429_RELS-EXT.rdf/""]}, {/""pid/"": /""grinnell:10430/"", /""title/"": /""PIPS Datapath (I)/"", /""files/"": [/""grinnell_10430_MODS.xml/"", /""grinnell_10430_RELS-EXT.rdf/""]}, {/""pid/"": /""grinnell:10431/"", /""title/"": /""PIPS Datapath (II)/"", /""files/"": [/""grinnell_10431_MODS.xml/"", /""grinnell_10431_RELS-EXT.rdf/""]}, {/""pid/"": /""grinnell:10432/"", /""title/"": /""PIPS Datapath (III )/"", /""files/"": [/""grinnell_10432_MODS.xml/"", /""grinnell_10432_RELS-EXT.rdf/""]}, {/""pid/"": /""grinnell:10433/"", /""title/"": /""PIPS Datapath (IV)/"", /""files/"": [/""grinnell_10433_MODS.xml/"", /""grinnell_10433_RELS-EXT.rdf/""]}, {/""pid/"": /""grinnell:10434/"", /""title/"": /""PIPS Datapath (V)/"", /""files/"": [/""grinnell_10434_MODS.xml/"", /""grinnell_10434_RELS-EXT.rdf/""]}, {/""pid/"": /""grinnell:10435/"", /""title/"": /""PIPS Datapath (VI)/"", /""files/"": [/""grinnell_10435_MODS.xml/"", /""grinnell_10435_RELS-EXT.rdf/""]}, {/""pid/"": /""grinnell:10436/"", /""title/"": /""Logisim 2.7.1/"", /""files/"": [/""grinnell_10436_MODS.xml/"", /""grinnell_10436_RELS-EXT.rdf/""]}, {/""pid/"": /""grinnell:10437/"", /""title/"": /""Workshop Paper/"", /""files/"": [/""grinnell_10437_MODS.xml/"", /""grinnell_10437_RELS-EXT.rdf/""]}], /""paren/"": {/""pid/"": /""grinnell:10426/"", /""title/"": /""PIPS: An Instruction Set Architecture for Teaching Computer Organization/"", /""files/"": [/""grinnell_10426_MODS.xml/"", /""grinnell_10426_RELS-EXT.rdf/""]}}"
,,991011506575804641,991011506575804641,parent: grinnell:10426,PIPS: An Instruction Set Architecture for Teaching Computer Organization,,,grinnell:10426; grinnell:10426; http://hdl.handle.net/11084/10426; alma:01GCL_INST/bibs/991011506575804641,http://hdl.handle.net/11084/10426,PIPS: An Instruction Set Architecture for Teaching Computer Organization (compound); README (text); Prompts Package (software); Student Starter Files (software); PIPS Datapath (I) (text); PIPS Datapath (II) (text); PIPS Datapath (III) (text); PIPS Datapath (IV) (text); PIPS Datapath (V) (text); PIPS Datapath (VI) (text); Logisim 2.7.1 (dataset); Workshop Paper (text),"Curtsinger, Charlie (Faculty/Staff); Weinman, Jerod (Faculty/Staff)",Grinnell College. Department of Computer Science,,,,,,,,,,,,,,,,,,Grinnell College,Grinnell College,2021,2021,2021,,,compound,born digital,10 objects,10 objects,,,,English,,,,,,,,,"Copyright to this work is held by the author(s), in accordance with United States copyright law (USC 17). Readers of this work have certain rights as defined by the law, including but not limited to fair use (17 USC 107 et seq.).",,,,,,,,,,,,,,0010  https://docs.google.com/spreadsheets/d/1JzW8TGU8qJlBAlyoMyDS1mkLTGoaLrsCzVtwQo-4JlU/edit?usp=sharing,"{/""worksheet/"": /""https://docs.google.com/spreadsheets/d/1JzW8TGU8qJlBAlyoMyDS1mkLTGoaLrsCzVtwQo-4JlU#gid=1804306342/"", /""directory/"": /""smb://storage/mediadb/DGingest/Migration-to-Alma/exports/curricular-materials/"", /""children/"": [{/""pid/"": /""grinnell:10427/"", /""title/"": /""README/"", /""files/"": [/""grinnell_10427_MODS.xml/"", /""grinnell_10427_RELS-EXT.rdf/""]}, {/""pid/"": /""grinnell:10428/"", /""title/"": /""Prompts Package/"", /""files/"": [/""grinnell_10428_MODS.xml/"", /""grinnell_10428_RELS-EXT.rdf/""]}, {/""pid/"": /""grinnell:10429/"", /""title/"": /""Student Starter Files/"", /""files/"": [/""grinnell_10429_MODS.xml/"", /""grinnell_10429_RELS-EXT.rdf/""]}, {/""pid/"": /""grinnell:10430/"", /""title/"": /""PIPS Datapath (I)/"", /""files/"": [/""grinnell_10430_MODS.xml/"", /""grinnell_10430_RELS-EXT.rdf/""]}, {/""pid/"": /""grinnell:10431/"", /""title/"": /""PIPS Datapath (II)/"", /""files/"": [/""grinnell_10431_MODS.xml/"", /""grinnell_10431_RELS-EXT.rdf/""]}, {/""pid/"": /""grinnell:10432/"", /""title/"": /""PIPS Datapath (III )/"", /""files/"": [/""grinnell_10432_MODS.xml/"", /""grinnell_10432_RELS-EXT.rdf/""]}, {/""pid/"": /""grinnell:10433/"", /""title/"": /""PIPS Datapath (IV)/"", /""files/"": [/""grinnell_10433_MODS.xml/"", /""grinnell_10433_RELS-EXT.rdf/""]}, {/""pid/"": /""grinnell:10434/"", /""title/"": /""PIPS Datapath (V)/"", /""files/"": [/""grinnell_10434_MODS.xml/"", /""grinnell_10434_RELS-EXT.rdf/""]}, {/""pid/"": /""grinnell:10435/"", /""title/"": /""PIPS Datapath (VI)/"", /""files/"": [/""grinnell_10435_MODS.xml/"", /""grinnell_10435_RELS-EXT.rdf/""]}, {/""pid/"": /""grinnell:10436/"", /""title/"": /""Logisim 2.7.1/"", /""files/"": [/""grinnell_10436_MODS.xml/"", /""grinnell_10436_RELS-EXT.rdf/""]}, {/""pid/"": /""grinnell:10437/"", /""title/"": /""Workshop Paper/"", /""files/"": [/""grinnell_10437_MODS.xml/"", /""grinnell_10437_RELS-EXT.rdf/""]}], /""paren/"": {/""pid/"": /""grinnell:10426/"", /""title/"": /""PIPS: An Instruction Set Architecture for Teaching Computer Organization/"", /""files/"": [/""grinnell_10426_MODS.xml/"", /""grinnell_10426_RELS-EXT.rdf/""]}}"
,,991011506575804641,991011506575804641,parent: grinnell:10426,PIPS: An Instruction Set Architecture for Teaching Computer Organization,,,grinnell:10426; grinnell:10426; http://hdl.handle.net/11084/10426; alma:01GCL_INST/bibs/991011506575804641,http://hdl.handle.net/11084/10426,PIPS: An Instruction Set Architecture for Teaching Computer Organization (compound); README (text); Prompts Package (software); Student Starter Files (software); PIPS Datapath (I) (text); PIPS Datapath (II) (text); PIPS Datapath (III) (text); PIPS Datapath (IV) (text); PIPS Datapath (V) (text); PIPS Datapath (VI) (text); Logisim 2.7.1 (dataset); Workshop Paper (text),"Curtsinger, Charlie (Faculty/Staff); Weinman, Jerod (Faculty/Staff)",Grinnell College. Department of Computer Science,,,,,,,,,,,,,,,,,,Grinnell College,Grinnell College,2021,2021,2021,,,compound,born digital,10 objects,10 objects,,,,English,,,,,,,,,"Copyright to this work is held by the author(s), in accordance with United States copyright law (USC 17). Readers of this work have certain rights as defined by the law, including but not limited to fair use (17 USC 107 et seq.).",,,,,,,,,,,,,,0010  https://docs.google.com/spreadsheets/d/1JzW8TGU8qJlBAlyoMyDS1mkLTGoaLrsCzVtwQo-4JlU/edit?usp=sharing,"{/""worksheet/"": /""https://docs.google.com/spreadsheets/d/1JzW8TGU8qJlBAlyoMyDS1mkLTGoaLrsCzVtwQo-4JlU#gid=1804306342/"", /""directory/"": /""smb://storage/mediadb/DGingest/Migration-to-Alma/exports/curricular-materials/"", /""children/"": [{/""pid/"": /""grinnell:10427/"", /""title/"": /""README/"", /""files/"": [/""grinnell_10427_MODS.xml/"", /""grinnell_10427_RELS-EXT.rdf/""]}, {/""pid/"": /""grinnell:10428/"", /""title/"": /""Prompts Package/"", /""files/"": [/""grinnell_10428_MODS.xml/"", /""grinnell_10428_RELS-EXT.rdf/""]}, {/""pid/"": /""grinnell:10429/"", /""title/"": /""Student Starter Files/"", /""files/"": [/""grinnell_10429_MODS.xml/"", /""grinnell_10429_RELS-EXT.rdf/""]}, {/""pid/"": /""grinnell:10430/"", /""title/"": /""PIPS Datapath (I)/"", /""files/"": [/""grinnell_10430_MODS.xml/"", /""grinnell_10430_RELS-EXT.rdf/""]}, {/""pid/"": /""grinnell:10431/"", /""title/"": /""PIPS Datapath (II)/"", /""files/"": [/""grinnell_10431_MODS.xml/"", /""grinnell_10431_RELS-EXT.rdf/""]}, {/""pid/"": /""grinnell:10432/"", /""title/"": /""PIPS Datapath (III )/"", /""files/"": [/""grinnell_10432_MODS.xml/"", /""grinnell_10432_RELS-EXT.rdf/""]}, {/""pid/"": /""grinnell:10433/"", /""title/"": /""PIPS Datapath (IV)/"", /""files/"": [/""grinnell_10433_MODS.xml/"", /""grinnell_10433_RELS-EXT.rdf/""]}, {/""pid/"": /""grinnell:10434/"", /""title/"": /""PIPS Datapath (V)/"", /""files/"": [/""grinnell_10434_MODS.xml/"", /""grinnell_10434_RELS-EXT.rdf/""]}, {/""pid/"": /""grinnell:10435/"", /""title/"": /""PIPS Datapath (VI)/"", /""files/"": [/""grinnell_10435_MODS.xml/"", /""grinnell_10435_RELS-EXT.rdf/""]}, {/""pid/"": /""grinnell:10436/"", /""title/"": /""Logisim 2.7.1/"", /""files/"": [/""grinnell_10436_MODS.xml/"", /""grinnell_10436_RELS-EXT.rdf/""]}, {/""pid/"": /""grinnell:10437/"", /""title/"": /""Workshop Paper/"", /""files/"": [/""grinnell_10437_MODS.xml/"", /""grinnell_10437_RELS-EXT.rdf/""]}], /""paren/"": {/""pid/"": /""grinnell:10426/"", /""title/"": /""PIPS: An Instruction Set Architecture for Teaching Computer Organization/"", /""files/"": [/""grinnell_10426_MODS.xml/"", /""grinnell_10426_RELS-EXT.rdf/""]}}"
,,991011506575804641,991011506575804641,parent: grinnell:10426,PIPS: An Instruction Set Architecture for Teaching Computer Organization,,,grinnell:10426; grinnell:10426; http://hdl.handle.net/11084/10426; alma:01GCL_INST/bibs/991011506575804641,http://hdl.handle.net/11084/10426,PIPS: An Instruction Set Architecture for Teaching Computer Organization (compound); README (text); Prompts Package (software); Student Starter Files (software); PIPS Datapath (I) (text); PIPS Datapath (II) (text); PIPS Datapath (III) (text); PIPS Datapath (IV) (text); PIPS Datapath (V) (text); PIPS Datapath (VI) (text); Logisim 2.7.1 (dataset); Workshop Paper (text),"Curtsinger, Charlie (Faculty/Staff); Weinman, Jerod (Faculty/Staff)",Grinnell College. Department of Computer Science,,,,,,,,,,,,,,,,,,Grinnell College,Grinnell College,2021,2021,2021,,,compound,born digital,10 objects,10 objects,,,,English,,,,,,,,,"Copyright to this work is held by the author(s), in accordance with United States copyright law (USC 17). Readers of this work have certain rights as defined by the law, including but not limited to fair use (17 USC 107 et seq.).",,,,,,,,,,,,,,0010  https://docs.google.com/spreadsheets/d/1JzW8TGU8qJlBAlyoMyDS1mkLTGoaLrsCzVtwQo-4JlU/edit?usp=sharing,"{/""worksheet/"": /""https://docs.google.com/spreadsheets/d/1JzW8TGU8qJlBAlyoMyDS1mkLTGoaLrsCzVtwQo-4JlU#gid=1804306342/"", /""directory/"": /""smb://storage/mediadb/DGingest/Migration-to-Alma/exports/curricular-materials/"", /""children/"": [{/""pid/"": /""grinnell:10427/"", /""title/"": /""README/"", /""files/"": [/""grinnell_10427_MODS.xml/"", /""grinnell_10427_RELS-EXT.rdf/""]}, {/""pid/"": /""grinnell:10428/"", /""title/"": /""Prompts Package/"", /""files/"": [/""grinnell_10428_MODS.xml/"", /""grinnell_10428_RELS-EXT.rdf/""]}, {/""pid/"": /""grinnell:10429/"", /""title/"": /""Student Starter Files/"", /""files/"": [/""grinnell_10429_MODS.xml/"", /""grinnell_10429_RELS-EXT.rdf/""]}, {/""pid/"": /""grinnell:10430/"", /""title/"": /""PIPS Datapath (I)/"", /""files/"": [/""grinnell_10430_MODS.xml/"", /""grinnell_10430_RELS-EXT.rdf/""]}, {/""pid/"": /""grinnell:10431/"", /""title/"": /""PIPS Datapath (II)/"", /""files/"": [/""grinnell_10431_MODS.xml/"", /""grinnell_10431_RELS-EXT.rdf/""]}, {/""pid/"": /""grinnell:10432/"", /""title/"": /""PIPS Datapath (III )/"", /""files/"": [/""grinnell_10432_MODS.xml/"", /""grinnell_10432_RELS-EXT.rdf/""]}, {/""pid/"": /""grinnell:10433/"", /""title/"": /""PIPS Datapath (IV)/"", /""files/"": [/""grinnell_10433_MODS.xml/"", /""grinnell_10433_RELS-EXT.rdf/""]}, {/""pid/"": /""grinnell:10434/"", /""title/"": /""PIPS Datapath (V)/"", /""files/"": [/""grinnell_10434_MODS.xml/"", /""grinnell_10434_RELS-EXT.rdf/""]}, {/""pid/"": /""grinnell:10435/"", /""title/"": /""PIPS Datapath (VI)/"", /""files/"": [/""grinnell_10435_MODS.xml/"", /""grinnell_10435_RELS-EXT.rdf/""]}, {/""pid/"": /""grinnell:10436/"", /""title/"": /""Logisim 2.7.1/"", /""files/"": [/""grinnell_10436_MODS.xml/"", /""grinnell_10436_RELS-EXT.rdf/""]}, {/""pid/"": /""grinnell:10437/"", /""title/"": /""Workshop Paper/"", /""files/"": [/""grinnell_10437_MODS.xml/"", /""grinnell_10437_RELS-EXT.rdf/""]}], /""paren/"": {/""pid/"": /""grinnell:10426/"", /""title/"": /""PIPS: An Instruction Set Architecture for Teaching Computer Organization/"", /""files/"": [/""grinnell_10426_MODS.xml/"", /""grinnell_10426_RELS-EXT.rdf/""]}}"
,,991011506575804641,991011506575804641,parent: grinnell:10426,PIPS: An Instruction Set Architecture for Teaching Computer Organization,,,grinnell:10426; grinnell:10426; http://hdl.handle.net/11084/10426; alma:01GCL_INST/bibs/991011506575804641,http://hdl.handle.net/11084/10426,PIPS: An Instruction Set Architecture for Teaching Computer Organization (compound); README (text); Prompts Package (software); Student Starter Files (software); PIPS Datapath (I) (text); PIPS Datapath (II) (text); PIPS Datapath (III) (text); PIPS Datapath (IV) (text); PIPS Datapath (V) (text); PIPS Datapath (VI) (text); Logisim 2.7.1 (dataset); Workshop Paper (text),"Curtsinger, Charlie (Faculty/Staff); Weinman, Jerod (Faculty/Staff)",Grinnell College. Department of Computer Science,,,,,,,,,,,,,,,,,,Grinnell College,Grinnell College,2021,2021,2021,,,compound,born digital,10 objects,10 objects,,,,English,,,,,,,,,"Copyright to this work is held by the author(s), in accordance with United States copyright law (USC 17). Readers of this work have certain rights as defined by the law, including but not limited to fair use (17 USC 107 et seq.).",,,,,,,,,,,,,,0010  https://docs.google.com/spreadsheets/d/1JzW8TGU8qJlBAlyoMyDS1mkLTGoaLrsCzVtwQo-4JlU/edit?usp=sharing,"{/""worksheet/"": /""https://docs.google.com/spreadsheets/d/1JzW8TGU8qJlBAlyoMyDS1mkLTGoaLrsCzVtwQo-4JlU#gid=1804306342/"", /""directory/"": /""smb://storage/mediadb/DGingest/Migration-to-Alma/exports/curricular-materials/"", /""children/"": [{/""pid/"": /""grinnell:10427/"", /""title/"": /""README/"", /""files/"": [/""grinnell_10427_MODS.xml/"", /""grinnell_10427_RELS-EXT.rdf/""]}, {/""pid/"": /""grinnell:10428/"", /""title/"": /""Prompts Package/"", /""files/"": [/""grinnell_10428_MODS.xml/"", /""grinnell_10428_RELS-EXT.rdf/""]}, {/""pid/"": /""grinnell:10429/"", /""title/"": /""Student Starter Files/"", /""files/"": [/""grinnell_10429_MODS.xml/"", /""grinnell_10429_RELS-EXT.rdf/""]}, {/""pid/"": /""grinnell:10430/"", /""title/"": /""PIPS Datapath (I)/"", /""files/"": [/""grinnell_10430_MODS.xml/"", /""grinnell_10430_RELS-EXT.rdf/""]}, {/""pid/"": /""grinnell:10431/"", /""title/"": /""PIPS Datapath (II)/"", /""files/"": [/""grinnell_10431_MODS.xml/"", /""grinnell_10431_RELS-EXT.rdf/""]}, {/""pid/"": /""grinnell:10432/"", /""title/"": /""PIPS Datapath (III )/"", /""files/"": [/""grinnell_10432_MODS.xml/"", /""grinnell_10432_RELS-EXT.rdf/""]}, {/""pid/"": /""grinnell:10433/"", /""title/"": /""PIPS Datapath (IV)/"", /""files/"": [/""grinnell_10433_MODS.xml/"", /""grinnell_10433_RELS-EXT.rdf/""]}, {/""pid/"": /""grinnell:10434/"", /""title/"": /""PIPS Datapath (V)/"", /""files/"": [/""grinnell_10434_MODS.xml/"", /""grinnell_10434_RELS-EXT.rdf/""]}, {/""pid/"": /""grinnell:10435/"", /""title/"": /""PIPS Datapath (VI)/"", /""files/"": [/""grinnell_10435_MODS.xml/"", /""grinnell_10435_RELS-EXT.rdf/""]}, {/""pid/"": /""grinnell:10436/"", /""title/"": /""Logisim 2.7.1/"", /""files/"": [/""grinnell_10436_MODS.xml/"", /""grinnell_10436_RELS-EXT.rdf/""]}, {/""pid/"": /""grinnell:10437/"", /""title/"": /""Workshop Paper/"", /""files/"": [/""grinnell_10437_MODS.xml/"", /""grinnell_10437_RELS-EXT.rdf/""]}], /""paren/"": {/""pid/"": /""grinnell:10426/"", /""title/"": /""PIPS: An Instruction Set Architecture for Teaching Computer Organization/"", /""files/"": [/""grinnell_10426_MODS.xml/"", /""grinnell_10426_RELS-EXT.rdf/""]}}"
,,991011507131104641,991011507131104641,,Wood Anatomy of Polemoniaceae,,,grinnell:26663; grinnell:26663; http://hdl.handle.net/11084/26663; alma:01GCL_INST/bibs/991011507131104641,http://hdl.handle.net/11084/26663,,"Carlquist, Sherwin; Eckhart, V. M. (Faculty/Staff); Michener, David C.",Grinnell College. Biology,Wood,,,,,,,,,,,,,,,"Carlquist, Sherwin; Eckhart, Vincent M.; and Michener, David C. (1984) /""Wood Anatomy of Polemoniaceae,/"" Aliso: A Journal of Systematic and Evolutionary Botany: Vol. 10: Iss. 4, Article 5. Also available at: http://scholarship.claremont.edu/aliso/vol10/iss4/5 ~ citation",This studiy of the anatomy of the family Polemoniaceae adds to the summaries compiled by Metcalfe and Chalk (1950 and Grant (1959),Grinnell College,Grinnell College,1984,1984,1984,,,essays,born digital,,,,,,English,,Faculty Scholarship,Faculty Scholarship,Faculty Scholarship,,North America,,,"Copyright to this work is held by the author(s), in accordance with United States copyright law (USC 17). Readers of this work have certain rights as defined by the law, including but not limited to fair use (17 USC 107 et seq.).",,,,,,,,,,,,,,0154  https://docs.google.com/spreadsheets/d/1JzW8TGU8qJlBAlyoMyDS1mkLTGoaLrsCzVtwQo-4JlU/edit?usp=sharing,"{/""worksheet/"": /""https://docs.google.com/spreadsheets/d/1JzW8TGU8qJlBAlyoMyDS1mkLTGoaLrsCzVtwQo-4JlU#gid=1570273558/"", /""directory/"": /""smb://storage/mediadb/DGingest/Migration-to-Alma/exports/faculty-scholarship/"", /""object/"": {/""pid/"": /""grinnell:26663/"", /""title/"": /""Wood Anatomy of Polemoniaceae/"", /""files/"": [/""grinnell_26663_MODS.xml/"", /""grinnell_26663_RELS-EXT.rdf/""]}}"
,,991011507131204641,991011507131204641,,Wood Anatomy of Hydrophyllaceae. I. Eriodictyon,,,grinnell:26662; grinnell:26662; http://hdl.handle.net/11084/26662; alma:01GCL_INST/bibs/991011507131204641,http://hdl.handle.net/11084/26662,,"Eckhart, V. M. (Faculty/Staff); Howland, Madeline R.; Jennison, Kevin; Kircher, Bonnie K.; Montgomery, David M.; Yuan, Yufei; Geber, Monica A.",Grinnell College. Biology Department.,Wood - Anatomy,,,,,,,,,,,,,,,"Carlquist, Sherwin; Eckhart, Vincent M.; and Michener, David C. (1983) /""Wood Anatomy of Hydrophyllaceae. I. Eriodictyon,/"" Aliso:
A Journal of Systematic and Evolutionary Botany: Vol. 10: Iss. 3, Article 4.
Also available at: http://scholarship.claremont.edu/aliso/vol10/iss3/4","Hydrophyllaceae is a characteristically herbaceous family; only Eriodictyon Benth., Wigandia H.B.K., and the monotypic Turricula Macbr. can be considered woody (stems attaining a diameter of more than 1 em). Are plants such as these relicts from a woody ancestry, or is the family secondarily woody?",Grinnell College,Grinnell College,1983,1983,1983,,,article,digitized other analog,17 pages,17 pages,,,,English,,Digital Grinnell,Digital Grinnell,Digital Grinnell,,California,,,"Copyright to this work is held by the author(s), in accordance with United            States copyright law (USC 17). Readers of this work have certain rights as defined by            the law, including but not limited to fair use (17 USC 107 et seq.).",,,,,,,,,,,,,,0153  https://docs.google.com/spreadsheets/d/1JzW8TGU8qJlBAlyoMyDS1mkLTGoaLrsCzVtwQo-4JlU/edit?usp=sharing,"{/""worksheet/"": /""https://docs.google.com/spreadsheets/d/1JzW8TGU8qJlBAlyoMyDS1mkLTGoaLrsCzVtwQo-4JlU#gid=1570273558/"", /""directory/"": /""smb://storage/mediadb/DGingest/Migration-to-Alma/exports/faculty-scholarship/"", /""object/"": {/""pid/"": /""grinnell:26662/"", /""title/"": /""Wood Anatomy of Hydrophyllaceae. I. Eriodictyon/"", /""files/"": [/""grinnell_26662_MODS.xml/"", /""grinnell_26662_RELS-EXT.rdf/""]}}"
,,991011507131304641,991011507131304641,,"Wood Anatomy of Darwiniothamnus, Lecocarpus, and Macraea (Asteraceae)",,,grinnell:26661; grinnell:26661; http://hdl.handle.net/11084/26661; alma:01GCL_INST/bibs/991011507131304641,http://hdl.handle.net/11084/26661,,"Carlquist, Sherwin; Eckhart, V. M. (Faculty/Staff)",Grinnell College. Biology,Wood,,,,,,,,,,,,,"The genera Darwiniothamnus Harling, Lecocarpus Decaisne, and Macraea Hook. f. are endemic to the Galapagos Islands. Although wood anatomy of Lecocarpus has been considered by Carlquist (1958) and Eliasson (1971), the material available hitherto has been twigs rather than mature wood. The other two genera have not been studied with respect to wood anatomy. Material of all three genera has been made available through the courtesy of Dr. Uno Eliasson, who collected these in 1981 in the Galapagos Islands.",,"Carlquist, Sherwin and Eckhart, Vincent M. (1982) /""Wood Anatomy of Darwiniothamnus, Lecocarpus, and Macraea (Asteraceae),/"" Aliso: A Journal of Systematic and Evolutionary Botany: Vol. 10: Iss. 2, Article 8. Also Available at: http://scholarship.claremont.edu/aliso/vol10/iss2/8","The genera Darwiniothamnus Harling, Lecocarpus Decaisne, and Macraea Hook. f. are endemic to the Galapagos Islands. Although wood anatomy of Lecocarpus has been considered by Carlquist (1958) and Eliasson (1971), the material available hitherto has been twigs rather than mature wood. The other two  genera have not been studied with respect to wood anatomy.",Grinnell College,Grinnell College,1982,1982,1982,,,essays,born digital,,,,,,English,,Faculty Scholarship,Faculty Scholarship,Faculty Scholarship,,Galapagos Islands,,,"Copyright to this work is held by the author(s), in accordance with United States copyright law (USC 17). Readers of this work have certain rights as defined by the law, including but not limited to fair use (17 USC 107 et seq.).",,,,,,,,,,,,,,0152  https://docs.google.com/spreadsheets/d/1JzW8TGU8qJlBAlyoMyDS1mkLTGoaLrsCzVtwQo-4JlU/edit?usp=sharing,"{/""worksheet/"": /""https://docs.google.com/spreadsheets/d/1JzW8TGU8qJlBAlyoMyDS1mkLTGoaLrsCzVtwQo-4JlU#gid=1570273558/"", /""directory/"": /""smb://storage/mediadb/DGingest/Migration-to-Alma/exports/faculty-scholarship/"", /""object/"": {/""pid/"": /""grinnell:26661/"", /""title/"": /""Wood Anatomy of Darwiniothamnus, Lecocarpus, and Macraea (Asteraceae)/"", /""files/"": [/""grinnell_26661_MODS.xml/"", /""grinnell_26661_RELS-EXT.rdf/""]}}"
,,991011507131404641,991011507131404641,,Landscape structure and genetic architecture jointly impact rates of niche evolution,,,grinnell:26660; grinnell:26660; http://hdl.handle.net/11084/26660; alma:01GCL_INST/bibs/991011507131404641,http://hdl.handle.net/11084/26660,,"Eckhart, V. M; Schiffers, Katja; Schurr, Frank M; Travis, Justin M. J; Duputié, Anne; Lavergne, Sébastien; McInerny, Greg; Moore, Kara A; Pearman, Peter B; Thuiller, Wilfried; Wüest, Rafael O; Holt, Robert D.",Grinnell College. Biology Department.,environment,,,,,,,,,,,,,"Evolutionary adaptation is a key driver of species’ range dynamics. Understanding the factors that afect rates of adaptation at range margins is thus crucial for interpreting and predicting changes in species’ ranges. Te spatial structure of environmental conditions is one of the determinants of whether and how quickly adaptations occur. However, while landscape structures at range edges are typically complex, most theoretical work has so far focused on relatively simple environmental geometries.
Using an individual-based allelic model, we explore the efects of diferent landscape structures on the rate of adaptation to novel environments and investigate how these structures interact with the genetic architecture of the trait governing adaptation and the dispersal capacity of the considered species. Generally, we fnd that rapid adaptation is favored by a good match between the coarseness of the trait’s genetic architecture (many loci of small efects versus few loci of large efects) and the coarseness of the landscape (abruptness of transitions in environmental conditions). For example, in rugged landscapes, adaptation is quicker for genetic architectures with few loci of large efects, while for shallow gradients the opposite is true. Moreover, dispersal capacities afect the rate of adaptation by modulating the ‘apparent coarseness’ of the landscape: a gradient perceived as smooth by species with limited dispersal capacities appears rather steep for highly dispersive ones. We also fnd that the distribution of evolving phenotypes strongly depends on the interplay of landscape structure and dispersal capacities, ranging from two distinct phenotypes for most rugged landscapes, over the co-occurrence of an additional third phenotype for highly dispersive species, to the whole range of phenotypes on smooth gradients.
By identifying basic factors that drive the fxation probability of newly arising benefcial mutations, we hope to further broaden the understanding of evolutionary adaptation at range margins and, hence, species’ range dynamics.; K. Schifers (katja.schifers@gmail.com), S. Lavergne, W. Tuiller and R. O. Wüest, Univ. Grenoble Alpes, LECA, FR-38000 Grenoble, France, and CNRS, LECA, FR-38000 Grenoble, France. – P. B. Pearman and ROW, Landscape Dynamics Unit, Swiss Federal Research Inst. WSL, 111 Zürcherstraße, CH-8903 Birmensdorf, Switzerland. – F. M. Schurr, Inst. des Sciences de l’Evolution de Montpellier, UMR-CNRS 5554, Univ. Montpellier II, FR-34095 Montpellier cedex 5, France, and Inst. of Landscape and Plant Ecology, Univ. of Hohenheim, DE-70593 Stuttgart, Germany. – J. M. J. Travis, Inst. of Biological and Environmental Sciences, Univ. of Aberdeen, Zoology Building, Tillydrone Avenue, Aberdeen, AB242TZ, UK. – A. Duputié, Laboratoire Génétique et Évolution des Populations Végétales, UMR CNRS 8198, Univ. des Sciences et Technologies de Lille 1, FR-59655 Villeneuve d’Ascq Cedex, France. – V. M. Eckhart, Dept of Biology, Grinnell College, Grinnell, IA, USA.
– G. McInerny, Dept of Computer Science, Univ. of Oxford, Wolfson Building, Parks Road, OX1 3QD, UK, and Computational Science Laboratory, Microsoft Research Ltd, 21 Station Road, Cambridge, CB1 2FB, UK. – K. A. Moore, Dept of Evolution and Ecology, Univ. of California, Davis, CA 95616, USA. – R. D. Holt, Dept of Biology, Univ. of Florida, Gainesville, FL 32605, USA.",,"Gould, B; Moeller DA; Eckhart VM; Tiffin P; Fabio E; Geber, MA. /""Local adaptation and range boundary formation in response to complex environmental gradients across the geographic range of Clarkia xantiana ssp. xantiana,/"" Journal of Ecology, v.102, 2014, p. 95. doi:101111/1365-2745.12188",Understanding the factors that afect rates of adaptation at range margins is crucial for interpreting and predicting changes in species’ ranges.,Grinnell College,Grinnell College,2014-05-05,2014,2014-05-05,,2014-05-05,article,born digital,12 pages,12 pages,,,,English,,Digital Grinnell,Digital Grinnell,Digital Grinnell,,,,,"Copyright to this work is held by the author(s), in accordance with United            States copyright law (USC 17). Readers of this work have certain rights as defined by            the law, including but not limited to fair use (17 USC 107 et seq.).",,,,,,,,,,,,,,0151  https://docs.google.com/spreadsheets/d/1JzW8TGU8qJlBAlyoMyDS1mkLTGoaLrsCzVtwQo-4JlU/edit?usp=sharing,"{/""worksheet/"": /""https://docs.google.com/spreadsheets/d/1JzW8TGU8qJlBAlyoMyDS1mkLTGoaLrsCzVtwQo-4JlU#gid=1570273558/"", /""directory/"": /""smb://storage/mediadb/DGingest/Migration-to-Alma/exports/faculty-scholarship/"", /""object/"": {/""pid/"": /""grinnell:26660/"", /""title/"": /""Landscape structure and genetic architecture jointly impact rates of niche evolution/"", /""files/"": [/""grinnell_26660_MODS.xml/"", /""grinnell_26660_RELS-EXT.rdf/""]}}"
,,991011507131504641,991011507131504641,,Local adaptation and range boundary formation in response to complex environmental gradients across the geographical range of Clarkia xantiana ssp. Xantiana,,,grinnell:26659; grinnell:26659; http://hdl.handle.net/11084/26659; alma:01GCL_INST/bibs/991011507131504641,http://hdl.handle.net/11084/26659,,"Eckhart, V. M. (Faculty/Staff); Moeller, David A; Gould, Billie; Tiffin, Peter; Fabio, Eric; Geber, Monica A.",Grinnell College. Biology,Phenotypic variation,,,,,,,,,,,,,"Billie Gould1, David A. Moeller, Vincent M. Eckhart, Peter Tiffin, Eric Fabio and Monica A. Geber; Summary 1. Theory predicts that lack of heritable trait variation and/or maladaptive gene flow can promote the formation of species geographical range boundaries even in the absence of barriers to dispersal. Little is known, however, about the patterns and drivers of differentiation across species' ranges and whether they influence boundary formation in the field. 2. Using field measurements, two common garden studies, and QST-FST analyses, we examined environmental and genetic influences on plant phenotype across the geographical range of Clarkia xantiana ssp. xantiana. This annual plant endemic to California has an eastern range border that lacks obvious physical barriers to dispersal. 3. We find that across opposing environmental gradients that span the species core range, populations are likely to be locally adapted. Populations are phenotypically differentiated from each other in the field as well as common gardens. Traits are correlated with field environmental variables in both settings, and QST -FST comparisons indicate variation in flowering time, degree of branching, and herkogamy may be adaptive. The strength and direction of environment-trait correlations at the range edge are similar to the range centre, and quantitative genetic variation is not reduced. Genetic correlations between traits are generally weak, also suggesting little constraint on trait evolution at the range edge. 4. Synthesis. For traits measured here, it is unlikely that either low heritable variation at the range edge or maladaptive gene flow strongly inhibits eastward range expansion. Our results suggest that across environmentally complex landscapes, patterns of diversity generated by locally adaptive selection do not necessarily contribute broadly to the formation of range boundaries as predicted.",,"Gould BA, Moeller DA, Eckhart VM, Tiffin P, Fabio E, Geber MA. /""Local adaptation and range boundary formation in response to complex environmental gradients across the geographic range of Clarkia xantiana ssp. xantiana.,/"" Journal of Ecology, v.102, 2014, p. 95. doi:10.1111/1365-2745.12188 ~ citation","Using field measurements, two common garden studies, and QST-FST analyses, we examined environmental and genetic influences on plant phenotype across the geographical range of Clarkia xantiana ssp. xantiana.",Grinnell College,Grinnell College,2014,2014,2014,,,essays,born digital,,,,,,English,,Faculty Scholarship,Faculty Scholarship,Faculty Scholarship,,,,,"Copyright to this work is held by the author(s), in accordance with United States copyright law (USC 17). Readers of this work have certain rights as defined by the law, including but not limited to fair use (17 USC 107 et seq.).",,,,,,,,,,,,,,0150  https://docs.google.com/spreadsheets/d/1JzW8TGU8qJlBAlyoMyDS1mkLTGoaLrsCzVtwQo-4JlU/edit?usp=sharing,"{/""worksheet/"": /""https://docs.google.com/spreadsheets/d/1JzW8TGU8qJlBAlyoMyDS1mkLTGoaLrsCzVtwQo-4JlU#gid=1570273558/"", /""directory/"": /""smb://storage/mediadb/DGingest/Migration-to-Alma/exports/faculty-scholarship/"", /""object/"": {/""pid/"": /""grinnell:26659/"", /""title/"": /""Local adaptation and range boundary formation in response to complex environmental gradients across the geographical range of Clarkia xantiana ssp. Xantiana/"", /""files/"": [/""grinnell_26659_MODS.xml/"", /""grinnell_26659_RELS-EXT.rdf/""]}}"
,,991011507131604641,991011507131604641,,The Hutchinsonian niche as an assemblage of demographic niches: implications for species geographic ranges,,,grinnell:26658; grinnell:26658; http://hdl.handle.net/11084/26658; alma:01GCL_INST/bibs/991011507131604641,http://hdl.handle.net/11084/26658,,"Eckhart, V. M.  (Faculty/Staff); Pironon, Samuel; Villellas, Jesus; Thuiller, Wilfried; Geber, Monica A; Moeller, David A; García, Maria B.",Grinnell College. Biology,Natural selection,,,,,,,,,,,,,"Hutchinson defined the ecological niche as a hypervolume shaped by the environmental conditions under which a species can 'exist indefinitely'. Although several authors further discussed the need to adopt a demographic perspective of the ecological niche theory, very few have investigated the environmental requirements of different components of species' life cycles (i.e. vital rates) in order to examine their internal niche structures. It therefore remains unclear how species' demography, niches and distributions are interrelated. Using comprehensive demographic data for two well-studied, short-lived plants (Plantago coronopus, Clarkia xantiana), we show that the arrangement of species' demographic niches reveals key features of their environmental niches and geographic distributions. In Plantago coronopus, opposing geographic trends in some individual vital rates, through different responses to environmental gradients (demographic compensation), stabilize population growth across the range. In Clarkia xantiana, a lack of demographic compensation underlies a gradient in population growth, which could translate in a directional geographic range shift. Overall, our results highlight that occurrence and performance niches cannot be assumed to be the same, and that studying their relationship is essential for a better understanding of species' ecological niches. Finally, we argue for the value of considering the assemblage of species' demographic niches when studying ecological systems, and predicting the dynamics of species geographical ranges.; S. Pironon (http://orcid.org/0000-0002-8937-7626) (samuel.pironon@free.fr), J. Villellas and M. B. García, Inst. Pirenaico de Ecología (IPE-CSIC), Zaragoza, Spain. SP present address: Royal Botanic Gardens Kew, Richmond, Surrey, West Sussex, UK. JV present address: Dept of Zoology, School of Natural Sciences, Trinity College Dublin, College Green, Dublin, Ireland. - W. Thuiller, Univ. Grenoble Alpes, CNRS, Laboratoire d'cologie Alpine (LECA), Grenoble, France. - V. M. Eckhart, Dept of Biology, Grinnell College, Grinnell, IA, USA. - M. A. Geber, Dept of Ecology and Evolutionary Biology, Cornell Univ., Ithaca, NY, USA. - D. A. Moeller, Dept of Plant Biology, Univ. of Minnesota, St Paul, MN, USA.",,"Pironon S, Villellas J, Thuiller W, Eckhart VM, Geber MA, Moeller DA, García, MB. /""The 'Hutchinsonian niche' as an assemblage of demographic niches: implications for species geographic ranges.,/"" Ecography, v.40, 2017, p. 1. doi:10.1111/ecog.03414 ~ citation","Using comprehensive demographic data for two well-studied, short-lived plants (Plantago coronopus, Clarkia xantiana), we show that the arrangement of species' demographic niches reveals key features of their environmental niches and geographic distributions.",Grinnell College,Grinnell College,18-Sep-2017,2017,18-Sep-2017,,18-Sep-2017,essays,born digital,,,,,,English,,Faculty Scholarship,Faculty Scholarship,Faculty Scholarship,,,,,"Copyright to this work is held by the author(s), in accordance with United States copyright law (USC 17). Readers of this work have certain rights as defined by the law, including but not limited to fair use (17 USC 107 et seq.).",,,,,,,,,,,,,,0149  https://docs.google.com/spreadsheets/d/1JzW8TGU8qJlBAlyoMyDS1mkLTGoaLrsCzVtwQo-4JlU/edit?usp=sharing,"{/""worksheet/"": /""https://docs.google.com/spreadsheets/d/1JzW8TGU8qJlBAlyoMyDS1mkLTGoaLrsCzVtwQo-4JlU#gid=1570273558/"", /""directory/"": /""smb://storage/mediadb/DGingest/Migration-to-Alma/exports/faculty-scholarship/"", /""object/"": {/""pid/"": /""grinnell:26658/"", /""title/"": /""The Hutchinsonian niche as an assemblage of demographic niches: implications for species geographic ranges/"", /""files/"": [/""grinnell_26658_MODS.xml/"", /""grinnell_26658_RELS-EXT.rdf/""]}}"
,,991011507131704641,991011507131704641,,Guattari Hero : Subjective Arrangements in the Contemporary Genre Film,,,grinnell:3405; grinnell:3405; http://hdl.handle.net/11084/3405; alma:01GCL_INST/bibs/991011507131704641,http://hdl.handle.net/11084/3405,,"Geller, Theresa L (Faculty/Staff)",Grinnell College. English,Subjective Arrangements in the Contemporary Genre Film,,,,,,,,,,,,,"Paper presented at the Society for Cinema and Media Studies Conference Panel, Philosophy and the Moving Image. New Orleans, March 2011.",,,Examines the film philosophy of Felix Guattari through his writings and interviews.,Grinnell College,Grinnell College,2011-03,2011,2011-03,,2011-03,essays,born digital,,,,,,English,,Faculty Scholarship,Faculty Scholarship,Faculty Scholarship,,,,21st century,"Copyright to this work is held by the author(s), in accordance with United States copyright law (USC 17). Readers of this work have certain rights as defined by the law, including but not limited to fair use (17 USC 107 et seq.).",,,,,,,,,,,,,,0213  https://docs.google.com/spreadsheets/d/1JzW8TGU8qJlBAlyoMyDS1mkLTGoaLrsCzVtwQo-4JlU/edit?usp=sharing,"{/""worksheet/"": /""https://docs.google.com/spreadsheets/d/1JzW8TGU8qJlBAlyoMyDS1mkLTGoaLrsCzVtwQo-4JlU#gid=1570273558/"", /""directory/"": /""smb://storage/mediadb/DGingest/Migration-to-Alma/exports/faculty-scholarship/"", /""object/"": {/""pid/"": /""grinnell:3405/"", /""title/"": /""Guattari Hero : Subjective Arrangements in the Contemporary Genre Film/"", /""files/"": [/""grinnell_3405_MODS.xml/"", /""grinnell_3405_RELS-EXT.rdf/""]}}"
,,991011507131804641,991011507131804641,,Contrasting soil-texture niches facilitate coexistence of two congeneric plants that differ in competitive ability,,,grinnell:26657; grinnell:26657; http://hdl.handle.net/11084/26657; alma:01GCL_INST/bibs/991011507131804641,http://hdl.handle.net/11084/26657,,"Eckhart, V. M. (Faculty/Staff); Howland, Madeline R; Jennison, Kevin; Kircher, Bonnie K; Montgomery, David M; Yuan, Yufei; Geber, Monica A.",Grinnell College. Biology,Plants,,,,,,,,,,,,,"Whether close evolutionary relatives can coexist is expected to depend on evolutionary divergence in niches relative to divergence in competitive abilities. We investigated how plant species' responses to soil texture might affect coexistence by analysing distributions, seedling emergence and performance, and competitive abilities of the winter annuals Clarkia speciosa ssp. polyantha and C. xantiana ssp. xantiana. A landscape survey showed that the species have distinct associations with soil texture, C. speciosa presence correlating with fne soil and C. xantiana correlating with coarse soil.; Vincent M. Eckhart1*, Madeline R. Howland1,2, Kevin Jennison1,3, Bonnie K. Kircher1,4, David M. Montgomery1,5, Yufei Yuan1,6 and Monica A. Geber7 1Department of Biology, Grinnell College, Grinnell, IA 50112, USA 2College of Optometry, Ohio State University, Columbus, OH 43210, USA 3Gladly, 3165 Loma Verde Place, Palo Alto, CA 94303, USA 4Department of Biology, University of Florida, Gainesville, FL 32611, USA 5Bioko Biodiversity Protection Program, Department of Biology, Drexel University, Philadelphia, PA 19104, USA 6Harvard TH Chan School of Public Health, Boston, MA 02115, USA 7Department of Ecology and Evolutionary Biology, Cornell University, Ithaca, NY 14853, USA",,,"We investigated how plant species' responses to soil texture might affect coexistence by analysing distributions, seedling emergence and performance, and competitive abilities of the winter annuals Clarkia speciosa ssp. polyantha and C. xantiana ssp. xantiana.",Grinnell College,Grinnell College,18-Nov-2017,2017,18-Nov-2017,,18-Nov-2017,essays,born digital,,,,,,English,,Faculty Scholarship,Faculty Scholarship,Faculty Scholarship,,,,,"Copyright to this work is held by the author(s), in accordance with United States copyright law (USC 17). Readers of this work have certain rights as defined by the law, including but not limited to fair use (17 USC 107 et seq.).",,,,,,,,,,,,,,0148  https://docs.google.com/spreadsheets/d/1JzW8TGU8qJlBAlyoMyDS1mkLTGoaLrsCzVtwQo-4JlU/edit?usp=sharing,"{/""worksheet/"": /""https://docs.google.com/spreadsheets/d/1JzW8TGU8qJlBAlyoMyDS1mkLTGoaLrsCzVtwQo-4JlU#gid=1570273558/"", /""directory/"": /""smb://storage/mediadb/DGingest/Migration-to-Alma/exports/faculty-scholarship/"", /""object/"": {/""pid/"": /""grinnell:26657/"", /""title/"": /""Contrasting soil-texture niches facilitate coexistence of two congeneric plants that differ in competitive ability/"", /""files/"": [/""grinnell_26657_MODS.xml/"", /""grinnell_26657_RELS-EXT.rdf/""]}}"
,,991011507131904641,991011507131904641,,Capitalism is a Fairy Story : The Work of Love in I Am Love,,,grinnell:3404; grinnell:3404; http://hdl.handle.net/11084/3404; alma:01GCL_INST/bibs/991011507131904641,http://hdl.handle.net/11084/3404,,"Geller, Theresa L (Faculty/Staff)",Grinnell College. English,The Work of Love in I Am Love,,,,,,,,,,,,,"Paper delivered at Post/Autonomia Conference: What is Post/Autonomia Today? (Amsterdam, Holland ) 2011.",,,"Explores how I Am Love, by Italian film director, Luca Guadagnino exemplifies feminist autonomist thought.",Grinnell College,Grinnell College,20-May-2011,2011,20-May-2011,,20-May-2011,essays,born digital,,,,,,English,,Faculty Scholarship,Faculty Scholarship,Faculty Scholarship,,Italy,,21st century,"Copyright to this work is held by the author(s), in accordance with United States copyright law (USC 17). Readers of this work have certain rights as defined by the law, including but not limited to fair use (17 USC 107 et seq.).",,,,,,,,,,,,,,0212  https://docs.google.com/spreadsheets/d/1JzW8TGU8qJlBAlyoMyDS1mkLTGoaLrsCzVtwQo-4JlU/edit?usp=sharing,"{/""worksheet/"": /""https://docs.google.com/spreadsheets/d/1JzW8TGU8qJlBAlyoMyDS1mkLTGoaLrsCzVtwQo-4JlU#gid=1570273558/"", /""directory/"": /""smb://storage/mediadb/DGingest/Migration-to-Alma/exports/faculty-scholarship/"", /""object/"": {/""pid/"": /""grinnell:3404/"", /""title/"": /""Capitalism is a Fairy Story : The Work of Love in I Am Love/"", /""files/"": [/""grinnell_3404_MODS.xml/"", /""grinnell_3404_RELS-EXT.rdf/""]}}"
,,991011507132004641,991011507132004641,,Does probability of occurrence relate to population dynamics?,,,grinnell:26656; grinnell:26656; http://hdl.handle.net/11084/26656; alma:01GCL_INST/bibs/991011507132004641,http://hdl.handle.net/11084/26656,,"Eckhard, V. M.  (Faculty/Staff); Thuiller, Wilfried; Munkemuller, Tamara; Schiffers, Katja H; Georges, Damien; Dullinger, Stefan; Edwards, Thomas C., Jr; Gravel, Dominique; Kunstler, Georges; Merow, Cory; Moore, Kara; Piedallu, Christian; Vissault, Steve; Zimmermann, Niklaus E; Zurell, Damaris; Schurr, Frank M.",Grinnell College. Biology,Probabilities,,,,,,,,,,,,,"The objective of this study is to analyse how demographic parameters (intrinsic growth rate r and carrying capacity K ) and population density (N ) relate to occurrence probability (Pocc ). We hypothesized that these relationships vary with species' competitive ability.  Demographic parameters, density, and occurrence probability were estimated for 108 tree species from four temperate forest inventory surveys (Québec, western USA, France and Switzerland).  1155are found if, and only if, the local environment is within their 'demographic' niche; i.e. where their intrinsic growth rate is positive. However, several ecological processes can lead to deviations from this expectation: source-sink dynamics, non-equilibrium dynamics, and biotic interactions (Pulliam 2000). Competitive interactions could, for example, exclude a weak competitor from its optimal environmental condi-tions, while it might persist in more extreme environments that the dominant competitors cannot occupy (Loehle Ecography 37: 1155-1166, 2014 doi: 10.1111/ecog.00836(C) 2014 The Authors. Ecography published by John Wiley &amp; Sons Ltd on the behalf of Nordic Society Oikos.Subject Editor and Editor-in-Chief: Jens-Christian Svenning. Accepted 31 July 2014 The niche concept is fundamental to our understanding of range dynamics. The niche is usually defined as the combi-nation of environmental conditions that allow a species to persist (Hutchinson 1957). One might expect that species Does probability of occurrence relate to population dynamics?; Wilfried Thuiller, Tamara Münkemüller, Katja H. Schiffers, Damien Georges, Stefan Dullinger, Vincent M. Eckhart, Thomas C. Edwards, Jr, Dominique Gravel, Georges Kunstler, Cory Merow, Kara Moore, Christian Piedallu, Steve Vissault, Niklaus E. Zimmermann, Damaris Zurell and Frank M. Schurr W. Thuiller wilfried.thuiller@ujf-grenoble.fr), T. Münkemüller, K. H. Schiffers and D. Georges, Laboratoire d'Ecologie Alpine (LECA), Univ. Grenoble Alpes, FR-38000 Grenoble, France. WT, TM, KHS and DG also at: CNRS, Laboratoire d'Ecologie Alpine (LECA), FR-38000 Grenoble, France. - S. Dullinger, Dept of Conservation Biology, Vegetation- and Landscape Ecology, Faculty Centre of Biodiversity, Rennweg 14, AT-1030 Vienna, Austria. - V. M. Eckhart, Dept of Biology, Grinnell College, Grinnell, IA, USA 50112. - T. C. Edwards,US Geological Survey, Utah Cooperative Fish and Wildlife Research Unit and Wildland Resources, Utah State Univ., Logan, UT 84322-5290, USA. - D. Gravel and S. Vissault, Dépt de Biologie, Chimie et Géographie, Univ. du Québec à Rimouski, 300 Allée des Ursulines, Québec G5L 3A1, Canada. - G. Kunstler, Irstea, UR Mountain Ecosystems, St-Martin-d'Hères, France. GK also at: Dept of Biological Sciences, Macquarie Univ., Sydney, NSW 2109, Australia. - C. Merow, Smithsonian Environmental Research Center, Edgewater, 21307-0028, MD, USA. - K. Moore, Center for Population Biology, Dept of Evolution and Ecology, Univ. of California, Davis, CA 95616, USA. - C. Piedallu, AgroParisTech, UMR1092, Laboratoire d'tude des Ressources Forêt-Bois (LERFoB), ENGREF, Nancy Cedex, France. CP also at: INRA, UMR1092, Laboratoire d'tude des Ressources Forêt-Bois (LERFoB), Centre INRA de Nancy, Champenoux, France. - N. E. Zimmermann and D. Zurell, Landscape Dynamics Unit, Swiss Federal Research Inst. WSL, Zuercherstrasse 111, CH-8903 Birmensdorf, Switzerland. DZ also at: Plant Ecology and Nature Conservation, Inst. for Biochemistry and Biology, Univ. of Potsdam, Maulbeerallee 2, DE-14469 Potsdam, Germany. - F. M. Schurr, Inst. des Sciences de l'Evolution de Montpellier, UMR-CNRS 5554, Univ. Montpellier II, 34095 Montpellier cedex 5, France. FMS also at: Inst. of Landscape and Plant Ecology, Univ. of Hohenheim, DE-70593 Stuttgart, Germany.",,"Thuiller W, Münkemüller T, Schiffers KH, Georges D, Dullinger S, Eckhart VM, Edwards TC, Gravel D, Kunstler G, Merow C, Moore K, Piedallu C, Vissault S, Zimmerman NE, Zurell D, Schurr FM. /""Does probability of occurrence relate to population dynamics?,/"" Ecography, v.37, 2014, p. 1155. doi:10.1111/ecog.00836 ~ citation",The objective of this study is to analyse how demographic parameters (intrinsic growth rate r and carrying capacity) relate to realized niches,Grinnell College,Grinnell College,31-Jul-2014,2014,31-Jul-2014,,,essays,born digital,,,,,,English,,Faculty Scholarship,Faculty Scholarship,Faculty Scholarship,,,,,"Copyright to this work is held by the author(s), in accordance with United States copyright law (USC 17). Readers of this work have certain rights as defined by the law, including but not limited to fair use (17 USC 107 et seq.).",,,,,,,,,,,,,,0147  https://docs.google.com/spreadsheets/d/1JzW8TGU8qJlBAlyoMyDS1mkLTGoaLrsCzVtwQo-4JlU/edit?usp=sharing,"{/""worksheet/"": /""https://docs.google.com/spreadsheets/d/1JzW8TGU8qJlBAlyoMyDS1mkLTGoaLrsCzVtwQo-4JlU#gid=1570273558/"", /""directory/"": /""smb://storage/mediadb/DGingest/Migration-to-Alma/exports/faculty-scholarship/"", /""object/"": {/""pid/"": /""grinnell:26656/"", /""title/"": /""Does probability of occurrence relate to population dynamics?/"", /""files/"": [/""grinnell_26656_MODS.xml/"", /""grinnell_26656_RELS-EXT.rdf/""]}}"
,,991011507132104641,991011507132104641,,"Trans/Affect, Monstrous Masculinities, and the Sublime Art of Lady Gaga",,,grinnell:3403; grinnell:3403; http://hdl.handle.net/11084/3403; alma:01GCL_INST/bibs/991011507132104641,http://hdl.handle.net/11084/3403,,"Geller, Theresa L (Faculty/Staff)",Grinnell College. English,The Sublime Art of Lady Gaga,,,,,,,,,,,,,"Presented at the International Conference on Television, Audio, Video, New Media and Feminism. (Suffolk University, Boston, Mass.) 2012.",,,Examines the trans/affect of Lady Gaga's carefully scripted display of the Jo Calderone persona in both his interview and fashion spread in Vogue Hommes Japan.,Grinnell College,Grinnell College,2012-07,2012,2012-07,,2012-07,essays,born digital,,,,,,English,,Faculty Scholarship,Faculty Scholarship,Faculty Scholarship,,,,21st century,"Copyright to this work is held by the author(s), in accordance with United States copyright law (USC 17). Readers of this work have certain rights as defined by the law, including but not limited to fair use (17 USC 107 et seq.).",,,,,,,,,,,,,,0211  https://docs.google.com/spreadsheets/d/1JzW8TGU8qJlBAlyoMyDS1mkLTGoaLrsCzVtwQo-4JlU/edit?usp=sharing,"{/""worksheet/"": /""https://docs.google.com/spreadsheets/d/1JzW8TGU8qJlBAlyoMyDS1mkLTGoaLrsCzVtwQo-4JlU#gid=1570273558/"", /""directory/"": /""smb://storage/mediadb/DGingest/Migration-to-Alma/exports/faculty-scholarship/"", /""object/"": {/""pid/"": /""grinnell:3403/"", /""title/"": /""Trans/Affect, Monstrous Masculinities, and the Sublime Art of Lady Gaga/"", /""files/"": [/""grinnell_3403_MODS.xml/"", /""grinnell_3403_RELS-EXT.rdf/""]}}"
,,991011507132204641,991011507132204641,,The Film-Work Does Not Think : Refiguring Fantasy for Feminist Film Theory,,,grinnell:3402; grinnell:3402; http://hdl.handle.net/11084/3402; alma:01GCL_INST/bibs/991011507132204641,http://hdl.handle.net/11084/3402,,"Geller, Theresa L (Faculty/Staff)",Grinnell College. English,Refiguring Fantasy for Feminist Film Theory,,,,,,,,,,,,,,,"Geller, Theresa. 'The Film-Work Does Not Think/"" in Gender after Lyotard. Albany : SUNY Press, 2007. pp 139-152.",Discusses film theorist Jean-Francois Lyotard's view of fantasy in film.,"State University of New York Press, Albany","State University of New York Press, Albany",2007,2007,2007,,,book,reformatted digital,,,,,,English,,Faculty Scholarship,Faculty Scholarship,Faculty Scholarship,,,,21st century,"Copyright to this work is held by the author(s), in accordance with United States copyright law (USC 17). Readers of this work have certain rights as defined by the law, including but not limited to fair use (17 USC 107 et seq.).",,,,,,,,,,,,,,0210  https://docs.google.com/spreadsheets/d/1JzW8TGU8qJlBAlyoMyDS1mkLTGoaLrsCzVtwQo-4JlU/edit?usp=sharing,"{/""worksheet/"": /""https://docs.google.com/spreadsheets/d/1JzW8TGU8qJlBAlyoMyDS1mkLTGoaLrsCzVtwQo-4JlU#gid=1570273558/"", /""directory/"": /""smb://storage/mediadb/DGingest/Migration-to-Alma/exports/faculty-scholarship/"", /""object/"": {/""pid/"": /""grinnell:3402/"", /""title/"": /""The Film-Work Does Not Think : Refiguring Fantasy for Feminist Film Theory/"", /""files/"": [/""grinnell_3402_MODS.xml/"", /""grinnell_3402_RELS-EXT.rdf/""]}}"
,,991011507132304641,991011507132304641,,Electrolytes: From Sports Drinks to Batteries,"Grinnell Lecture, February 17, 2017",,grinnell:26655; grinnell:26655; http://hdl.handle.net/11084/26655; alma:01GCL_INST/bibs/991011507132304641,http://hdl.handle.net/11084/26655,,"Lyons, Leslie J. (Faculty/Staff)",Grinnell College. Chemistry,"Grinnell Lecture, February 17, 2017",,,,,,,,,,,,,,,,Presentation given on research into the use of electrolytes in making safer lithium-ion batteries.,Grinnell College,Grinnell College,17-Feb-2017,2017,17-Feb-2017,,,essays,reformatted digital,,,,,,English,,Faculty Scholarship,Faculty Scholarship,Faculty Scholarship,,,,Two thousand tens,"Copyright to this work is held by the author(s), in accordance with United States copyright law (USC 17). Readers of this work have certain rights as defined by the law, including but not limited to fair use (17 USC 107 et seq.).",,,,,,,,,,,,,,0146  https://docs.google.com/spreadsheets/d/1JzW8TGU8qJlBAlyoMyDS1mkLTGoaLrsCzVtwQo-4JlU/edit?usp=sharing,"{/""worksheet/"": /""https://docs.google.com/spreadsheets/d/1JzW8TGU8qJlBAlyoMyDS1mkLTGoaLrsCzVtwQo-4JlU#gid=1570273558/"", /""directory/"": /""smb://storage/mediadb/DGingest/Migration-to-Alma/exports/faculty-scholarship/"", /""object/"": {/""pid/"": /""grinnell:26655/"", /""title/"": /""Electrolytes: From Sports Drinks to Batteries/"", /""files/"": [/""grinnell_26655_MODS.xml/"", /""grinnell_26655_RELS-EXT.rdf/""]}}"
,,991011507132404641,991011507132404641,,Transnational Noir : Style and Substance in Hayashi Kaizo's The Most Terrible Time in My Life,,,grinnell:3387; grinnell:3387; http://hdl.handle.net/11084/3387; alma:01GCL_INST/bibs/991011507132404641,http://hdl.handle.net/11084/3387,,"Geller, Theresa L (Faculty/Staff)",Grinnell College. English,Style and Substance in Hayashi Kaizo's The Most Terrible Time in My Life,,,,,,,,,,,,,,,"Geller, Theresa. 'Transnational Noir: Style and Substance in Kaizo Hayashi's The Most Terrible Time of My Life' in East Asian Cinemas: Exploring Transnational Connections on Film / Leon Hunt, Leung Wing-Fai. London: I.B. Tauris, 2008. pp. 172-187.",Hayashi Kaizo's The Most Terrible Time in My Life in Film Noir,Grinnell College,Grinnell College,2008,2008,2008,,,book,reformatted digital,,,,,,English,,Faculty Scholarship,Faculty Scholarship,Faculty Scholarship,,East Asia,,21st century,"Copyright to this work is held by the author(s), in accordance with United States copyright law (USC 17). Readers of this work have certain rights as defined by the law, including but not limited to fair use (17 USC 107 et seq.).",,,,,,,,,,,,,,0209  https://docs.google.com/spreadsheets/d/1JzW8TGU8qJlBAlyoMyDS1mkLTGoaLrsCzVtwQo-4JlU/edit?usp=sharing,"{/""worksheet/"": /""https://docs.google.com/spreadsheets/d/1JzW8TGU8qJlBAlyoMyDS1mkLTGoaLrsCzVtwQo-4JlU#gid=1570273558/"", /""directory/"": /""smb://storage/mediadb/DGingest/Migration-to-Alma/exports/faculty-scholarship/"", /""object/"": {/""pid/"": /""grinnell:3387/"", /""title/"": /""Transnational Noir : Style and Substance in Hayashi Kaizo's The Most Terrible Time in My Life/"", /""files/"": [/""grinnell_3387_MODS.xml/"", /""grinnell_3387_RELS-EXT.rdf/""]}}"
,,991011507132504641,991011507132504641,,Big Data under Obama and Trump: The Data-Fueled U.S. Presidency,,,grinnell:26654; grinnell:26654; http://hdl.handle.net/11084/26654; alma:01GCL_INST/bibs/991011507132504641,http://hdl.handle.net/11084/26654,,"Trish, Barbara (Faculty/Staff)",Grinnell College. Political Science,Data-Fueled U.S. Presidency,,,,,,,,,,,,,"The much-heralded use of data, analytics, and evidence-based decisions marks the U.S. presidency, wherein many processes and decisions are structured by the analysis of data. An approach with historical precedent, reliance on data was prominent under Obama, and is even under Trump, despite signals to the contrary. This article examines three cases from the Obama era: microtargeting in electoral campaigns, performance management in government, and signature drone strikes employed by the national security apparatus. It also reflects on the early Trump administration. The processes described are highly dependent on data, technically big data in two instances. The article examines the cases both on their own terms and in the context of a critical lens that directs attention to the political economy of the data. The analysis helps unpack the allure of data and analytics as well as the challenges in structuring an environment with a measured approach to data and big data, which would examine both their potential and drawback.",,"Trish, B. (2018). Big Data under Obama and Trump: The Data-Fueled U.S. Presidency. Politics and Governance, 6(4), 29-39. doi:http://dx.doi.org/10.17645/pag.v6i4.1565","The much-heralded use of data, analytics, and evidence-based decisions marks the U.S. presidencies of Obama and Trump.",Grinnell College,Grinnell College,21-Nov-2018,2018,21-Nov-2018,,21-Nov-2018,essays,born digital,,,,,,English,,Faculty Scholarship,Faculty Scholarship,Faculty Scholarship,,United States,,Two thousand tens; Two thousands (Decade),"Copyright to this work is held by the author(s), in accordance with United States copyright law (USC 17). Readers of this work have certain rights as defined by the law, including but not limited to fair use (17 USC 107 et seq.).",,,,,,,,,,,,,,0145  https://docs.google.com/spreadsheets/d/1JzW8TGU8qJlBAlyoMyDS1mkLTGoaLrsCzVtwQo-4JlU/edit?usp=sharing,"{/""worksheet/"": /""https://docs.google.com/spreadsheets/d/1JzW8TGU8qJlBAlyoMyDS1mkLTGoaLrsCzVtwQo-4JlU#gid=1570273558/"", /""directory/"": /""smb://storage/mediadb/DGingest/Migration-to-Alma/exports/faculty-scholarship/"", /""object/"": {/""pid/"": /""grinnell:26654/"", /""title/"": /""Big Data under Obama and Trump: The Data-Fueled U.S. Presidency/"", /""files/"": [/""grinnell_26654_MODS.xml/"", /""grinnell_26654_RELS-EXT.rdf/""]}}"
,,991011507132604641,991011507132604641,,Each Film Was Built as a Chamber and Became a Corridor : Maya Deren's Film Aesthetics as Feminist Praxis,,,grinnell:3386; grinnell:3386; http://hdl.handle.net/11084/3386; alma:01GCL_INST/bibs/991011507132604641,http://hdl.handle.net/11084/3386,,"Geller, Theresa L (Faculty/Staff)",Grinnell College. English,Maya Deren's Film Aesthetics as Femininst Praxis,,,,,,,,,,,,,,,"Geller, Theresa (Terri) L. 2009. Each Film Was Built as a Chamber and Became a Corridor: Maya Deren's Film Aesthetics as Feminist Praxis in There She Goes: Feminist Filmmaking and Beyond edited by Corin N. Columpar and Sophie Mayer. Wayne State University Press. pp 79-91.",Maya Deren has reemerged as a key auteur of the twentieth century in film art.,Wayne State Unversity Press,Wayne State Unversity Press,2009,2009,2009,,,book,reformatted digital,,,,,,English,,Faculty Scholarship,Faculty Scholarship,Faculty Scholarship,,,,21st century,"Copyright to this work is held by the author(s), in accordance with United States copyright law (USC 17). Readers of this work have certain rights as defined by the law, including but not limited to fair use (17 USC 107 et seq.).",,,,,,,,,,,,,,0208  https://docs.google.com/spreadsheets/d/1JzW8TGU8qJlBAlyoMyDS1mkLTGoaLrsCzVtwQo-4JlU/edit?usp=sharing,"{/""worksheet/"": /""https://docs.google.com/spreadsheets/d/1JzW8TGU8qJlBAlyoMyDS1mkLTGoaLrsCzVtwQo-4JlU#gid=1570273558/"", /""directory/"": /""smb://storage/mediadb/DGingest/Migration-to-Alma/exports/faculty-scholarship/"", /""object/"": {/""pid/"": /""grinnell:3386/"", /""title/"": /""Each Film Was Built as a Chamber and Became a Corridor : Maya Deren's Film Aesthetics as Feminist Praxis/"", /""files/"": [/""grinnell_3386_MODS.xml/"", /""grinnell_3386_RELS-EXT.rdf/""]}}"
,,991011507132704641,991011507132704641,,Collaborating on Oral Histories,,,grinnell:26653; grinnell:26653; http://hdl.handle.net/11084/26653; alma:01GCL_INST/bibs/991011507132704641,http://hdl.handle.net/11084/26653,,"Ciota, Rebecca (Faculty/Staff); McFate, Mark (Faculty/Staff); Rodrigues, Elizabeth (Faculty/Staff)",Grinnell College. Libraries,Digital Oral Histories,,,,,,,,,,,,,"The Grinnell College Libraries has collaborated on digital oral histories with the Grinnell College Office of Development and Alumni Relations, the Drake Community Library, and a mental health advocacy project. This presentation discusses those collaborations, lessons learned, and software developed for those projects.",,"Ciota, R., McFate, M., &amp; Rodrigues, L. Digital Oral Histories. Digital Library Federation 2018. October 16, 2018. Presentation.","The Grinnell College Libraries has collaborated on digital oral histories with the Grinnell College Office of Development and Alumni Relations, the Drake Community Library, and a mental health advocacy project.",Grinnell College,Grinnell College,16-Oct-2018,2018,16-Oct-2018,,16-Oct-2018,essays,reformatted digital,,,,,,English,,Faculty Scholarship,Faculty Scholarship,Faculty Scholarship,,Grinnell (Iowa),,21st century,"Copyright to this work is held by the author(s), in accordance with United States copyright law (USC 17). Readers of this work have certain rights as defined by the law, including but not limited to fair use (17 USC 107 et seq.).",,,,,,,,,,,,,,0144  https://docs.google.com/spreadsheets/d/1JzW8TGU8qJlBAlyoMyDS1mkLTGoaLrsCzVtwQo-4JlU/edit?usp=sharing,"{/""worksheet/"": /""https://docs.google.com/spreadsheets/d/1JzW8TGU8qJlBAlyoMyDS1mkLTGoaLrsCzVtwQo-4JlU#gid=1570273558/"", /""directory/"": /""smb://storage/mediadb/DGingest/Migration-to-Alma/exports/faculty-scholarship/"", /""object/"": {/""pid/"": /""grinnell:26653/"", /""title/"": /""Collaborating on Oral Histories/"", /""files/"": [/""grinnell_26653_MODS.xml/"", /""grinnell_26653_RELS-EXT.rdf/""]}}"
,,991011507132804641,991011507132804641,,"Using a /""SmartPen/"" to Promote Access and Engagement",,,grinnell:3328; grinnell:3328; http://hdl.handle.net/11084/3328; alma:01GCL_INST/bibs/991011507132804641,http://hdl.handle.net/11084/3328,,"Marzluff, Elaine M. (Faculty/Staff)","Conner, Mike (Faculty/Staff); Grinnell College. Chemistry; Grinnell College. Instructional Technologies",SmartPen,,,,,,,,,,,,,,,,Here I present the results of use of an Echo SmartPen (Livescribe) in Chemistry 363.,Grinnell College,Grinnell College,2013-05,2013,2013-05,,2013-05,poster,born digital,,,,,,English,,Curricular Materials,Curricular Materials,Curricular Materials,,Grinnell (Iowa),,21st century,"Copyright to this work is held by the author(s), in accordance with United States copyright law (USC 17). Readers of this work have certain rights as defined by the law, including but not limited to fair use (17 USC 107 et seq.).",,,,,,,,,,,,,,0206  https://docs.google.com/spreadsheets/d/1JzW8TGU8qJlBAlyoMyDS1mkLTGoaLrsCzVtwQo-4JlU/edit?usp=sharing,"{/""worksheet/"": /""https://docs.google.com/spreadsheets/d/1JzW8TGU8qJlBAlyoMyDS1mkLTGoaLrsCzVtwQo-4JlU#gid=1570273558/"", /""directory/"": /""smb://storage/mediadb/DGingest/Migration-to-Alma/exports/faculty-scholarship/"", /""object/"": {/""pid/"": /""grinnell:3328/"", /""title/"": /""Using a \\/""SmartPen\\/"" to Promote Access and Engagement/"", /""files/"": [/""grinnell_3328_MODS.xml/"", /""grinnell_3328_RELS-EXT.rdf/""]}}"
,,991011507132904641,991011507132904641,,Conard Environmental Research Area,CERA,,grinnell:2417; grinnell:2417; http://hdl.handle.net/11084/2417; alma:01GCL_INST/bibs/991011507132904641,http://hdl.handle.net/11084/2417,,Grinnell College. Biology Field Station Manager,,"CERA, Conard Environmental Research Area",,,,,,,,,,,,,,,,"Booklet describing the habitats, history, discoveries and policies of the Conard Environmental Research Area (CERA) facility.",Grinnell College,Grinnell College,2000,2000,2000,,,book,reformatted digital,,,,,,English,,Faculty Scholarship,Faculty Scholarship,Faculty Scholarship,,Grinnell (Iowa),,21st century,"Copyright to this work is held by the author(s), in accordance with United States copyright law (USC 17). Readers of this work have certain rights as defined by the law, including but not limited to fair use (17 USC 107 et seq.).",,,,,,,,,,,,,,0143  https://docs.google.com/spreadsheets/d/1JzW8TGU8qJlBAlyoMyDS1mkLTGoaLrsCzVtwQo-4JlU/edit?usp=sharing,"{/""worksheet/"": /""https://docs.google.com/spreadsheets/d/1JzW8TGU8qJlBAlyoMyDS1mkLTGoaLrsCzVtwQo-4JlU#gid=1570273558/"", /""directory/"": /""smb://storage/mediadb/DGingest/Migration-to-Alma/exports/faculty-scholarship/"", /""object/"": {/""pid/"": /""grinnell:2417/"", /""title/"": /""Conard Environmental Research Area/"", /""files/"": [/""grinnell_2417_MODS.xml/"", /""grinnell_2417_RELS-EXT.rdf/""]}}"
,,991011507133004641,991011507133004641,,Using iPads to Promote Engagement and Interaction,,,grinnell:3327; grinnell:3327; http://hdl.handle.net/11084/3327; alma:01GCL_INST/bibs/991011507133004641,http://hdl.handle.net/11084/3327,,"Marzluff, Elaine M. (Faculty/Staff)","Conner, Mike (Faculty/Staff); Grinnell College. Chemistry; Grinnell College. Instructional Technologies",Faculty Fair,,,,,,,,,,,,,,,,Students do work on iPads that wirelessly connect to computer for projection and sharing,Grinnell College,Grinnell College,2013-05,2013,2013-05,,2013-05,poster,born digital,,,,,,English,,Curricular Materials,Curricular Materials,Curricular Materials,,Grinnell (Iowa),,21st century,"Copyright to this work is held by the author(s), in accordance with United States copyright law (USC 17). Readers of this work have certain rights as defined by the law, including but not limited to fair use (17 USC 107 et seq.).",,,,,,,,,,,,,,0205  https://docs.google.com/spreadsheets/d/1JzW8TGU8qJlBAlyoMyDS1mkLTGoaLrsCzVtwQo-4JlU/edit?usp=sharing,"{/""worksheet/"": /""https://docs.google.com/spreadsheets/d/1JzW8TGU8qJlBAlyoMyDS1mkLTGoaLrsCzVtwQo-4JlU#gid=1570273558/"", /""directory/"": /""smb://storage/mediadb/DGingest/Migration-to-Alma/exports/faculty-scholarship/"", /""object/"": {/""pid/"": /""grinnell:3327/"", /""title/"": /""Using iPads to Promote Engagement and Interaction/"", /""files/"": [/""grinnell_3327_MODS.xml/"", /""grinnell_3327_RELS-EXT.rdf/""]}}"
,,991011507133104641,991011507133104641,,Grinnell Science Project: Motivating First-Year Students to Persist in Scientific Inquiry,,,grinnell:23739; grinnell:23739; http://hdl.handle.net/11084/23739; alma:01GCL_INST/bibs/991011507133104641,http://hdl.handle.net/11084/23739,,"Engel, Kevin (Faculty/Staff); Ciota, Rebecca (Faculty/Staff); Rodrigues, Elizabeth (Faculty/Staff",Grinnell College. Libraries,"Motivating First-Year Students to Persist in Scientific Inquiry, the Grinnell Science Project",,,,,,,,,,,,,,,"Ciota, R., Rodrigues, E., &amp; Engel, K. (2019). /""Grinnell Science Project: Motivating First Year Students to Persist in Scientific Inquiry./"" In S. Steiner &amp; M. Rigby (Eds.), Effective Library Instruction: Inspiring Student Motivation. Chicago, Illinois: ACRL Press. Peer-reviewed.","Librarians Kevin Engel, Liz Rodrigues, and Rebecca Ciota discuss the library instruction session portion of the Grinnell Science Project, a program to promote diversity in STEM majors at Grinnell College.",Grinnell College,Grinnell College,2019,2019,2019,,,essays,born digital,,,,,,English,,Faculty Scholarship,Faculty Scholarship,Faculty Scholarship,,Grinnell (Iowa),,21st century,"Copyright to this work is held by the author(s), in accordance with United States copyright law (USC 17). Readers of this work have certain rights as defined by the law, including but not limited to fair use (17 USC 107 et seq.).",,,,,,,,,,,,,,0142  https://docs.google.com/spreadsheets/d/1JzW8TGU8qJlBAlyoMyDS1mkLTGoaLrsCzVtwQo-4JlU/edit?usp=sharing,"{/""worksheet/"": /""https://docs.google.com/spreadsheets/d/1JzW8TGU8qJlBAlyoMyDS1mkLTGoaLrsCzVtwQo-4JlU#gid=1570273558/"", /""directory/"": /""smb://storage/mediadb/DGingest/Migration-to-Alma/exports/faculty-scholarship/"", /""object/"": {/""pid/"": /""grinnell:23739/"", /""title/"": /""Grinnell Science Project: Motivating First-Year Students to Persist in Scientific Inquiry/"", /""files/"": [/""grinnell_23739_MODS.xml/"", /""grinnell_23739_RELS-EXT.rdf/""]}}"
,,991011507133204641,991011507133204641,,Elliptic Factors in Jacobians of Hyperelliptic Curves with Certain Automorphism Groups,,,grinnell:3326; grinnell:3326; http://hdl.handle.net/11084/3326; alma:01GCL_INST/bibs/991011507133204641,http://hdl.handle.net/11084/3326,,"Paulhus, Jennifer (Faculty/Staff)",Grinnell College. Mathematics and Statistics,automorphism groups of Riemann surfaces,,,,,,,,,,,,,"We decompose the Jacobian varieties of hyperelliptic curves up to genus 20, de ned over an algebraically closed  eld of characteristic zero, with reduced automorphism group A4, S4, or A5: Among these curves is a genus-4 curve with Jacobian variety isogenous to E2
1   E2 2 and a genus-5 curve with Jacobian variety isogenous to E5, for E and Ei elliptic curves. These types of results have some interesting consequences for questions of ranks of elliptic curves and ranks of their twists.",,"Paulhus, Jennifer. 2013. Elliptic factors in Jacobians of hyperelliptic curves with certain automorphism groups. in ANTS X. Berkeley, CA: Mathematical Science Publishers.p. 487-505. DOI: 10.2140/obs.2013.1.487","We decompose the Jacobian variety of hyperelliptic curves up to genus 10, defined over an algebraically closed field of characteristic zero, with reduced automorphism group A 4 , S 4 , or A 5 .",Grinnell College,Grinnell College,41592,2008,41592,,31-Aug-2008,essays,born digital,,,,,,English,,Faculty Scholarship,Faculty Scholarship,Faculty Scholarship,,,,21st century,"Copyright to this work is held by the author(s), in accordance with United States copyright law (USC 17). Readers of this work have certain rights as defined by the law, including but not limited to fair use (17 USC 107 et seq.).",,,,,,,,,,,,,,0204  https://docs.google.com/spreadsheets/d/1JzW8TGU8qJlBAlyoMyDS1mkLTGoaLrsCzVtwQo-4JlU/edit?usp=sharing,"{/""worksheet/"": /""https://docs.google.com/spreadsheets/d/1JzW8TGU8qJlBAlyoMyDS1mkLTGoaLrsCzVtwQo-4JlU#gid=1570273558/"", /""directory/"": /""smb://storage/mediadb/DGingest/Migration-to-Alma/exports/faculty-scholarship/"", /""object/"": {/""pid/"": /""grinnell:3326/"", /""title/"": /""Elliptic Factors in Jacobians of Hyperelliptic Curves with Certain Automorphism Groups/"", /""files/"": [/""grinnell_3326_MODS.xml/"", /""grinnell_3326_RELS-EXT.rdf/""]}}"
,,991011507133304641,991011507133304641,,Technical Services Transparency: Using a LibGuide to Expose the Mysteries of Technical Services,,,grinnell:3247; grinnell:3247; http://hdl.handle.net/11084/3247; alma:01GCL_INST/bibs/991011507133304641,http://hdl.handle.net/11084/3247,,"Bazeley, Jennifer W.; Yoose, Becky Jo (Faculty/Staff)",Grinnell College. Libraries,LibGuides,,,,,,,,,,,,,,,"Bazeley, Jennifer W., and Becky Jo Yoose. 2013.  /""Technical Services Transparency: Using a LibGuide to Expose the Mysteries of Technical Services./"" Library Resources &amp; Technical Services. 57 (2) pp 118-127.","This paper describes the process of creating, testing, and implementing LibGuides  as a new way of communicating much-needed information between technical services and public services staff at Miami University Libraries.",Library Resources &amp; Technical Services,Library Resources &amp; Technical Services,2013,2013,2013,,,essays,born digital,,,,,,English,,Faculty Scholarship,Faculty Scholarship,Faculty Scholarship,,,,21st century,"Copyright to this work is held by the author(s), in accordance with United States copyright law (USC 17). Readers of this work have certain rights as defined by the law, including but not limited to fair use (17 USC 107 et seq.).",,,,,,,,,,,,,,0199  https://docs.google.com/spreadsheets/d/1JzW8TGU8qJlBAlyoMyDS1mkLTGoaLrsCzVtwQo-4JlU/edit?usp=sharing,"{/""worksheet/"": /""https://docs.google.com/spreadsheets/d/1JzW8TGU8qJlBAlyoMyDS1mkLTGoaLrsCzVtwQo-4JlU#gid=1570273558/"", /""directory/"": /""smb://storage/mediadb/DGingest/Migration-to-Alma/exports/faculty-scholarship/"", /""object/"": {/""pid/"": /""grinnell:3247/"", /""title/"": /""Technical Services Transparency: Using a LibGuide to Expose the Mysteries of Technical Services/"", /""files/"": [/""grinnell_3247_MODS.xml/"", /""grinnell_3247_RELS-EXT.rdf/""]}}"
,,991011507133404641,991011507133404641,,Facilitating Collaborative Metadata Creation for Faculty-initiated Digital Projects,,,grinnell:23345; grinnell:23345; http://hdl.handle.net/11084/23345; alma:01GCL_INST/bibs/991011507133404641,http://hdl.handle.net/11084/23345,,"Knight, R. Cecilia (Faculty/Staff); Rodrigues, Elizabeth (Faculty/Staff); Ciota, Rebecca (Faculty/Staff)",,metadata,,,,,,,,,,,,,,,,"The usability and long-term preservation of digital humanities projects, such as a digital archive or other project built around digitized materials, depend on thoughtful and thorough metadata creation. The variety of expertise required to create highquality metadata for digital humanities projects practically requires a collaborative approach. Putting the call for collaboration into practice requires tools that are accessible and functional for all collaborators. Research on tools for metadata creation has tended to focus either on tools for librarians to manage digital project metadata or on tools for independent author metadata creation (Greenberg, 2003; Crystal &amp; Greenberg, 2005). The literature has also tended to focus solely on the use of spreadsheets for metadata creation. Lincoln (2018) has discussed best practices for Google Sheets in archival metadata entry, and Broman and Woo (2017) have discussed best practices for spreadsheet data entry in general. This article positions tool selection and configuration as site of collaboration for the creation of digital project metadata through its examination of a Google Forms-based workflow for the creation and organization of metadata.",Grinnell College,Grinnell College,2020,2020,2020,,,text,born digital,15 pages,15 pages,,,,English,,Digital Grinnell,Digital Grinnell,Digital Grinnell,,,,,"Copyright to this work is held by the author(s), in accordance with United States copyright law (USC 17). Readers of this work have certain rights as defined by the law, including but not limited to fair use (17 USC 107 et seq.).",,,,,,,,,,,,,,0141  https://docs.google.com/spreadsheets/d/1JzW8TGU8qJlBAlyoMyDS1mkLTGoaLrsCzVtwQo-4JlU/edit?usp=sharing,"{/""worksheet/"": /""https://docs.google.com/spreadsheets/d/1JzW8TGU8qJlBAlyoMyDS1mkLTGoaLrsCzVtwQo-4JlU#gid=1570273558/"", /""directory/"": /""smb://storage/mediadb/DGingest/Migration-to-Alma/exports/faculty-scholarship/"", /""object/"": {/""pid/"": /""grinnell:23345/"", /""title/"": /""Facilitating Collaborative Metadata Creation for Faculty-initiated Digital Projects/"", /""files/"": [/""grinnell_23345_MODS.xml/"", /""grinnell_23345_RELS-EXT.rdf/""]}}"
,,991011507133504641,991011507133504641,,Physical Education Complex,PEC,,grinnell:3233; grinnell:3233; http://hdl.handle.net/11084/3233; alma:01GCL_INST/bibs/991011507133504641,http://hdl.handle.net/11084/3233,,"Walker, Waldo S. (Faculty/Staff)",Grinnell College. Physical Education,PEC,,,,,,,,,,,,,,,,History of the Physical Education Complex building.,Grinnell College,Grinnell College,2001-05,2001,2001-05,,2001-05,book,reformatted digital,,,,,,English,,Campus Buildings,Campus Buildings,Campus Buildings,,Grinnell (Iowa),,20th century,"Copyright to this work is held by the author(s), in accordance with United States copyright law (USC 17). Readers of this work have certain rights as defined by the law, including but not limited to fair use (17 USC 107 et seq.).",,,,,,,,,,,,,,0198  https://docs.google.com/spreadsheets/d/1JzW8TGU8qJlBAlyoMyDS1mkLTGoaLrsCzVtwQo-4JlU/edit?usp=sharing,"{/""worksheet/"": /""https://docs.google.com/spreadsheets/d/1JzW8TGU8qJlBAlyoMyDS1mkLTGoaLrsCzVtwQo-4JlU#gid=1570273558/"", /""directory/"": /""smb://storage/mediadb/DGingest/Migration-to-Alma/exports/faculty-scholarship/"", /""object/"": {/""pid/"": /""grinnell:3233/"", /""title/"": /""Physical Education Complex/"", /""files/"": [/""grinnell_3233_MODS.xml/"", /""grinnell_3233_RELS-EXT.rdf/""]}}"
,,991011507133604641,991011507133604641,,Current Perspectives on Porgy and Bess,,,grinnell:231; grinnell:231; http://hdl.handle.net/11084/231; alma:01GCL_INST/bibs/991011507133604641,http://hdl.handle.net/11084/231,,"Jones, Randye L. (Faculty/Staff); Shirley, George",Grinnell College. Libraries,Colorblind casting (Performing arts),,,,,,,,,,,,,,,"Jones, Randye LaVonne. 2011. /""Current Perspectives on Porgy and Bess./"" IMSLP journal. http://imslpjournal.org/  25 pages.",A conversation between Randye Jones and George Shirley at the time of the celebration of the 75th anniversary of George Gershwin's Porgy and Bess,Grinnell College,Grinnell College,2011-05,2011,2011-05,,2011-05,essays,born digital,,,,,,English,,Faculty Scholarship,Faculty Scholarship,Faculty Scholarship,,United States,,21st century,"Copyright to this work is held by the author(s), in accordance with United States copyright law (USC 17). Readers of this work have certain rights as defined by the law, including but not limited to fair use (17 USC 107 et seq.).",,,,,,,,,,,,,,0128  https://docs.google.com/spreadsheets/d/1JzW8TGU8qJlBAlyoMyDS1mkLTGoaLrsCzVtwQo-4JlU/edit?usp=sharing,"{/""worksheet/"": /""https://docs.google.com/spreadsheets/d/1JzW8TGU8qJlBAlyoMyDS1mkLTGoaLrsCzVtwQo-4JlU#gid=1570273558/"", /""directory/"": /""smb://storage/mediadb/DGingest/Migration-to-Alma/exports/faculty-scholarship/"", /""object/"": {/""pid/"": /""grinnell:231/"", /""title/"": /""Current Perspectives on Porgy and Bess/"", /""files/"": [/""grinnell_231_MODS.xml/"", /""grinnell_231_RELS-EXT.rdf/""]}}"
,,991011507133704641,991011507133704641,,Success through Community: Engagement at Grinnell College Libraries,,,grinnell:3203; grinnell:3203; http://hdl.handle.net/11084/3203; alma:01GCL_INST/bibs/991011507133704641,http://hdl.handle.net/11084/3203,,"Bauder, Julia (Faculty/Staff); Bohstedt, Beth (Faculty/Staff)",Grinnell College. Libraries,Engagement at Grinnell College Libraries,,,,,,,,,,,,,"This chapter details several activities undertaken by the Grinnell College Libraries to increase student engagement. These activities include student-curated exhibits, events at which students read their own creative and scholarly works for a community audience, a peer mentoring program, ways to engage students in making decisions about how the library is run, and activities that create a feeling of community for diverse students and increase student awareness of diverse cultures. Research has shown that students who are more engaged are more likely to succeed in college, and the Grinnell College Libraries believe that their programs to increase student engagement are contributing to the success of Grinnell students.Bauder, Julia, and Beth Bohstedt.",,"/""Success through community: engagement at Grinnell College Libraries./"" Excellence in the Stacks: Strategies, Practices and Reflections of Award-Winning Libraries (2013): 127. ~ citation/reference",This chapter details several activities undertaken by the Grinnell College Libraries to increase student engagement.,,,2013-03,2013,2013-03,,,book,born digital,,,,,,English,,Faculty Scholarship,Faculty Scholarship,Faculty Scholarship,,Grinnell (Iowa),,21st century,"Copyright to this work is held by the author(s), in accordance with United States copyright law (USC 17). Readers of this work have certain rights as defined by the law, including but not limited to fair use (17 USC 107 et seq.).",,,,,,,,,,,,,,0195  https://docs.google.com/spreadsheets/d/1JzW8TGU8qJlBAlyoMyDS1mkLTGoaLrsCzVtwQo-4JlU/edit?usp=sharing,"{/""worksheet/"": /""https://docs.google.com/spreadsheets/d/1JzW8TGU8qJlBAlyoMyDS1mkLTGoaLrsCzVtwQo-4JlU#gid=1570273558/"", /""directory/"": /""smb://storage/mediadb/DGingest/Migration-to-Alma/exports/faculty-scholarship/"", /""object/"": {/""pid/"": /""grinnell:3203/"", /""title/"": /""Success through Community: Engagement at Grinnell College Libraries/"", /""files/"": [/""grinnell_3203_MODS.xml/"", /""grinnell_3203_RELS-EXT.rdf/""]}}"
,,991011507133804641,991011507133804641,,Surveying Current Perspectives of Porgy and Bess,,,grinnell:230; grinnell:230; http://hdl.handle.net/11084/230; alma:01GCL_INST/bibs/991011507133804641,http://hdl.handle.net/11084/230,,"Jones, Randye L. (Faculty/Staff)",Grinnell College. Libraries,Colorblind casting (Performing arts),,,,,,,,,,,,,"George Gershwin's folk opera Porgy and Bess celebrated its 75th anniversary with nearly as much controversy as when it premiered in 1935. While the opera is known for sparking the professional careers of many African American vocalists, its storyline has been thought to portray African Americans negatively. Secondly, despite the unquestioned musical quality of Porgy and Bess, companies, directors, and critics continue to debate whether to treat it as an opera, a musical, or a hybrid of the two. Furthermore, singing roles in staged productions of the opera, at least in the United States. are restricted to Black vocalists, challenging companies that would have to import enough Blacks to fill the opera's solo and choral parts.",,"Jones, Randye L. /""Surveying Current Perspectives of Porgy and Bess/"" IMSLP Journal, October 2011",George Gershwin's folk opera Porgy and Bess celebrated its 75th anniversary with nearly as much controversy as when it premiered in 1935.,Grinnell College,Grinnell College,2011-10,2011,2011-10,,2011-10,essays,born digital,,,,,,English,,Faculty Scholarship,Faculty Scholarship,Faculty Scholarship,,United States,,21st century,"Copyright to this work is held by the author(s), in accordance with United States copyright law (USC 17). Readers of this work have certain rights as defined by the law, including but not limited to fair use (17 USC 107 et seq.).",,,,,,,,,,,,,,0127  https://docs.google.com/spreadsheets/d/1JzW8TGU8qJlBAlyoMyDS1mkLTGoaLrsCzVtwQo-4JlU/edit?usp=sharing,"{/""worksheet/"": /""https://docs.google.com/spreadsheets/d/1JzW8TGU8qJlBAlyoMyDS1mkLTGoaLrsCzVtwQo-4JlU#gid=1570273558/"", /""directory/"": /""smb://storage/mediadb/DGingest/Migration-to-Alma/exports/faculty-scholarship/"", /""object/"": {/""pid/"": /""grinnell:230/"", /""title/"": /""Surveying Current Perspectives of Porgy and Bess/"", /""files/"": [/""grinnell_230_MODS.xml/"", /""grinnell_230_RELS-EXT.rdf/""]}}"
,,991011507133904641,991011507133904641,,Engaging Educational Employment Experiences for Students in Special Collections,,,grinnell:3201; grinnell:3201; http://hdl.handle.net/11084/3201; alma:01GCL_INST/bibs/991011507133904641,http://hdl.handle.net/11084/3201,,"Jones, Christopher R. (Faculty/Staff); Bauder, Julia (Faculty/Staff)",Grinnell College. Libraries,Student Library Assistants,,,,,,,,,,,,,,,,"A poster used at the 2013 ACRL conference in Indianapolis, IN, briefly describing the opportunities and merits of student employment in the Department of Special Collections and Archives at Grinnell College.",Grinnell College,Grinnell College,02-Apr-2013,2013,02-Apr-2013,,02-Apr-2013,poster,born digital,,,,,,English,,Faculty Scholarship,Faculty Scholarship,Faculty Scholarship,,Grinnell (Iowa),,21st century,"Copyright to this work is held by the author(s), in accordance with United States copyright law (USC 17). Readers of this work have certain rights as defined by the law, including but not limited to fair use (17 USC 107 et seq.).",,,,,,,,,,,,,,0194  https://docs.google.com/spreadsheets/d/1JzW8TGU8qJlBAlyoMyDS1mkLTGoaLrsCzVtwQo-4JlU/edit?usp=sharing,"{/""worksheet/"": /""https://docs.google.com/spreadsheets/d/1JzW8TGU8qJlBAlyoMyDS1mkLTGoaLrsCzVtwQo-4JlU#gid=1570273558/"", /""directory/"": /""smb://storage/mediadb/DGingest/Migration-to-Alma/exports/faculty-scholarship/"", /""object/"": {/""pid/"": /""grinnell:3201/"", /""title/"": /""Engaging Educational Employment Experiences for Students in Special Collections/"", /""files/"": [/""grinnell_3201_MODS.xml/"", /""grinnell_3201_RELS-EXT.rdf/""]}}"
,,991011507134004641,991011507134004641,,Q.E.D.: What Emily Dickinson Did with Her Mathematics Books,,,grinnell:23043; grinnell:23043; http://hdl.handle.net/11084/23043; alma:01GCL_INST/bibs/991011507134004641,http://hdl.handle.net/11084/23043,,"Moore, Thomas L., Ph. D. (Faculty/Staff)",Grinnell College. Mathematics and Statistics,What Emily Dickinson Did with Her Mathematics books,,,,,,,,,,,,,,,"Moore, Thomas L. /""Q.E.D.: What Emily Dickinson Did With Her Mathematics Books./"" The Emily Dickinson Journal. Vol. 27, No. 1, 2018, pp. 45-73.","A discussion of Emily Dickinson's use of mathematics, her use of Jeremiah Day's algebra textbook, an illustration of the connection between the vocabulary in one Dickinson poem and Day's textbook, and the work of other Dickinson scholars who explore similar ideas.",Grinnell College,Grinnell College,2018,2018,2018,,,essays,born digital,,,,,,English,,Faculty Scholarship,Faculty Scholarship,Faculty Scholarship,,,,,"Copyright to this work is held by the author(s), in accordance with United States copyright law (USC 17). Readers of this work have certain rights as defined by the law, including but not limited to fair use (17 USC 107 et seq.).",,,,,,,,,,,,,,0126  https://docs.google.com/spreadsheets/d/1JzW8TGU8qJlBAlyoMyDS1mkLTGoaLrsCzVtwQo-4JlU/edit?usp=sharing,"{/""worksheet/"": /""https://docs.google.com/spreadsheets/d/1JzW8TGU8qJlBAlyoMyDS1mkLTGoaLrsCzVtwQo-4JlU#gid=1570273558/"", /""directory/"": /""smb://storage/mediadb/DGingest/Migration-to-Alma/exports/faculty-scholarship/"", /""object/"": {/""pid/"": /""grinnell:23043/"", /""title/"": /""Q.E.D.: What Emily Dickinson Did with Her Mathematics Books/"", /""files/"": [/""grinnell_23043_MODS.xml/"", /""grinnell_23043_RELS-EXT.rdf/""]}}"
,,991011507134104641,991011507134104641,,A Comprehensive Model for Undergraduate Science Education Reform to Better Serve the Underserved,,,grinnell:31979; grinnell:31979; http://hdl.handle.net/11084/31979; alma:01GCL_INST/bibs/991011507134104641,http://hdl.handle.net/11084/31979,,"Swartz, Jim E. (Faculty)",Science Division,STEM education,,,,,,,,,,,,,,,"Jim E. Swartz and Leslie Gregg-Jolly, Chapter 3, ‘A Comprehensive Model for Undergraduate Science Education Reform to Better Serve the Underserved’ in Increasing Retention of Under-Represented Students in STEM through Affective and Cognitive Interventions, ACS Symposium Series #1301, Edited by Tara L. S. Kishbaugh and Stephen G. Cessna, 2018, ACS on line (https://pubs.acs.org/doi/10.1021/bk-2018-1301.ch003) and Oxford University Press.","Failure to succeed in introductory science classes is a barrier to diversification of the scientific workforce. In the early 1990s, it was found that Grinnell College students —particularly those of color, women, and first-generation college students⎯were entering Grinnell College with an avowed interest in pursuing degrees in the sciences but abandoning their academic goals when they failed to do well in introductory science courses. To address this problem, a program called the Grinnell Science Project was developed to help students overcome three barriers to success in the sciences. We developed this list of barriers from data analysis of performance and issues experienced by students as: (1) unsuccessful acclimation to college life; (2) ineffectiveness of traditional pedagogy; and (3) a lack of mentoring and role models. Results of this project reveal improved grades for domestic students of color, as well as comparable rates of science major completion and pursuit of graduate study for all groups of students. The culture of the Science Division has changed to reflect, both in architecture and in actions, a commitment to establishing a supportive and inclusive community to promote excellent science. The sciences have undergone major curricular reform, including revision of introductory courses throughout the sciences to provide more active and engaged pedagogies and provide increased opportunities for course-embedded and dedicated research experiences.",Oxford University Press,Oxford University Press,2022,2022,2022,,,book chapter,born digital,34 pages,34 pages,,,,English,,Digital Grinnell,Digital Grinnell,Digital Grinnell,,,,,"Copyright to this work is held by the author(s), in accordance with United            States copyright law (USC 17). Readers of this work have certain rights as defined by            the law, including but not limited to fair use (17 USC 107 et seq.).",,,,,,,,,,,,,,0193  https://docs.google.com/spreadsheets/d/1JzW8TGU8qJlBAlyoMyDS1mkLTGoaLrsCzVtwQo-4JlU/edit?usp=sharing,"{/""worksheet/"": /""https://docs.google.com/spreadsheets/d/1JzW8TGU8qJlBAlyoMyDS1mkLTGoaLrsCzVtwQo-4JlU#gid=1570273558/"", /""directory/"": /""smb://storage/mediadb/DGingest/Migration-to-Alma/exports/faculty-scholarship/"", /""object/"": {/""pid/"": /""grinnell:31979/"", /""title/"": /""A Comprehensive Model for Undergraduate Science Education Reform to Better Serve the Underserved/"", /""files/"": [/""grinnell_31979_MODS.xml/"", /""grinnell_31979_RELS-EXT.rdf/""]}}"
,,991011507134204641,991011507134204641,,A Role for Ecology in the Evolution of Colour Variation and Sexual Dimorphism in Hawaiian Damselfiles,,,grinnell:23042; grinnell:23042; http://hdl.handle.net/11084/23042; alma:01GCL_INST/bibs/991011507134204641,http://hdl.handle.net/11084/23042,,"Cooper, Idelle A.  (Class of 2001); Brown, Jonathan M., 1961-2019 (Faculty/Staff); Getty, T.",Grinnell College. Biology,Solar radiation,,,,,,,,,,,,,"Variation in traits that are sexually dimorphic is usually attributed to sexual selection, in part because the influence of ecological differences between sexes can be difficult to identify. Sex-limited dimorphisms, however, provide
an opportunity to test ecological selection disentangled from reproductive differences between the sexes. Here, we test the hypothesis that ecological differences play a role in the evolution of body colour variation within and
between sexes in a radiation of endemic Hawaiian damselflies. We analysed 17 Megalagrion damselflies species in a phylogenetic linear regression, including three newly discovered cases of species with female-limited dimorphism.
We find that rapid colour evolution during the radiation has resulted in no phylogenetic signal for most colour and habitat traits. However, a single ecological variable, exposure to solar radiation (as measured by canopy
cover) significantly predicts body colour variation within sexes (female-limited dimorphism), between sexes (sexual dimorphism), and among populationsand species. Surprisingly, the degree of sexual dimorphism in body colour is also positively correlated with the degree of habitat differences between sexes. Specifically, redder colouration is associated with more exposure to solar radiation, both within and between species. We discuss potential functions of the pigmentation, including antioxidant properties that
would explain the association with light (specifically UV) exposure, and consider alternative mechanisms that may drive these patterns of sexual dimorphism and colour variation.",,"Cooper, I.A., Brown, J.M., &amp; Getty, T. 2016. A role for ecology in the evolution of colour variation and sexual dimorphism in Hawaiian damselflies. Journal of Evolutionary Biology 29: 418-427.",The hypothesis that ecological differences play a role in the evolution of body colour variation within and between sexes in a radiation of endemic Hawaiian damselflies is tested.,Grinnell College,Grinnell College,2016,2016,2016,,,essays,born digital,,,,,,English,,Faculty Scholarship,Faculty Scholarship,Faculty Scholarship,,Hawaii,,,"Copyright to this work is held by the author(s), in accordance with United States copyright law (USC 17). Readers of this work have certain rights as defined by the law, including but not limited to fair use (17 USC 107 et seq.).",,,,,,,,,,,,,,0125  https://docs.google.com/spreadsheets/d/1JzW8TGU8qJlBAlyoMyDS1mkLTGoaLrsCzVtwQo-4JlU/edit?usp=sharing,"{/""worksheet/"": /""https://docs.google.com/spreadsheets/d/1JzW8TGU8qJlBAlyoMyDS1mkLTGoaLrsCzVtwQo-4JlU#gid=1570273558/"", /""directory/"": /""smb://storage/mediadb/DGingest/Migration-to-Alma/exports/faculty-scholarship/"", /""object/"": {/""pid/"": /""grinnell:23042/"", /""title/"": /""A Role for Ecology in the Evolution of Colour Variation and Sexual Dimorphism in Hawaiian Damselfiles/"", /""files/"": [/""grinnell_23042_MODS.xml/"", /""grinnell_23042_RELS-EXT.rdf/""]}}"
,,991011507134304641,991011507134304641,,A Pandemic at the Library: Lessons from COVID-19 About Technology Needs For Remote Working During a Crisis,,,grinnell:28276; grinnell:28276; http://hdl.handle.net/11084/28276; alma:01GCL_INST/bibs/991011507134304641,http://hdl.handle.net/11084/28276,,"Ciota, Rebecca (Faculty/Staff); Grinnell College. Libraries",,library technology,,,,,,,,,,,,,,,,"In March 2020, during the COVID-19 crisis, Grinnell College in Grinnell, Iowa, United States decided to close its campus and that the majority of its employees would be working remotely. The library technology team had to work with limited time to ensure that the rest of the staff could perform their tasks remotely. This poster discusses how the library technology team set staff up to work remotely and lessons learned and best practices for setting up library staff to work remotely during the next crisis.",Grinnell College,Grinnell College,2020-06-10,2020,2020-06-10,,2020-06-10,poster,born digital,,,,,,English,,Grinnell College. Libraries,Grinnell College. Libraries,Grinnell College. Libraries,,,,,"Copyright to this work is held by the author(s), in accordance with United States copyright law (USC 17). Readers of this work have certain rights as defined by the law, including but not limited to fair use (17 USC 107 et seq.).",,,,,,,,,,,,,,0191  https://docs.google.com/spreadsheets/d/1JzW8TGU8qJlBAlyoMyDS1mkLTGoaLrsCzVtwQo-4JlU/edit?usp=sharing,"{/""worksheet/"": /""https://docs.google.com/spreadsheets/d/1JzW8TGU8qJlBAlyoMyDS1mkLTGoaLrsCzVtwQo-4JlU#gid=1570273558/"", /""directory/"": /""smb://storage/mediadb/DGingest/Migration-to-Alma/exports/faculty-scholarship/"", /""object/"": {/""pid/"": /""grinnell:28276/"", /""title/"": /""A Pandemic at the Library: Lessons from COVID-19 About Technology Needs For Remote Working During a Crisis/"", /""files/"": [/""grinnell_28276_MODS.xml/"", /""grinnell_28276_RELS-EXT.rdf/""]}}"
,,991011507134404641,991011507134404641,,Using Primo Analytics to Understand Patron Search Strategies,,,grinnell:28275; grinnell:28275; http://hdl.handle.net/11084/28275; alma:01GCL_INST/bibs/991011507134404641,http://hdl.handle.net/11084/28275,,"Ciota, Rebecca (Faculty/Staff); Grinnell College. Libraries",,discovery system,,,,,,,,,,,,,,,,"A presentation slated for ELUNA 2020 (Los Angeles, CA) discussing an analysis of popular search strings inputted into the Grinnell College Libraries' discovery system, Primo VE.",Grinnell College,Grinnell College,2020-05-07,2020,2020-05-07,,2020-05-07,essay,born digital,,,,,,English,,Grinnell College. Libraries,Grinnell College. Libraries,Grinnell College. Libraries,,,,,"Copyright to this work is held by the author(s), in accordance with United States copyright law (USC 17). Readers of this work have certain rights as defined by the law, including but not limited to fair use (17 USC 107 et seq.).",,,,,,,,,,,,,,0190  https://docs.google.com/spreadsheets/d/1JzW8TGU8qJlBAlyoMyDS1mkLTGoaLrsCzVtwQo-4JlU/edit?usp=sharing,"{/""worksheet/"": /""https://docs.google.com/spreadsheets/d/1JzW8TGU8qJlBAlyoMyDS1mkLTGoaLrsCzVtwQo-4JlU#gid=1570273558/"", /""directory/"": /""smb://storage/mediadb/DGingest/Migration-to-Alma/exports/faculty-scholarship/"", /""object/"": {/""pid/"": /""grinnell:28275/"", /""title/"": /""Using Primo Analytics to Understand Patron Search Strategies/"", /""files/"": [/""grinnell_28275_MODS.xml/"", /""grinnell_28275_RELS-EXT.rdf/""]}}"
,,991011507134504641,991011507134504641,,"Indispensable in a Civilized Society, as Necessary as Food:/"" A Consideration of Manuel Payno's Monumental Effort to Found the Biblioteca Nacional de Mexico",,,grinnell:227; grinnell:227; http://hdl.handle.net/11084/227; alma:01GCL_INST/bibs/991011507134504641,http://hdl.handle.net/11084/227,,"Jones, Phillip Wiley, (Faculty/Staff)",Grinnell College. Libraries,Manuel Payno's Monumental Effort to Found the Biblioteca Nacional de Mexico,,,,,,,,,,,,,"This article combines history, biography, and the translation of a nineteenth-century primary source to consider the role of Manuel Payno, a Mexican government official and noted writer, in establishing his country's national library. Profiles of Mexican library history and of Manuel Payno provide context for the appended English translation of Payno's 1869 article.",,"Jones, Phillip. /""Indispensable in a civilized society/"": Manuel Payno's/"" Las bibliotecas de Mexico./"" Libraries &amp; the Cultural Record (2007): 268-290. ~ citation",This article considers the role of Manuel Payno in establishing his country's national library.,Grinnell College,Grinnell College,2007,2007,2007,,,essays,born digital,,,,,,English,,Liberal Arts Scholarly Repository,Liberal Arts Scholarly Repository,Liberal Arts Scholarly Repository,,Mexico,,1810-1894,"Copyright to this work is held by the author(s), in accordance with United States copyright law (USC 17). Readers of this work have certain rights as defined by the law, including but not limited to fair use (17 USC 107 et seq.).",,,,,,,,,,,,,,0124  https://docs.google.com/spreadsheets/d/1JzW8TGU8qJlBAlyoMyDS1mkLTGoaLrsCzVtwQo-4JlU/edit?usp=sharing,"{/""worksheet/"": /""https://docs.google.com/spreadsheets/d/1JzW8TGU8qJlBAlyoMyDS1mkLTGoaLrsCzVtwQo-4JlU#gid=1570273558/"", /""directory/"": /""smb://storage/mediadb/DGingest/Migration-to-Alma/exports/faculty-scholarship/"", /""object/"": {/""pid/"": /""grinnell:227/"", /""title/"": /""Indispensable in a Civilized Society, as Necessary as Food:\\/"" A Consideration of Manuel Payno's Monumental Effort to Found the Biblioteca Nacional de Mexico/"", /""files/"": [/""grinnell_227_MODS.xml/"", /""grinnell_227_RELS-EXT.rdf/""]}}"
,,991011507134604641,991011507134604641,,Grinnell College Musical Instrument Collection,World Musical Instruments,,http://hdl.handle.net/11084/27858; grinnell:27858; alma:01GCL_INST/bibs/991011507134604641,http://hdl.handle.net/11084/27858,,"Vetter, Roger (Faculty/Staff)",Grinnell College. Music; Grinnell College. Libraries,World Musical Instruments,,,,,,,,,,,,,,,,"A web archive (WARC) of the Grinnell College Musical Instrument Collection, which was hosted on Omeka Classic at omeka1.grinnell.edu/worldmusicinstruments.",Grinnell College,Grinnell College,2020,2020,2020,,,dataset,born digital,,,,,,English,,Scholarship at Grinnell,Scholarship at Grinnell,Scholarship at Grinnell,,,,,"Copyright to this work is held by the author(s), in accordance with United States copyright law (USC 17). Readers of this work have certain rights as defined by the law, including but not limited to fair use (17 USC 107 et seq.).",,,,,,,,,,,,,,0188  https://docs.google.com/spreadsheets/d/1JzW8TGU8qJlBAlyoMyDS1mkLTGoaLrsCzVtwQo-4JlU/edit?usp=sharing,"{/""worksheet/"": /""https://docs.google.com/spreadsheets/d/1JzW8TGU8qJlBAlyoMyDS1mkLTGoaLrsCzVtwQo-4JlU#gid=1570273558/"", /""directory/"": /""smb://storage/mediadb/DGingest/Migration-to-Alma/exports/faculty-scholarship/"", /""object/"": {/""pid/"": /""grinnell:27858/"", /""title/"": /""Grinnell College Musical Instrument Collection/"", /""files/"": [/""grinnell_27858_MODS.xml/"", /""grinnell_27858_RELS-EXT.rdf/""]}}"
,,991011507134704641,991011507134704641,,Discovery-based Gauss's law,,,grinnell:223; grinnell:223; http://hdl.handle.net/11084/223; alma:01GCL_INST/bibs/991011507134704641,http://hdl.handle.net/11084/223,,"Schneider, Mark B. (Faculty/Staff)",Grinnell College. Physics,Electrostatics,,,,,,,,,,,,,The mathematical parallels between electrostatics and laminar fluid flow are exploited to develop a set of exercises that allow introductory physics students to discover Gauss's Law. The primary fluid experiment involves investigating the continuity equation in two dimensions by examining the flow between two closely spaced plates. Extrapolation of the resulting two-dimensional velocity field to three dimensions reveals a radial dependence to the velocity field that is analogous to Coulomb's Law. This analogy allows the student to predict an electric version of the continuity equation that is Gauss's Law,,"Schneider, Mark B. (2004) /""Discovery-based Gauss's law/"". American Journal of Physics, 72, 1272. DOI:  http://dx.doi.org/10.1119/1.1773174",The mathematical parallels between electrostatics and laminar fluid flow are exploited to develop a set of exercises that allow introductory physics students to discover Gauss's Law.,Grinnell College,Grinnell College,13-Sep-2004,2004,13-Sep-2004,,2004-10,essays,born digital,,,,,,English,,Liberal Arts Scholarly Repository,Liberal Arts Scholarly Repository,Liberal Arts Scholarly Repository,,,,,"Copyright to this work is held by the author(s), in accordance with United States copyright law (USC 17). Readers of this work have certain rights as defined by the law, including but not limited to fair use (17 USC 107 et seq.).",,,,,,,,,,,,,,0123  https://docs.google.com/spreadsheets/d/1JzW8TGU8qJlBAlyoMyDS1mkLTGoaLrsCzVtwQo-4JlU/edit?usp=sharing,"{/""worksheet/"": /""https://docs.google.com/spreadsheets/d/1JzW8TGU8qJlBAlyoMyDS1mkLTGoaLrsCzVtwQo-4JlU#gid=1570273558/"", /""directory/"": /""smb://storage/mediadb/DGingest/Migration-to-Alma/exports/faculty-scholarship/"", /""object/"": {/""pid/"": /""grinnell:223/"", /""title/"": /""Discovery-based Gauss's law/"", /""files/"": [/""grinnell_223_MODS.xml/"", /""grinnell_223_RELS-EXT.rdf/""]}}"
,,991011507134804641,991011507134804641,,The Global Mongol Century,,,http://hdl.handle.net/11084/27856; grinnell:27856; alma:01GCL_INST/bibs/991011507134804641,http://hdl.handle.net/11084/27856,,"Shea, Eiren (Faculty/Staff)",Grinnell College. Art History; Grinnell College. Libraries,Marco Polo,,,,,,,,,,,,,,,,"A web archive (WARC) of The Global Mongol Century, an Omeka Classic site at omekax.grinnell.edu/global-mongol-century, created by students in ARH-295 led by professor Eiren Shea.",Grinnell College,Grinnell College,2020,2020,2020,,,dataset,born digital,,,,,,English,,Scholarship at Grinnell,Scholarship at Grinnell,Scholarship at Grinnell,,Asia; China; Mongolia; Kazakhstan; Kyrgyztan; Tajikistan; Afghanistan; Iran; Turkey; Armenia,,Thirteenth century; Fourteenth Century,"Copyright to this work is held by the author(s), in accordance with United States copyright law (USC 17). Readers of this work have certain rights as defined by the law, including but not limited to fair use (17 USC 107 et seq.).",,,,,,,,,,,,,,0187  https://docs.google.com/spreadsheets/d/1JzW8TGU8qJlBAlyoMyDS1mkLTGoaLrsCzVtwQo-4JlU/edit?usp=sharing,"{/""worksheet/"": /""https://docs.google.com/spreadsheets/d/1JzW8TGU8qJlBAlyoMyDS1mkLTGoaLrsCzVtwQo-4JlU#gid=1570273558/"", /""directory/"": /""smb://storage/mediadb/DGingest/Migration-to-Alma/exports/faculty-scholarship/"", /""object/"": {/""pid/"": /""grinnell:27856/"", /""title/"": /""The Global Mongol Century/"", /""files/"": [/""grinnell_27856_MODS.xml/"", /""grinnell_27856_RELS-EXT.rdf/""]}}"
,,991011507134904641,991011507134904641,,Let's Talk About Collections and Space.,,,grinnell:21182; grinnell:21182; http://hdl.handle.net/11084/21182; alma:01GCL_INST/bibs/991011507134904641,http://hdl.handle.net/11084/21182,,"Ciota, Rebecca (Faculty/Staff); Knight, R. Cecilia (Faculty/Staff)","Grinnell College. Libraries; ALA Midwinter Meeting (2018 : Denver, Colo.)",Space utilization,,,,,,,,,,,,,"Slides of a presentation given at the ALCTS Collection Evaluation &amp; Assessment Interest Group at ALA Midwinter on February 11, 2018.",,,"In order to make room for a much needed classroom on the 2nd floor of Burling Library nearly 325,000 volumes of materials were handled and relocated.",Grinnell College,Grinnell College,2018,2018,2018,,,essays,reformatted digital,,,,,,English,,Faculty Scholarship,Faculty Scholarship,Faculty Scholarship,,Grinnell (Iowa),,Twenty tens.,"Copyright to this work is held by the author(s), in accordance with United States copyright law (USC 17). Readers of this work have certain rights as defined by the law, including but not limited to fair use (17 USC 107 et seq.).",,,,,,,,,,,,,,0122  https://docs.google.com/spreadsheets/d/1JzW8TGU8qJlBAlyoMyDS1mkLTGoaLrsCzVtwQo-4JlU/edit?usp=sharing,"{/""worksheet/"": /""https://docs.google.com/spreadsheets/d/1JzW8TGU8qJlBAlyoMyDS1mkLTGoaLrsCzVtwQo-4JlU#gid=1570273558/"", /""directory/"": /""smb://storage/mediadb/DGingest/Migration-to-Alma/exports/faculty-scholarship/"", /""object/"": {/""pid/"": /""grinnell:21182/"", /""title/"": /""Let's Talk About Collections and Space./"", /""files/"": [/""grinnell_21182_MODS.xml/"", /""grinnell_21182_RELS-EXT.rdf/""]}}"
,,991011507135004641,991011507135004641,,The Political Economy of Collective Action and Radical Reform: A Proposed Conceptual Framework,,,http://hdl.handle.net/11084/27809; grinnell:27809; alma:01GCL_INST/bibs/991011507135004641,http://hdl.handle.net/11084/27809,,"Ferguson, William D., (Faculty/Staff)",Grinnell College. Economics Department,collective-action problems,,,,,,,,,,,,,,,,"This paper presents a broad framework for analyzing radical reform in terms of a large set of collective-action problems faced by potential reformers. It merges concepts that often appear separately in the literature, including social preferences, power relationships, policy subsystems, institutional stability, types of institutional change, and types of agents.",Grinnell College,Grinnell College,19 January 2017,2017,19 January 2017,,8 June 2016,proceedings,,44 pages,44 pages,,,,English,,,,,,Grinnell (Iowa),,Twenty tens,"Copyright to this work is held by the author(s), in accordance with United States copyright law (USC 17). Readers of this work have certain rights as defined by the law, including but not limited to fair use (17 USC 107 et seq.).",,,,,,,,,,,,,,0186  https://docs.google.com/spreadsheets/d/1JzW8TGU8qJlBAlyoMyDS1mkLTGoaLrsCzVtwQo-4JlU/edit?usp=sharing,"{/""worksheet/"": /""https://docs.google.com/spreadsheets/d/1JzW8TGU8qJlBAlyoMyDS1mkLTGoaLrsCzVtwQo-4JlU#gid=1570273558/"", /""directory/"": /""smb://storage/mediadb/DGingest/Migration-to-Alma/exports/faculty-scholarship/"", /""object/"": {/""pid/"": /""grinnell:27809/"", /""title/"": /""The Political Economy of Collective Action and Radical Reform: A Proposed Conceptual Framework/"", /""files/"": [/""grinnell_27809_MODS.xml/"", /""grinnell_27809_RELS-EXT.rdf/""]}}"
,,991011507135104641,991011507135104641,,Metadata for Digital Scholarship: New Roles for Technical Services Librarians,,,grinnell:21181; grinnell:21181; http://hdl.handle.net/11084/21181; alma:01GCL_INST/bibs/991011507135104641,http://hdl.handle.net/11084/21181,,"Knight, R. Cecilia (Faculty/Staff); Ciota, Rebecca (Faculty/Staff)","Grinnell College. Libraries; ALA Midwinter Meeting (2018 : Denver, Colo.)",Digital scholarship,,,,,,,,,,,,,"Slides of a presentation given at the ALCTS New Roles for Technical Services Librarians Interest Group at ALA Midwinter on February 10, 2018.",,,"Along with the rise of digital scholarship librarians have taken on new roles in working with faculty, students, and staff in a variety of ways including consulting on metadata. Grinnell College librarians utilize a variety of tools including Google forms to sheets.",Grinnell College,Grinnell College,2018,2018,2018,,,essays,reformatted digital,,,,,,English,,Faculty Scholarship,Faculty Scholarship,Faculty Scholarship,,Grinnell (Iowa),,Twenty tens,"Copyright to this work is held by the author(s), in accordance with United States copyright law (USC 17). Readers of this work have certain rights as defined by the law, including but not limited to fair use (17 USC 107 et seq.).",,,,,,,,,,,,,,0121  https://docs.google.com/spreadsheets/d/1JzW8TGU8qJlBAlyoMyDS1mkLTGoaLrsCzVtwQo-4JlU/edit?usp=sharing,"{/""worksheet/"": /""https://docs.google.com/spreadsheets/d/1JzW8TGU8qJlBAlyoMyDS1mkLTGoaLrsCzVtwQo-4JlU#gid=1570273558/"", /""directory/"": /""smb://storage/mediadb/DGingest/Migration-to-Alma/exports/faculty-scholarship/"", /""object/"": {/""pid/"": /""grinnell:21181/"", /""title/"": /""Metadata for Digital Scholarship: New Roles for Technical Services Librarians/"", /""files/"": [/""grinnell_21181_MODS.xml/"", /""grinnell_21181_RELS-EXT.rdf/""]}}"
,,991011507135204641,991011507135204641,,Facing Uncertainty: Norms and Formal Institutions as Shared Mental Models,,,http://hdl.handle.net/11084/27808; grinnell:27808; alma:01GCL_INST/bibs/991011507135204641,http://hdl.handle.net/11084/27808,,"Ferguson, William D., (Faculty/Staff)",Grinnell College. Economics Department,bounded rationality,,,,,,,,,,,,,,,,This paper presents a theoretical argument focused on how social norms and formal institutions operate as cognitive coping mechanisms among groupings of boundedly rational actors who face fundamental uncertainty concerning their political and economic environments.,Grinnell College,Grinnell College,25 June 2019,2019,25 June 2019,,2 July 2015,proceedings,,35 pages,35 pages,,,,English,,,,,,Grinnell (Iowa),,Twenty tens,"Copyright to this work is held by the author(s), in accordance with United States copyright law (USC 17). Readers of this work have certain rights as defined by the law, including but not limited to fair use (17 USC 107 et seq.).",,,,,,,,,,,,,,0185  https://docs.google.com/spreadsheets/d/1JzW8TGU8qJlBAlyoMyDS1mkLTGoaLrsCzVtwQo-4JlU/edit?usp=sharing,"{/""worksheet/"": /""https://docs.google.com/spreadsheets/d/1JzW8TGU8qJlBAlyoMyDS1mkLTGoaLrsCzVtwQo-4JlU#gid=1570273558/"", /""directory/"": /""smb://storage/mediadb/DGingest/Migration-to-Alma/exports/faculty-scholarship/"", /""object/"": {/""pid/"": /""grinnell:27808/"", /""title/"": /""Facing Uncertainty: Norms and Formal Institutions as Shared Mental Models/"", /""files/"": [/""grinnell_27808_MODS.xml/"", /""grinnell_27808_RELS-EXT.rdf/""]}}"
,,991011507135304641,991011507135304641,,Conard: Academic Correspondence,Letter from Frederic E. Clements to Professor Conard,,grinnell:208; grinnell:208; http://hdl.handle.net/11084/208; alma:01GCL_INST/bibs/991011507135304641,http://hdl.handle.net/11084/208,,"Clements, Frederic E. (Frederic Edward),  1874-1945",Grinnell College. Biology; Grinnell College Libraries. Special Collections and Archives,Letter from Frederic E. Clements to Professor Conard,,,,,,,,,,,,,,,,"A letter to Conard from a colleague at the Carnegie Institution of Washington. The letter discusses questions within phylogeny about anatomy, methods, and principles.",Grinnell College,Grinnell College,13-Jul-1924,1924,13-Jul-1924,,13-Jul-1924,text,reformatted digital,,,,,,English,,Faculty Scholarship,Faculty Scholarship,Faculty Scholarship,,,,20th century,"Copyright to this work is held by the author(s), in accordance with United States copyright law (USC 17). Readers of this work have certain rights as defined by the law, including but not limited to fair use (17 USC 107 et seq.).",,,,,,,,,,,,,,0120  https://docs.google.com/spreadsheets/d/1JzW8TGU8qJlBAlyoMyDS1mkLTGoaLrsCzVtwQo-4JlU/edit?usp=sharing,"{/""worksheet/"": /""https://docs.google.com/spreadsheets/d/1JzW8TGU8qJlBAlyoMyDS1mkLTGoaLrsCzVtwQo-4JlU#gid=1570273558/"", /""directory/"": /""smb://storage/mediadb/DGingest/Migration-to-Alma/exports/faculty-scholarship/"", /""object/"": {/""pid/"": /""grinnell:208/"", /""title/"": /""Conard: Academic Correspondence/"", /""files/"": [/""grinnell_208_MODS.xml/"", /""grinnell_208_RELS-EXT.rdf/""]}}"
,,991011507135404641,991011507135404641,,Review of Complexity and the Art of Public Policy,,,http://hdl.handle.net/11084/27807; grinnell:27807; alma:01GCL_INST/bibs/991011507135404641,http://hdl.handle.net/11084/27807,,"Ferguson, William D., (Faculty/Staff)",Grinnell College. Economics Department,Economic policy,,,,,,,,,,,,,,,,"Review of the book Complexity and the Art of Public Policy: Solving Society's Problems from the Bottom Up, by David Colander and Roland Kupers (Princeton University Press, 2014).",Grinnell College,Grinnell College,5 February 2020,2020,5 February 2020,,,book review,,4 pages,4 pages,,,,English,,,,,,Grinnell (Iowa),,Twenty tens,"Copyright to this work is held by the author(s), in accordance with United States copyright law (USC 17). Readers of this work have certain rights as defined by the law, including but not limited to fair use (17 USC 107 et seq.).",,,,,,,,,,,,,,0184  https://docs.google.com/spreadsheets/d/1JzW8TGU8qJlBAlyoMyDS1mkLTGoaLrsCzVtwQo-4JlU/edit?usp=sharing,"{/""worksheet/"": /""https://docs.google.com/spreadsheets/d/1JzW8TGU8qJlBAlyoMyDS1mkLTGoaLrsCzVtwQo-4JlU#gid=1570273558/"", /""directory/"": /""smb://storage/mediadb/DGingest/Migration-to-Alma/exports/faculty-scholarship/"", /""object/"": {/""pid/"": /""grinnell:27807/"", /""title/"": /""Review of Complexity and the Art of Public Policy/"", /""files/"": [/""grinnell_27807_MODS.xml/"", /""grinnell_27807_RELS-EXT.rdf/""]}}"
,,991011507135504641,991011507135504641,,Adoption of the No-Requirements Curriculum,,,grinnell:27788; grinnell:27788; http://hdl.handle.net/11084/27788; alma:01GCL_INST/bibs/991011507135504641,http://hdl.handle.net/11084/27788,,"Clotfelter, Beryl E., (Faculty/Staff)",,Grinnell College,,,,,,,,,,,,,,,,"Paper by Beryl E. Clotfelter, Professor Emeritus of Physics, on the history of Grinnell College's no-requirements curriculum and the establishment of the first-year tutorial.",Grinnell College,Grinnell College,January 2003,2003,January 2003,,,article,born digital,,,,,,English,,Digital Grinnell,Digital Grinnell,Digital Grinnell,,Grinnell (Iowa),,Two thousands (Decade),"Copyright to this work is held by the author(s), in accordance with United States copyright law (USC 17). Readers of this work have certain rights as defined by the law, including but not limited to fair use (17 USC 107 et seq.).",,,,,,,,,,,,,,0183  https://docs.google.com/spreadsheets/d/1JzW8TGU8qJlBAlyoMyDS1mkLTGoaLrsCzVtwQo-4JlU/edit?usp=sharing,"{/""worksheet/"": /""https://docs.google.com/spreadsheets/d/1JzW8TGU8qJlBAlyoMyDS1mkLTGoaLrsCzVtwQo-4JlU#gid=1570273558/"", /""directory/"": /""smb://storage/mediadb/DGingest/Migration-to-Alma/exports/faculty-scholarship/"", /""object/"": {/""pid/"": /""grinnell:27788/"", /""title/"": /""Adoption of the No-Requirements Curriculum/"", /""files/"": [/""grinnell_27788_MODS.xml/"", /""grinnell_27788_RELS-EXT.rdf/""]}}"
,,991011507135604641,991011507135604641,,Introduction: Phytosociology in Relation to Biology.,,,grinnell:206; grinnell:206; http://hdl.handle.net/11084/206; alma:01GCL_INST/bibs/991011507135604641,http://hdl.handle.net/11084/206,,"Conard, Henry Shoemaker, 1874-1971 (Faculty/Staff)",Grinnell College. Biology; Grinnell College Libraries. Special Collections and Archives,"Phytosociology in Relation to Biology, Introduction",,,,,,,,,,,,,,,,Introduction to paper by Henry S. Conard on plant sociology.,Grinnell College,Grinnell College,[1932],1932,[1932],,[1932],essays,reformatted digital,,,,,,English,,Faculty Scholarship,Faculty Scholarship,Faculty Scholarship,,,,20th century,"Copyright to this work is held by the author(s), in accordance with United States copyright law (USC 17). Readers of this work have certain rights as defined by the law, including but not limited to fair use (17 USC 107 et seq.).",,,,,,,,,,,,,,0119  https://docs.google.com/spreadsheets/d/1JzW8TGU8qJlBAlyoMyDS1mkLTGoaLrsCzVtwQo-4JlU/edit?usp=sharing,"{/""worksheet/"": /""https://docs.google.com/spreadsheets/d/1JzW8TGU8qJlBAlyoMyDS1mkLTGoaLrsCzVtwQo-4JlU#gid=1570273558/"", /""directory/"": /""smb://storage/mediadb/DGingest/Migration-to-Alma/exports/faculty-scholarship/"", /""object/"": {/""pid/"": /""grinnell:206/"", /""title/"": /""Introduction: Phytosociology in Relation to Biology./"", /""files/"": [/""grinnell_206_MODS.xml/"", /""grinnell_206_RELS-EXT.rdf/""]}}"
,,991011507135704641,991011507135704641,,Alumni Oral Histories: A Collaboration Between the Libraries and Development and Alumni Relations,,,grinnell:27777; grinnell:27777; http://hdl.handle.net/11084/27777; alma:01GCL_INST/bibs/991011507135704641,http://hdl.handle.net/11084/27777,,"Ciota, Rebecca (Faculty/Staff)",Grinnell College. Libraries,Oral history,,,,,,,,,,,,,,,"Ciota, Rebeccca. /""Alumni Oral Histories: A Collaboration Between the Libraries and Development and Alumni Relations./"" Collaborative Librarianship 11, no. 3 (2019): 5. ~ citation/reference",This article describes a collaboration between Grinnell College's libraries and its Office of Development and Alumni Relations,Grinnell College,Grinnell College,2019,2019,2019,,,essays,born digital,,,,,,English,,Faculty Scholarship,Faculty Scholarship,Faculty Scholarship,,Grinnell (Iowa),,21st century,"Copyright to this work is held by the author(s), in accordance with United States copyright law (USC 17). Readers of this work have certain rights as defined by the law, including but not limited to fair use (17 USC 107 et seq.).",,,,,,,,,,,,,,0182  https://docs.google.com/spreadsheets/d/1JzW8TGU8qJlBAlyoMyDS1mkLTGoaLrsCzVtwQo-4JlU/edit?usp=sharing,"{/""worksheet/"": /""https://docs.google.com/spreadsheets/d/1JzW8TGU8qJlBAlyoMyDS1mkLTGoaLrsCzVtwQo-4JlU#gid=1570273558/"", /""directory/"": /""smb://storage/mediadb/DGingest/Migration-to-Alma/exports/faculty-scholarship/"", /""object/"": {/""pid/"": /""grinnell:27777/"", /""title/"": /""Alumni Oral Histories: A Collaboration Between the Libraries and Development and Alumni Relations/"", /""files/"": [/""grinnell_27777_MODS.xml/"", /""grinnell_27777_RELS-EXT.rdf/""]}}"
,,991011507135804641,991011507135804641,,Henry S. Conard Publications,,,grinnell:202; grinnell:202; http://hdl.handle.net/11084/202; alma:01GCL_INST/bibs/991011507135804641,http://hdl.handle.net/11084/202,,"Conard, Henry Shoemaker, 1874-1971 (Faculty/Staff)",Grinnell College. Biology; Grinnell College Libraries. Special Collections and Archives,Selected Conard Publications 1905-1952,,,,,,,,,,,,,,,,List of selected publications by Henry S. Conard. dated 1905-1952,Grinnell College,Grinnell College,[1952],1952,[1952],,[1952],text,reformatted digital,,,,,,English,,Faculty Scholarship,Faculty Scholarship,Faculty Scholarship,,,,20th century,"Copyright to this work is held by the author(s), in accordance with United States copyright law (USC 17). Readers of this work have certain rights as defined by the law, including but not limited to fair use (17 USC 107 et seq.).",,,,,,,,,,,,,,0118  https://docs.google.com/spreadsheets/d/1JzW8TGU8qJlBAlyoMyDS1mkLTGoaLrsCzVtwQo-4JlU/edit?usp=sharing,"{/""worksheet/"": /""https://docs.google.com/spreadsheets/d/1JzW8TGU8qJlBAlyoMyDS1mkLTGoaLrsCzVtwQo-4JlU#gid=1570273558/"", /""directory/"": /""smb://storage/mediadb/DGingest/Migration-to-Alma/exports/faculty-scholarship/"", /""object/"": {/""pid/"": /""grinnell:202/"", /""title/"": /""Henry S. Conard Publications/"", /""files/"": [/""grinnell_202_MODS.xml/"", /""grinnell_202_RELS-EXT.rdf/""]}}"
,,991011507135904641,991011507135904641,,LaFexCo(1G?AEx)O3 Thin-Film Oxygen Reduction Catalysts Prepared Using Spray Pyrolysis without Conductive Additives,,,grinnell:26882; grinnell:26882; http://hdl.handle.net/11084/26882; alma:01GCL_INST/bibs/991011507135904641,http://hdl.handle.net/11084/26882,,"Dervishogullari, Dilek (Class of 2016); Sharpe, Christopher A. (Class of 2018); Sharpe, Lee R. (Faculty/Staff)",Grinnell College. Chemistry,Cobalt,,,,,,,,,,,,,We report fndings of reciprocal transplant experiments intended to tease apart the roles of differentiation and plasticity in producing phenotypic variation across a geographic border between two plant subspecies. Clarkia xantiana ssp. xantiana and C. xantiana ssp. parvifora are California-endemic annuals that replace each other along a west-east gradient of declining precipitation.,,,LaFexCo(1-x)O3 Thin-Film Oxygen Reduction Catalysts Prepared Using Spray Pyrolysis without Conductive Additives,Grinnell College,Grinnell College,43047,2017,43047,,,essays,born digital,,,,,,English,,Faculty Scholarship,Faculty Scholarship,Faculty Scholarship,,,,"Two thousand seventeen, A.D.","Copyright to this work is held by the author(s), in accordance with United States copyright law (USC 17). Readers of this work have certain rights as defined by the law, including but not limited to fair use (17 USC 107 et seq.).",,,,,,,,,,,,,,0181  https://docs.google.com/spreadsheets/d/1JzW8TGU8qJlBAlyoMyDS1mkLTGoaLrsCzVtwQo-4JlU/edit?usp=sharing,"{/""worksheet/"": /""https://docs.google.com/spreadsheets/d/1JzW8TGU8qJlBAlyoMyDS1mkLTGoaLrsCzVtwQo-4JlU#gid=1570273558/"", /""directory/"": /""smb://storage/mediadb/DGingest/Migration-to-Alma/exports/faculty-scholarship/"", /""object/"": {/""pid/"": /""grinnell:26882/"", /""title/"": /""LaFexCo(1G?AEx)O3 Thin-Film Oxygen Reduction Catalysts Prepared Using Spray Pyrolysis without Conductive Additives/"", /""files/"": [/""grinnell_26882_MODS.xml/"", /""grinnell_26882_RELS-EXT.rdf/""]}}"
,,991011507136004641,991011507136004641,,Collaborating for metadata creation on digital projects: using Google Forms and Sheets,,,grinnell:20234; grinnell:20234; http://hdl.handle.net/11084/20234; alma:01GCL_INST/bibs/991011507136004641,http://hdl.handle.net/11084/20234,,"Knight, R. Cecilia (Faculty/Staff); Rodrigues, Elizabeth (Faculty/Staff); Ciota, Rebecca (Faculty/Staff)",Grinnell College. Libraries,Google Drive,,,,,,,,,,,,,,,"Knight, R. Cecilia, Elizabeth Rodrigues, and Rebecca Ciota. /""Collaborating For Metadata Creation On Digital Projects: Using Google Forms and Sheets./"" Library Hi Tech News  (2017)","When working with faculty, students, and staff on digital projects, librarians at the Grinnell College Libraries need to provide these constituents with tools to create robust metadata for these digital projects. The Grinnell College Libraries sought to create a user-friendly alternative. The landed on using Google Forms and Sheets to facilitate metadata creation.",Grinnell College,Grinnell College,10-Nov-2017,2017,10-Nov-2017,,,essays,reformatted digital,,,,,,English,,Faculty Scholarship,Faculty Scholarship,Faculty Scholarship,,Grinnell (Iowa),,Twenty tens,"Copyright to this work is held by the author(s), in accordance with United States copyright law (USC 17). Readers of this work have certain rights as defined by the law, including but not limited to fair use (17 USC 107 et seq.).",,,,,,,,,,,,,,0117  https://docs.google.com/spreadsheets/d/1JzW8TGU8qJlBAlyoMyDS1mkLTGoaLrsCzVtwQo-4JlU/edit?usp=sharing,"{/""worksheet/"": /""https://docs.google.com/spreadsheets/d/1JzW8TGU8qJlBAlyoMyDS1mkLTGoaLrsCzVtwQo-4JlU#gid=1570273558/"", /""directory/"": /""smb://storage/mediadb/DGingest/Migration-to-Alma/exports/faculty-scholarship/"", /""object/"": {/""pid/"": /""grinnell:20234/"", /""title/"": /""Collaborating for metadata creation on digital projects: using Google Forms and Sheets/"", /""files/"": [/""grinnell_20234_MODS.xml/"", /""grinnell_20234_RELS-EXT.rdf/""]}}"
,,991011507136104641,991011507136104641,,Data Analysis: An Adjunct to Mathematical Statistics at Oberlin College [002],Technical Report No.90-003,,grinnell:26707; grinnell:26707; http://hdl.handle.net/11084/26707; alma:01GCL_INST/bibs/991011507136104641,http://hdl.handle.net/11084/26707,,"Witmer, Jeffrey","Moore, Thomas L., Ph. D. (Faculty/Staff); Grinnell College. Mathematics and Statistics",Statistics in the Liberal Arts Workshop (SLAW),,,,,,,,,,,,,Statistics in the Liberal Arts Workshop (SLAW) workshop held in the Summer of 1991 and supported by the Exxon Corporation,,,Data Analysis: An Adjunct to Mathematical Statistics at Oberlin College,Grinnell College,Grinnell College,1991,1991,1991,,,essays,digitized other analog,,,,,,English,,Faculty Scholarship,Faculty Scholarship,Faculty Scholarship,,,,,"Copyright to this work is held by the author(s), in accordance with United States copyright law (USC 17). Readers of this work have certain rights as defined by the law, including but not limited to fair use (17 USC 107 et seq.).",,,,,,,,,,,,,,0180  https://docs.google.com/spreadsheets/d/1JzW8TGU8qJlBAlyoMyDS1mkLTGoaLrsCzVtwQo-4JlU/edit?usp=sharing,"{/""worksheet/"": /""https://docs.google.com/spreadsheets/d/1JzW8TGU8qJlBAlyoMyDS1mkLTGoaLrsCzVtwQo-4JlU#gid=1570273558/"", /""directory/"": /""smb://storage/mediadb/DGingest/Migration-to-Alma/exports/faculty-scholarship/"", /""object/"": {/""pid/"": /""grinnell:26707/"", /""title/"": /""Data Analysis: An Adjunct to Mathematical Statistics at Oberlin College [002]/"", /""files/"": [/""grinnell_26707_MODS.xml/"", /""grinnell_26707_RELS-EXT.rdf/""]}}"
,,991011507136204641,991011507136204641,,Professor Conard in Amsterdam,,,grinnell:201; grinnell:201; http://hdl.handle.net/11084/201; alma:01GCL_INST/bibs/991011507136204641,http://hdl.handle.net/11084/201,,Grinnell College. Biology,Grinnell College. Biology,"International Botanical Congress (6th: 1935: Amsterdam, Holland)",,,,,,,,,,,,,,,,"Two newspaper articles about Henry S. Conard's visit to Amsterdam, one from July 9th, 1935 and one from September 3rd, 1935. On this visit, he presented his paper on the sociology of American plant life to the Sixth International Botanical Congress.",Grinnell College,Grinnell College,1935,1935,1935,,,newspaper,digitized other analog,,,,,,English,,Faculty Scholarship,Faculty Scholarship,Faculty Scholarship,,Amsterdam (Holland),,Nineteen thirties,"Copyright to this work is held by the author(s), in accordance with United States copyright law (USC 17). Readers of this work have certain rights as defined by the law, including but not limited to fair use (17 USC 107 et seq.).",,,,,,,,,,,,,,0116  https://docs.google.com/spreadsheets/d/1JzW8TGU8qJlBAlyoMyDS1mkLTGoaLrsCzVtwQo-4JlU/edit?usp=sharing,"{/""worksheet/"": /""https://docs.google.com/spreadsheets/d/1JzW8TGU8qJlBAlyoMyDS1mkLTGoaLrsCzVtwQo-4JlU#gid=1570273558/"", /""directory/"": /""smb://storage/mediadb/DGingest/Migration-to-Alma/exports/faculty-scholarship/"", /""object/"": {/""pid/"": /""grinnell:201/"", /""title/"": /""Professor Conard in Amsterdam/"", /""files/"": [/""grinnell_201_MODS.xml/"", /""grinnell_201_RELS-EXT.rdf/""]}}"
,,991011507136304641,991011507136304641,,"Conard, 97, Dies; Iowa Botanist",,,grinnell:199; grinnell:199; http://hdl.handle.net/11084/199; alma:01GCL_INST/bibs/991011507136304641,http://hdl.handle.net/11084/199,,Grinnell College. Biology,Grinnell College. Biology,Obituary,,,,,,,,,,,,,,,,Obituary for Henry S. Conard.,Grinnell College,Grinnell College,08-Oct-1971,1971,08-Oct-1971,,08-Oct-1971,image,reformatted digital,,,,,,English,,Faculty Scholarship,Faculty Scholarship,Faculty Scholarship,,Haines City (Florida),,20th century,"Copyright to this work is held by the author(s), in accordance with United States copyright law (USC 17). Readers of this work have certain rights as defined by the law, including but not limited to fair use (17 USC 107 et seq.).",,,,,,,,,,,,,,0115  https://docs.google.com/spreadsheets/d/1JzW8TGU8qJlBAlyoMyDS1mkLTGoaLrsCzVtwQo-4JlU/edit?usp=sharing,"{/""worksheet/"": /""https://docs.google.com/spreadsheets/d/1JzW8TGU8qJlBAlyoMyDS1mkLTGoaLrsCzVtwQo-4JlU#gid=1570273558/"", /""directory/"": /""smb://storage/mediadb/DGingest/Migration-to-Alma/exports/faculty-scholarship/"", /""object/"": {/""pid/"": /""grinnell:199/"", /""title/"": /""Conard, 97, Dies; Iowa Botanist/"", /""files/"": [/""grinnell_199_MODS.xml/"", /""grinnell_199_RELS-EXT.rdf/""]}}"
,,991011507136404641,991011507136404641,,Tricks of the Trade: Getting Going the First Day,Technical Report No. 94-003,,grinnell:26705; grinnell:26705; http://hdl.handle.net/11084/26705; alma:01GCL_INST/bibs/991011507136404641,http://hdl.handle.net/11084/26705,,"Lock, Robin H.","Moore, Thomas L., Ph. D. (Faculty/Staff); Grinnell College. Mathematics and Statistics",Statistics in the Liberal Arts Workshop (SLAW),,,,,,,,,,,,,Statistics in the Liberal Arts Workshop (SLAW) workshop held in the Summer of 1994 and supported by the Exxon Corporation,,,"What can we do the first day of class to give students a feel for what to expect in the course and generate some enthusiasm for learning and statistics? To investigate this question, a number of prominent statistics educators were recently asked /""What do you like to do in your first class of the semester/""? Their responses and experiences of the author are summarized in this paper to provide a collection of tips, stories, topics for generating discussion, and general advice for getting a course going in a positive direction.",Grinnell College,Grinnell College,1994,1994,1994,,,essays,digitized other analog,,,,,,English,,Faculty Scholarship,Faculty Scholarship,Faculty Scholarship,,,,,"Copyright to this work is held by the author(s), in accordance with United States copyright law (USC 17). Readers of this work have certain rights as defined by the law, including but not limited to fair use (17 USC 107 et seq.).",,,,,,,,,,,,,,0179  https://docs.google.com/spreadsheets/d/1JzW8TGU8qJlBAlyoMyDS1mkLTGoaLrsCzVtwQo-4JlU/edit?usp=sharing,"{/""worksheet/"": /""https://docs.google.com/spreadsheets/d/1JzW8TGU8qJlBAlyoMyDS1mkLTGoaLrsCzVtwQo-4JlU#gid=1570273558/"", /""directory/"": /""smb://storage/mediadb/DGingest/Migration-to-Alma/exports/faculty-scholarship/"", /""object/"": {/""pid/"": /""grinnell:26705/"", /""title/"": /""Tricks of the Trade: Getting Going the First Day/"", /""files/"": [/""grinnell_26705_MODS.xml/"", /""grinnell_26705_RELS-EXT.rdf/""]}}"
,,991011507136504641,991011507136504641,,Books by Henry S. Conard,,,grinnell:197; grinnell:197; http://hdl.handle.net/11084/197; alma:01GCL_INST/bibs/991011507136504641,http://hdl.handle.net/11084/197,,Grinnell College. Biology,Grinnell College. Biology,Bibliography,,,,,,,,,,,,,,,,"A bibliography with books by Henry Conard, based on books held in the Grinnell College Archives as of 1980.",Grinnell College,Grinnell College,1980,1980,1980,,,image,reformatted digital,,,,,,English,,Faculty Scholarship,Faculty Scholarship,Faculty Scholarship,,,,20th century,"Copyright to this work is held by the author(s), in accordance with United States copyright law (USC 17). Readers of this work have certain rights as defined by the law, including but not limited to fair use (17 USC 107 et seq.).",,,,,,,,,,,,,,0114  https://docs.google.com/spreadsheets/d/1JzW8TGU8qJlBAlyoMyDS1mkLTGoaLrsCzVtwQo-4JlU/edit?usp=sharing,"{/""worksheet/"": /""https://docs.google.com/spreadsheets/d/1JzW8TGU8qJlBAlyoMyDS1mkLTGoaLrsCzVtwQo-4JlU#gid=1570273558/"", /""directory/"": /""smb://storage/mediadb/DGingest/Migration-to-Alma/exports/faculty-scholarship/"", /""object/"": {/""pid/"": /""grinnell:197/"", /""title/"": /""Books by Henry S. Conard/"", /""files/"": [/""grinnell_197_MODS.xml/"", /""grinnell_197_RELS-EXT.rdf/""]}}"
,,991011507136604641,991011507136604641,,Science Education and Quantitative Literacy,Technical Report No. 94-002,,grinnell:26704; grinnell:26704; http://hdl.handle.net/11084/26704; alma:01GCL_INST/bibs/991011507136604641,http://hdl.handle.net/11084/26704,,"Witmer, Jeffrey","Moore, Thomas L., Ph. D. (Faculty/Staff); Grinnell College. Mathematics and Statistics",Statistics in the Liberal Arts Workshop (SLAW),,,,,,,,,,,,,Statistics in the Liberal Arts Workshop (SLAW) workshop held in the Summer of 1994 and supported by the Exxon Corporation,,,Science Education and Quantitative Literacy,Grinnell College,Grinnell College,1994,1994,1994,,,essays,digitized other analog,,,,,,English,,Faculty Scholarship,Faculty Scholarship,Faculty Scholarship,,,,,"Copyright to this work is held by the author(s), in accordance with United States copyright law (USC 17). Readers of this work have certain rights as defined by the law, including but not limited to fair use (17 USC 107 et seq.).",,,,,,,,,,,,,,0178  https://docs.google.com/spreadsheets/d/1JzW8TGU8qJlBAlyoMyDS1mkLTGoaLrsCzVtwQo-4JlU/edit?usp=sharing,"{/""worksheet/"": /""https://docs.google.com/spreadsheets/d/1JzW8TGU8qJlBAlyoMyDS1mkLTGoaLrsCzVtwQo-4JlU#gid=1570273558/"", /""directory/"": /""smb://storage/mediadb/DGingest/Migration-to-Alma/exports/faculty-scholarship/"", /""object/"": {/""pid/"": /""grinnell:26704/"", /""title/"": /""Science Education and Quantitative Literacy/"", /""files/"": [/""grinnell_26704_MODS.xml/"", /""grinnell_26704_RELS-EXT.rdf/""]}}"
,,991011507136704641,991011507136704641,,The Course of Events,"Henry S. Conard's, The Course of Events",,grinnell:196; grinnell:196; http://hdl.handle.net/11084/196; alma:01GCL_INST/bibs/991011507136704641,http://hdl.handle.net/11084/196,,"Conard, Henry Shoemaker, 1874-1971 (Faculty/Staff)",Grinnell College. Biology,"Conard's, The Course of Events",,,,,,,,,,,,,,,,"This document details major events throughout Henry Conard's life, from his birth in 1874 until 1968, three years before his death. It also includes a list of honors and society memberships.",Grinnell College,Grinnell College,[1968],1968,[1968],,[1968],essays,reformatted digital,,,,,,English,,Faculty Scholarship,Faculty Scholarship,Faculty Scholarship,,Grinnell (Iowa),,1874; 1968,"Copyright to this work is held by the author(s), in accordance with United States copyright law (USC 17). Readers of this work have certain rights as defined by the law, including but not limited to fair use (17 USC 107 et seq.).",,,,,,,,,,,,,,0113  https://docs.google.com/spreadsheets/d/1JzW8TGU8qJlBAlyoMyDS1mkLTGoaLrsCzVtwQo-4JlU/edit?usp=sharing,"{/""worksheet/"": /""https://docs.google.com/spreadsheets/d/1JzW8TGU8qJlBAlyoMyDS1mkLTGoaLrsCzVtwQo-4JlU#gid=1570273558/"", /""directory/"": /""smb://storage/mediadb/DGingest/Migration-to-Alma/exports/faculty-scholarship/"", /""object/"": {/""pid/"": /""grinnell:196/"", /""title/"": /""The Course of Events/"", /""files/"": [/""grinnell_196_MODS.xml/"", /""grinnell_196_RELS-EXT.rdf/""]}}"
,,991011507136804641,991011507136804641,,My First Days' Lectures: Past and Present,Technical Report No. 94-001,,grinnell:26703; grinnell:26703; http://hdl.handle.net/11084/26703; alma:01GCL_INST/bibs/991011507136804641,http://hdl.handle.net/11084/26703,,"Bentley, Donald L.","Moore, Thomas L., Ph. D. (Faculty/Staff); Grinnell College. Mathematics and Statistics",Statistics in the Liberal Arts Workshop (SLAW),,,,,,,,,,,,,Statistics in the Liberal Arts Workshop (SLAW) workshop held in the Summer of 1991 and supported by the Exxon Corporation,,,My First Days' Lectures: Past and Present,Grinnell College,Grinnell College,1991,1991,1991,,,essays,digitized other analog,,,,,,English,,Faculty Scholarship,Faculty Scholarship,Faculty Scholarship,,,,,"Copyright to this work is held by the author(s), in accordance with United States copyright law (USC 17). Readers of this work have certain rights as defined by the law, including but not limited to fair use (17 USC 107 et seq.).",,,,,,,,,,,,,,0177  https://docs.google.com/spreadsheets/d/1JzW8TGU8qJlBAlyoMyDS1mkLTGoaLrsCzVtwQo-4JlU/edit?usp=sharing,"{/""worksheet/"": /""https://docs.google.com/spreadsheets/d/1JzW8TGU8qJlBAlyoMyDS1mkLTGoaLrsCzVtwQo-4JlU#gid=1570273558/"", /""directory/"": /""smb://storage/mediadb/DGingest/Migration-to-Alma/exports/faculty-scholarship/"", /""object/"": {/""pid/"": /""grinnell:26703/"", /""title/"": /""My First Days' Lectures: Past and Present/"", /""files/"": [/""grinnell_26703_MODS.xml/"", /""grinnell_26703_RELS-EXT.rdf/""]}}"
,,991011507136904641,991011507136904641,,Mathematics and Statistics: An Uneasy Marriage,Technical Report No. 91-010,,grinnell:26702; grinnell:26702; http://hdl.handle.net/11084/26702; alma:01GCL_INST/bibs/991011507136904641,http://hdl.handle.net/11084/26702,,"Iversen, Gudmund R.","Moore, Thomas L., Ph. D. (Faculty/Staff); Grinnell College. Mathematics and Statistics",Statistics in the Liberal Arts Workshop (SLAW),,,,,,,,,,,,,Statistics in the Liberal Arts Workshop (SLAW) workshop held in the Summer of 1991 and supported by the Exxon Corporation,,,Mathematics and Statistics: An Uneasy Marriage,Grinnell College,Grinnell College,1991,1991,1991,,,essays,digitized other analog,,,,,,English,,Faculty Scholarship,Faculty Scholarship,Faculty Scholarship,,,,,"Copyright to this work is held by the author(s), in accordance with United States copyright law (USC 17). Readers of this work have certain rights as defined by the law, including but not limited to fair use (17 USC 107 et seq.).",,,,,,,,,,,,,,0176  https://docs.google.com/spreadsheets/d/1JzW8TGU8qJlBAlyoMyDS1mkLTGoaLrsCzVtwQo-4JlU/edit?usp=sharing,"{/""worksheet/"": /""https://docs.google.com/spreadsheets/d/1JzW8TGU8qJlBAlyoMyDS1mkLTGoaLrsCzVtwQo-4JlU#gid=1570273558/"", /""directory/"": /""smb://storage/mediadb/DGingest/Migration-to-Alma/exports/faculty-scholarship/"", /""object/"": {/""pid/"": /""grinnell:26702/"", /""title/"": /""Mathematics and Statistics: An Uneasy Marriage/"", /""files/"": [/""grinnell_26702_MODS.xml/"", /""grinnell_26702_RELS-EXT.rdf/""]}}"
,,991011507137004641,991011507137004641,,Extending the Conversation: The Liberal Arts Scholarly Repository (LASR),,,grinnell:19511; grinnell:19511; http://hdl.handle.net/11084/19511; alma:01GCL_INST/bibs/991011507137004641,http://hdl.handle.net/11084/19511,,"Demas, Sam; Knight, R. Cecilia (Faculty/Staff); Paulus, Michael J., Jr.",Carleton College.; Grinnell College.; Whitman College.,"Liberal Arts Scholarly Repository (LASR), Extending the Conversation",,,,,,,,,,,,,"Presentation describing the philosophy and structure of the Liberal Arts Scholarly Repository which was a collaborative effort of Bucknell University, Carleton College, Grinnell College, St. Lawrence University, Trinity University, University of Richmond, and Whitman College to created a repository that included works by students and faculty at undergraduate institutions.",,,"A presentation given at ACRL, 2009 in Seattle, Washington about the collaborative repository created by Bucknell University, Carleton College, Grinnell College, St. Lawrence University, Trinity University, University of Richmond, and Whitman College.",Grinnell College,Grinnell College,01-Mar-2009,2009,01-Mar-2009,,,essays,reformatted digital,,,,,,English,,Faculty Scholarship,Faculty Scholarship,Faculty Scholarship,,Grinnell (Iowa),,21st century,"Copyright to this work is held by the author(s), in accordance with United States copyright law (USC 17). Readers of this work have certain rights as defined by the law, including but not limited to fair use (17 USC 107 et seq.).",,,,,,,,,,,,,,0112  https://docs.google.com/spreadsheets/d/1JzW8TGU8qJlBAlyoMyDS1mkLTGoaLrsCzVtwQo-4JlU/edit?usp=sharing,"{/""worksheet/"": /""https://docs.google.com/spreadsheets/d/1JzW8TGU8qJlBAlyoMyDS1mkLTGoaLrsCzVtwQo-4JlU#gid=1570273558/"", /""directory/"": /""smb://storage/mediadb/DGingest/Migration-to-Alma/exports/faculty-scholarship/"", /""object/"": {/""pid/"": /""grinnell:19511/"", /""title/"": /""Extending the Conversation: The Liberal Arts Scholarly Repository (LASR)/"", /""files/"": [/""grinnell_19511_MODS.xml/"", /""grinnell_19511_RELS-EXT.rdf/""]}}"
,,991011507137104641,991011507137104641,,Revisiting Fisher's Tea Tasting Lady,Technical Report No. 91-009,,grinnell:26701; grinnell:26701; http://hdl.handle.net/11084/26701; alma:01GCL_INST/bibs/991011507137104641,http://hdl.handle.net/11084/26701,,"Bentley, Donald L.","Moore, Thomas L., Ph. D. (Faculty/Staff); Grinnell College. Mathematics and Statistics",Statistics in the Liberal Arts Workshop (SLAW),,,,,,,,,,,,,Statistics in the Liberal Arts Workshop (SLAW) workshop held in the Summer of 1991 and supported by the Exxon Corporation,,,Revisiting Fisher's Tea Tasting Lady,Grinnell College,Grinnell College,1991,1991,1991,,,essays,digitized other analog,,,,,,English,,Faculty Scholarship,Faculty Scholarship,Faculty Scholarship,,,,,"Copyright to this work is held by the author(s), in accordance with United States copyright law (USC 17). Readers of this work have certain rights as defined by the law, including but not limited to fair use (17 USC 107 et seq.).",,,,,,,,,,,,,,0175  https://docs.google.com/spreadsheets/d/1JzW8TGU8qJlBAlyoMyDS1mkLTGoaLrsCzVtwQo-4JlU/edit?usp=sharing,"{/""worksheet/"": /""https://docs.google.com/spreadsheets/d/1JzW8TGU8qJlBAlyoMyDS1mkLTGoaLrsCzVtwQo-4JlU#gid=1570273558/"", /""directory/"": /""smb://storage/mediadb/DGingest/Migration-to-Alma/exports/faculty-scholarship/"", /""object/"": {/""pid/"": /""grinnell:26701/"", /""title/"": /""Revisiting Fisher's Tea Tasting Lady/"", /""files/"": [/""grinnell_26701_MODS.xml/"", /""grinnell_26701_RELS-EXT.rdf/""]}}"
,,991011507137204641,991011507137204641,,"Were You There - Roland Hayes (1940), essay",,,grinnell:19506; grinnell:19506; http://hdl.handle.net/11084/19506; alma:01GCL_INST/bibs/991011507137204641,http://hdl.handle.net/11084/19506,,"Jones, Randye L.  (Faculty/Staff)",Library of Congress; National Recording Preservation Board (U.S.); Grinnell College. Libraries,Were You There,,,,,,,,,,,,,This essay and others are available on the National Recording Preservation Board website at https://www.loc.gov/programs/national-recording-preservation-board/recording-registry/index-of-essays/,,,"Essay about tenor Roland Hayes (1887-1977) and the negro spiritual /""Were You There/"" published in 1940 on Columbia Masterworks.",Grinnell College,Grinnell College,2013,2013,2013,,,essays,reformatted digital,,,,,,English,,Faculty Scholarship,Faculty Scholarship,Faculty Scholarship,,United States.,,Nineteen forties.,"Copyright to this work is held by the author(s), in accordance with United States copyright law (USC 17). Readers of this work have certain rights as defined by the law, including but not limited to fair use (17 USC 107 et seq.).",,,,,,,,,,,,,,0111  https://docs.google.com/spreadsheets/d/1JzW8TGU8qJlBAlyoMyDS1mkLTGoaLrsCzVtwQo-4JlU/edit?usp=sharing,"{/""worksheet/"": /""https://docs.google.com/spreadsheets/d/1JzW8TGU8qJlBAlyoMyDS1mkLTGoaLrsCzVtwQo-4JlU#gid=1570273558/"", /""directory/"": /""smb://storage/mediadb/DGingest/Migration-to-Alma/exports/faculty-scholarship/"", /""object/"": {/""pid/"": /""grinnell:19506/"", /""title/"": /""Were You There - Roland Hayes (1940), essay/"", /""files/"": [/""grinnell_19506_MODS.xml/"", /""grinnell_19506_RELS-EXT.rdf/""]}}"
,,991011507137304641,991011507137304641,,Low-Tech Ideas for Teaching Statistics,Technical Report No. 91-008,,grinnell:26700; grinnell:26700; http://hdl.handle.net/11084/26700; alma:01GCL_INST/bibs/991011507137304641,http://hdl.handle.net/11084/26700,,"Lock, Robin H.; Moore, Thomas L., Ph. D. (Faculty/Staff)",Grinnell College. Mathematics and Statistics,Statistics in the Liberal Arts Workshop (SLAW),,,,,,,,,,,,,Statistics in the Liberal Arts Workshop (SLAW) workshop held in the Summer of 1991 and supported by the Exxon Corporation,,,Low-Tech Ideas for Teaching Statistics,Grinnell College,Grinnell College,1991,1991,1991,,,essays,digitized other analog,,,,,,English,,Faculty Scholarship,Faculty Scholarship,Faculty Scholarship,,,,,"Copyright to this work is held by the author(s), in accordance with United States copyright law (USC 17). Readers of this work have certain rights as defined by the law, including but not limited to fair use (17 USC 107 et seq.).",,,,,,,,,,,,,,0174  https://docs.google.com/spreadsheets/d/1JzW8TGU8qJlBAlyoMyDS1mkLTGoaLrsCzVtwQo-4JlU/edit?usp=sharing,"{/""worksheet/"": /""https://docs.google.com/spreadsheets/d/1JzW8TGU8qJlBAlyoMyDS1mkLTGoaLrsCzVtwQo-4JlU#gid=1570273558/"", /""directory/"": /""smb://storage/mediadb/DGingest/Migration-to-Alma/exports/faculty-scholarship/"", /""object/"": {/""pid/"": /""grinnell:26700/"", /""title/"": /""Low-Tech Ideas for Teaching Statistics/"", /""files/"": [/""grinnell_26700_MODS.xml/"", /""grinnell_26700_RELS-EXT.rdf/""]}}"
,,991011507137404641,991011507137404641,,Setting a Course: Using Google Forms for Navigating Metadata for Digital Projects.,,,grinnell:18460; grinnell:18460; http://hdl.handle.net/11084/18460; alma:01GCL_INST/bibs/991011507137404641,http://hdl.handle.net/11084/18460,,"Rodrigues, Elizabeth (Faculty/Staff); Knight, R. Cecilia (Faculty/Staff) ); Ciota, Rebecca (Faculty/Staff)",Grinnell College. Libraries,Digital scholarship,,,,,,,,,,,,,,,"Rodrigues, E., Knight, R.C., &amp; Ciota, R. (2017, March.) Setting a Course: Using Google Forms for Navigating Metadata for Digital Projects. Poster presented at the Association of College and Research Libraries 2017, Baltimore, MD.",Working with faculty and staff to create digital projects requires a complex group of skills and activities. Potential collaborators often jump to the end vision without fully grasping the need for proper description &amp; metadata. Using Google Forms &amp; Sheets is perceived as neutral and less frightening than working in a repository platform or using other proprietary productivity software.,Grinnell College,Grinnell College,2017,2017,2017,,,poster,born digital,,,,,,English,,Faculty Scholarship,Faculty Scholarship,Faculty Scholarship,,Grinnell (Iowa),,Twenty tens.,"Copyright to this work is held by the author(s), in accordance with United States copyright law (USC 17). Readers of this work have certain rights as defined by the law, including but not limited to fair use (17 USC 107 et seq.).",,,,,,,,,,,,,,0096  https://docs.google.com/spreadsheets/d/1JzW8TGU8qJlBAlyoMyDS1mkLTGoaLrsCzVtwQo-4JlU/edit?usp=sharing,"{/""worksheet/"": /""https://docs.google.com/spreadsheets/d/1JzW8TGU8qJlBAlyoMyDS1mkLTGoaLrsCzVtwQo-4JlU#gid=1570273558/"", /""directory/"": /""smb://storage/mediadb/DGingest/Migration-to-Alma/exports/faculty-scholarship/"", /""object/"": {/""pid/"": /""grinnell:18460/"", /""title/"": /""Setting a Course: Using Google Forms for Navigating Metadata for Digital Projects./"", /""files/"": [/""grinnell_18460_MODS.xml/"", /""grinnell_18460_RELS-EXT.rdf/""]}}"
,,991011507137504641,991011507137504641,,Statistics within Departments of Mathematics at Liberal Arts Colleges,Technical Report No. 91-007,,grinnell:26699; grinnell:26699; http://hdl.handle.net/11084/26699; alma:01GCL_INST/bibs/991011507137504641,http://hdl.handle.net/11084/26699,,"Moore, Thomas L., Ph. D. (Faculty/Staff); and Witmer, Jeffrey",Grinnell College. Mathematics and Statistics,Statistics in the Liberal Arts Workshop (SLAW),,,,,,,,,,,,,Statistics in the Liberal Arts Workshop (SLAW) workshop held in the Summer of 1991 and supported by the Exxon Corporation,,,"Article published in The American Mathematical Monthly, Volume 98, Number 5.",Grinnell College,Grinnell College,01-May-1991,1991,01-May-1991,,,essays,digitized other analog,,,,,,English,,Faculty Scholarship,Faculty Scholarship,Faculty Scholarship,,,,,"Copyright to this work is held by the author(s), in accordance with United States copyright law (USC 17). Readers of this work have certain rights as defined by the law, including but not limited to fair use (17 USC 107 et seq.).",,,,,,,,,,,,,,0173  https://docs.google.com/spreadsheets/d/1JzW8TGU8qJlBAlyoMyDS1mkLTGoaLrsCzVtwQo-4JlU/edit?usp=sharing,"{/""worksheet/"": /""https://docs.google.com/spreadsheets/d/1JzW8TGU8qJlBAlyoMyDS1mkLTGoaLrsCzVtwQo-4JlU#gid=1570273558/"", /""directory/"": /""smb://storage/mediadb/DGingest/Migration-to-Alma/exports/faculty-scholarship/"", /""object/"": {/""pid/"": /""grinnell:26699/"", /""title/"": /""Statistics within Departments of Mathematics at Liberal Arts Colleges/"", /""files/"": [/""grinnell_26699_MODS.xml/"", /""grinnell_26699_RELS-EXT.rdf/""]}}"
,,991011507137604641,991011507137604641,,The Library Graduate Assistantship: A Crucial Supplement to an LIS Education.,,,grinnell:18242; grinnell:18242; http://hdl.handle.net/11084/18242; alma:01GCL_INST/bibs/991011507137604641,http://hdl.handle.net/11084/18242,,"Ciota, Rebecca  (Faculty/Staff)",Grinell College. Libraries; Association for Library and Information Science Education Annual Conference (2017),LIS education,,,,,,,,,,,,,,,,"While undertaking their graduate studies, many library and information science (LIS) students seek pre-professional graduate assistantships. These assistantships can serve as excellent opportunities to complement student's education and influence their future careers by providing them with relevant on-the-job education and skills. Graduate assistantships are a crucial to LIS education in helping new LIS professionals develop skills and experiences needed to attain gainful, professional employment.",Grinnell College,Grinnell College,18-Jan-2017,2017,18-Jan-2017,,,poster,born digital,,,,,,English,,Faculty Scholarship,Faculty Scholarship,Faculty Scholarship,,United States.,,Two thousand tens,"Copyright to this work is held by the author(s), in accordance with United States copyright law (USC 17). Readers of this work have certain rights as defined by the law, including but not limited to fair use (17 USC 107 et seq.).",,,,,,,,,,,,,,0095  https://docs.google.com/spreadsheets/d/1JzW8TGU8qJlBAlyoMyDS1mkLTGoaLrsCzVtwQo-4JlU/edit?usp=sharing,"{/""worksheet/"": /""https://docs.google.com/spreadsheets/d/1JzW8TGU8qJlBAlyoMyDS1mkLTGoaLrsCzVtwQo-4JlU#gid=1570273558/"", /""directory/"": /""smb://storage/mediadb/DGingest/Migration-to-Alma/exports/faculty-scholarship/"", /""object/"": {/""pid/"": /""grinnell:18242/"", /""title/"": /""The Library Graduate Assistantship: A Crucial Supplement to an LIS Education./"", /""files/"": [/""grinnell_18242_MODS.xml/"", /""grinnell_18242_RELS-EXT.rdf/""]}}"
,,991011507137704641,991011507137704641,,Recruiting and Training Undergraduates Through Statistical Consulting,Technical Report No. 91-006,,grinnell:26698; grinnell:26698; http://hdl.handle.net/11084/26698; alma:01GCL_INST/bibs/991011507137704641,http://hdl.handle.net/11084/26698,,"Bentley, Donald L.","Moore, Thomas L., Ph. D. (Faculty/Staff); Grinnell College. Mathematics and Statistics",Statistics in the Liberal Arts Workshop (SLAW),,,,,,,,,,,,,Statistics in the Liberal Arts Workshop (SLAW) workshop held in the Summer of 1991 and supported by the Exxon Corporation,,,No abstract was provided for this paper.,Grinnell College,Grinnell College,1991,1991,1991,,,essays,digitized other analog,,,,,,English,,Faculty Scholarship,Faculty Scholarship,Faculty Scholarship,,,,,"Copyright to this work is held by the author(s), in accordance with United States copyright law (USC 17). Readers of this work have certain rights as defined by the law, including but not limited to fair use (17 USC 107 et seq.).",,,,,,,,,,,,,,0172  https://docs.google.com/spreadsheets/d/1JzW8TGU8qJlBAlyoMyDS1mkLTGoaLrsCzVtwQo-4JlU/edit?usp=sharing,"{/""worksheet/"": /""https://docs.google.com/spreadsheets/d/1JzW8TGU8qJlBAlyoMyDS1mkLTGoaLrsCzVtwQo-4JlU#gid=1570273558/"", /""directory/"": /""smb://storage/mediadb/DGingest/Migration-to-Alma/exports/faculty-scholarship/"", /""object/"": {/""pid/"": /""grinnell:26698/"", /""title/"": /""Recruiting and Training Undergraduates Through Statistical Consulting/"", /""files/"": [/""grinnell_26698_MODS.xml/"", /""grinnell_26698_RELS-EXT.rdf/""]}}"
,,991011507137804641,991011507137804641,,"Northern Designs: British Science, Imperialism, and Improvement at the Dawn of the Anthropocene",,,grinnell:17947; grinnell:17947; http://hdl.handle.net/11084/17947; alma:01GCL_INST/bibs/991011507137804641,http://hdl.handle.net/11084/17947,,"Guenther, Michael B. (Faculty/Staff)",Grinnell College. History,British empire,,,,,,,,,,,,,,,"Michael Guenther, /""Northern Designs: British Science, Imperialism, and Improvement at the Dawn of the Anthropocene,/"" Studies in Eighteenth-Century Culture, vol. 46 (2017), pp. 123-145.","This essay explores the eighteenth-century campaigns in Britain to develop a new kind of imperial economy in the northern reaches of the Atlantic world that would focus less on settler colonies and agriculture, and more on the extraction of minerals, metals, and energy to fuel the burgeoning industrial sectors of England. These efforts reveal how new visions of enlightened progress emerged in the 18th and 19th century that imagined a world filled with endless natural resources capable of being tapped by those with the scientific and administrative know-how to do so.",Grinnell College,Grinnell College,15-Nov-2016,2016,15-Nov-2016,,,essays,born digital,,,,,,English,,Faculty Scholarship,Faculty Scholarship,Faculty Scholarship,,Great Britain.; Canada.,,Eighteenth century.,"Copyright to this work is held by the author(s), in accordance with United States copyright law (USC 17). Readers of this work have certain rights as defined by the law, including but not limited to fair use (17 USC 107 et seq.).",,,,,,,,,,,,,,0094  https://docs.google.com/spreadsheets/d/1JzW8TGU8qJlBAlyoMyDS1mkLTGoaLrsCzVtwQo-4JlU/edit?usp=sharing,"{/""worksheet/"": /""https://docs.google.com/spreadsheets/d/1JzW8TGU8qJlBAlyoMyDS1mkLTGoaLrsCzVtwQo-4JlU#gid=1570273558/"", /""directory/"": /""smb://storage/mediadb/DGingest/Migration-to-Alma/exports/faculty-scholarship/"", /""object/"": {/""pid/"": /""grinnell:17947/"", /""title/"": /""Northern Designs: British Science, Imperialism, and Improvement at the Dawn of the Anthropocene/"", /""files/"": [/""grinnell_17947_MODS.xml/"", /""grinnell_17947_RELS-EXT.rdf/""]}}"
,,991011507137904641,991011507137904641,,Writing Papers in a Statistics Course,Technical Report No. 91-005,,grinnell:26697; grinnell:26697; http://hdl.handle.net/11084/26697; alma:01GCL_INST/bibs/991011507137904641,http://hdl.handle.net/11084/26697,,"Iversen, Gudmund R.","Moore, Thomas L., Ph. D. (Faculty/Staff); Grinnell College. Mathematics and Statistics",Technical Report No. 91-005,,,,,,,,,,,,,Statistics in the Liberal Arts Workshop (SLAW) workshop held in the Summer of 1991 and supported by the Exxon Corporation,,,"There is an increased emphasis on writing in today's undergraduate curriculum, and papers can play an important role in an introductory statistics course. With the existence of good interactive statistical software it is possible to move the classic introductory statistics course away from the study of formulas to the study of statistical thinking and the role of statistics in society. In such a new course students get an increased understanding of statistical ideas by writing papers across a wide range of topics; actual topics having ranged from a comparison of statistics and religion to a study of the relationship between time of first class in the morning and the distance from the bed to the alarm clock.",Grinnell College,Grinnell College,19-Aug-1991,1991,19-Aug-1991,,,essays,digitized other analog,,,,,,English,,Faculty Scholarship,Faculty Scholarship,Faculty Scholarship,,,,,"Copyright to this work is held by the author(s), in accordance with United States copyright law (USC 17). Readers of this work have certain rights as defined by the law, including but not limited to fair use (17 USC 107 et seq.).",,,,,,,,,,,,,,0171  https://docs.google.com/spreadsheets/d/1JzW8TGU8qJlBAlyoMyDS1mkLTGoaLrsCzVtwQo-4JlU/edit?usp=sharing,"{/""worksheet/"": /""https://docs.google.com/spreadsheets/d/1JzW8TGU8qJlBAlyoMyDS1mkLTGoaLrsCzVtwQo-4JlU#gid=1570273558/"", /""directory/"": /""smb://storage/mediadb/DGingest/Migration-to-Alma/exports/faculty-scholarship/"", /""object/"": {/""pid/"": /""grinnell:26697/"", /""title/"": /""Writing Papers in a Statistics Course/"", /""files/"": [/""grinnell_26697_MODS.xml/"", /""grinnell_26697_RELS-EXT.rdf/""]}}"
,,991011507138004641,991011507138004641,,Tapping natureG??s bounty: science and sugar maples in the age of improvement,,,grinnell:17946; grinnell:17946; http://hdl.handle.net/11084/17946; alma:01GCL_INST/bibs/991011507138004641,http://hdl.handle.net/11084/17946,,"Guenther, Michael B. (Faculty/Staff)",Grinnell College. History,Forests and forestry,,,,,,,,,,,,,,,"Michael Guenther, /""Tapping nature's bounty: science and sugar maples in the age of improvement,/"" in Invaluable Trees: Cultures of Nature, 1660-1830, ed. Laura Auricchio, Elizabeth Heckendorn Cook, and Giulia Pacini (Oxford: Voltaire Foundation &amp; Oxford University Press, 2012), 135-149.","This piece analyzes the eighteenth-century campaigns to develop a maple sugar industry in North America as a way of undercutting slavery and the sugar-plantation complex of the Caribbean. It is part of a larger collection that examines how trees became woven into the cultural, economic, and political fabric of life in the eighteenth century, and uses the case of the sugar maple to explore the intersections between nature, enlightenment science, and new ambitions for societal reform.",Grinnell College,Grinnell College,16-Nov-2016,2016,16-Nov-2016,,,essays,born digital,,,,,,English,,Faculty Scholarship,Faculty Scholarship,Faculty Scholarship,,United States.,,Eighteenth century,"Copyright to this work is held by the author(s), in accordance with United States copyright law (USC 17). Readers of this work have certain rights as defined by the law, including but not limited to fair use (17 USC 107 et seq.).",,,,,,,,,,,,,,0093  https://docs.google.com/spreadsheets/d/1JzW8TGU8qJlBAlyoMyDS1mkLTGoaLrsCzVtwQo-4JlU/edit?usp=sharing,"{/""worksheet/"": /""https://docs.google.com/spreadsheets/d/1JzW8TGU8qJlBAlyoMyDS1mkLTGoaLrsCzVtwQo-4JlU#gid=1570273558/"", /""directory/"": /""smb://storage/mediadb/DGingest/Migration-to-Alma/exports/faculty-scholarship/"", /""object/"": {/""pid/"": /""grinnell:17946/"", /""title/"": /""Tapping natureG??s bounty: science and sugar maples in the age of improvement/"", /""files/"": [/""grinnell_17946_MODS.xml/"", /""grinnell_17946_RELS-EXT.rdf/""]}}"
,,991011507138104641,991011507138104641,parent: grinnell:170,The Life of a Library Text: Grinnell College's Black Library,,,grinnell:170; grinnell:170; http://hdl.handle.net/11084/170; alma:01GCL_INST/bibs/991011507138104641,http://hdl.handle.net/11084/170,The Life of a Library Text: Grinnell College's Black Library (compound); Presentation (essays); Streaming server URL (essays); Takeover Dance 1 (video); Takeover Dance 2 (video),"Jones, Phillip Wiley (Faculty/Staff); Stuhr, Rebecca (Faculty/Staff); Rod, Catherine (Faculty/Staff)",Grinnell College. Libraries,Libraries,,,,,,,,,,,,,,,,"The Grinnell College Libraries, Black Library was created in response to a series of events and requests in the early 1970s. A celebrarion of the 30 year anniversary of the Black Library was held in 2010",Grinnell College,Grinnell College,10-Sep-2010,2010,10-Sep-2010,,10-Sep-2010,compound,born digital,,,,,,English,,Liberal Arts Scholarly Repository,Liberal Arts Scholarly Repository,Liberal Arts Scholarly Repository,,Grinnell (Iowa),,20th Century; 1970; 2010,"Copyright to this work is held by the author(s), in accordance with United States copyright law (USC 17). Readers of this work have certain rights as defined by the law, including but not limited to fair use (17 USC 107 et seq.).",,,,,,,,,,,,,,0092  https://docs.google.com/spreadsheets/d/1JzW8TGU8qJlBAlyoMyDS1mkLTGoaLrsCzVtwQo-4JlU/edit?usp=sharing,"{/""worksheet/"": /""https://docs.google.com/spreadsheets/d/1JzW8TGU8qJlBAlyoMyDS1mkLTGoaLrsCzVtwQo-4JlU#gid=1570273558/"", /""directory/"": /""smb://storage/mediadb/DGingest/Migration-to-Alma/exports/faculty-scholarship/"", /""children/"": [{/""pid/"": /""grinnell:10395/"", /""title/"": /""Presentation/"", /""files/"": [/""grinnell_10395_MODS.xml/"", /""grinnell_10395_RELS-EXT.rdf/""]}, {/""pid/"": /""grinnell:10396/"", /""title/"": /""Streaming server URL/"", /""files/"": [/""grinnell_10396_MODS.xml/"", /""grinnell_10396_RELS-EXT.rdf/""]}, {/""pid/"": /""grinnell:10397/"", /""title/"": /""Takeover Dance 1/"", /""files/"": [/""grinnell_10397_MODS.xml/"", /""grinnell_10397_RELS-EXT.rdf/""]}, {/""pid/"": /""grinnell:10398/"", /""title/"": /""Takeover Dance 2/"", /""files/"": [/""grinnell_10398_MODS.xml/"", /""grinnell_10398_RELS-EXT.rdf/""]}], /""paren/"": {/""pid/"": /""grinnell:170/"", /""title/"": /""The Life of a Library Text: Grinnell College's Black Library/"", /""files/"": [/""grinnell_170_MODS.xml/"", /""grinnell_170_RELS-EXT.rdf/""]}}"
,,991011507138104641,991011507138104641,parent: grinnell:170,The Life of a Library Text: Grinnell College's Black Library,,,grinnell:170; grinnell:170; http://hdl.handle.net/11084/170; alma:01GCL_INST/bibs/991011507138104641,http://hdl.handle.net/11084/170,The Life of a Library Text: Grinnell College's Black Library (compound); Presentation (essays); Streaming server URL (essays); Takeover Dance 1 (video); Takeover Dance 2 (video),"Jones, Phillip Wiley (Faculty/Staff); Stuhr, Rebecca (Faculty/Staff); Rod, Catherine (Faculty/Staff)",Grinnell College. Libraries,Libraries,,,,,,,,,,,,,,,,"The Grinnell College Libraries, Black Library was created in response to a series of events and requests in the early 1970s. A celebrarion of the 30 year anniversary of the Black Library was held in 2010",Grinnell College,Grinnell College,10-Sep-2010,2010,10-Sep-2010,,10-Sep-2010,compound,born digital,,,,,,English,,Liberal Arts Scholarly Repository,Liberal Arts Scholarly Repository,Liberal Arts Scholarly Repository,,Grinnell (Iowa),,20th Century; 1970; 2010,"Copyright to this work is held by the author(s), in accordance with United States copyright law (USC 17). Readers of this work have certain rights as defined by the law, including but not limited to fair use (17 USC 107 et seq.).",,,,,,,,,,,,,,0092  https://docs.google.com/spreadsheets/d/1JzW8TGU8qJlBAlyoMyDS1mkLTGoaLrsCzVtwQo-4JlU/edit?usp=sharing,"{/""worksheet/"": /""https://docs.google.com/spreadsheets/d/1JzW8TGU8qJlBAlyoMyDS1mkLTGoaLrsCzVtwQo-4JlU#gid=1570273558/"", /""directory/"": /""smb://storage/mediadb/DGingest/Migration-to-Alma/exports/faculty-scholarship/"", /""children/"": [{/""pid/"": /""grinnell:10395/"", /""title/"": /""Presentation/"", /""files/"": [/""grinnell_10395_MODS.xml/"", /""grinnell_10395_RELS-EXT.rdf/""]}, {/""pid/"": /""grinnell:10396/"", /""title/"": /""Streaming server URL/"", /""files/"": [/""grinnell_10396_MODS.xml/"", /""grinnell_10396_RELS-EXT.rdf/""]}, {/""pid/"": /""grinnell:10397/"", /""title/"": /""Takeover Dance 1/"", /""files/"": [/""grinnell_10397_MODS.xml/"", /""grinnell_10397_RELS-EXT.rdf/""]}, {/""pid/"": /""grinnell:10398/"", /""title/"": /""Takeover Dance 2/"", /""files/"": [/""grinnell_10398_MODS.xml/"", /""grinnell_10398_RELS-EXT.rdf/""]}], /""paren/"": {/""pid/"": /""grinnell:170/"", /""title/"": /""The Life of a Library Text: Grinnell College's Black Library/"", /""files/"": [/""grinnell_170_MODS.xml/"", /""grinnell_170_RELS-EXT.rdf/""]}}"
,,991011507138104641,991011507138104641,parent: grinnell:170,The Life of a Library Text: Grinnell College's Black Library,,,grinnell:170; grinnell:170; http://hdl.handle.net/11084/170; alma:01GCL_INST/bibs/991011507138104641,http://hdl.handle.net/11084/170,The Life of a Library Text: Grinnell College's Black Library (compound); Presentation (essays); Streaming server URL (essays); Takeover Dance 1 (video); Takeover Dance 2 (video),"Jones, Phillip Wiley (Faculty/Staff); Stuhr, Rebecca (Faculty/Staff); Rod, Catherine (Faculty/Staff)",Grinnell College. Libraries,Libraries,,,,,,,,,,,,,,,,"The Grinnell College Libraries, Black Library was created in response to a series of events and requests in the early 1970s. A celebrarion of the 30 year anniversary of the Black Library was held in 2010",Grinnell College,Grinnell College,10-Sep-2010,2010,10-Sep-2010,,10-Sep-2010,compound,born digital,,,,,,English,,Liberal Arts Scholarly Repository,Liberal Arts Scholarly Repository,Liberal Arts Scholarly Repository,,Grinnell (Iowa),,20th Century; 1970; 2010,"Copyright to this work is held by the author(s), in accordance with United States copyright law (USC 17). Readers of this work have certain rights as defined by the law, including but not limited to fair use (17 USC 107 et seq.).",,,,,,,,,,,,,,0092  https://docs.google.com/spreadsheets/d/1JzW8TGU8qJlBAlyoMyDS1mkLTGoaLrsCzVtwQo-4JlU/edit?usp=sharing,"{/""worksheet/"": /""https://docs.google.com/spreadsheets/d/1JzW8TGU8qJlBAlyoMyDS1mkLTGoaLrsCzVtwQo-4JlU#gid=1570273558/"", /""directory/"": /""smb://storage/mediadb/DGingest/Migration-to-Alma/exports/faculty-scholarship/"", /""children/"": [{/""pid/"": /""grinnell:10395/"", /""title/"": /""Presentation/"", /""files/"": [/""grinnell_10395_MODS.xml/"", /""grinnell_10395_RELS-EXT.rdf/""]}, {/""pid/"": /""grinnell:10396/"", /""title/"": /""Streaming server URL/"", /""files/"": [/""grinnell_10396_MODS.xml/"", /""grinnell_10396_RELS-EXT.rdf/""]}, {/""pid/"": /""grinnell:10397/"", /""title/"": /""Takeover Dance 1/"", /""files/"": [/""grinnell_10397_MODS.xml/"", /""grinnell_10397_RELS-EXT.rdf/""]}, {/""pid/"": /""grinnell:10398/"", /""title/"": /""Takeover Dance 2/"", /""files/"": [/""grinnell_10398_MODS.xml/"", /""grinnell_10398_RELS-EXT.rdf/""]}], /""paren/"": {/""pid/"": /""grinnell:170/"", /""title/"": /""The Life of a Library Text: Grinnell College's Black Library/"", /""files/"": [/""grinnell_170_MODS.xml/"", /""grinnell_170_RELS-EXT.rdf/""]}}"
,,991011507138104641,991011507138104641,parent: grinnell:170,The Life of a Library Text: Grinnell College's Black Library,,,grinnell:170; grinnell:170; http://hdl.handle.net/11084/170; alma:01GCL_INST/bibs/991011507138104641,http://hdl.handle.net/11084/170,The Life of a Library Text: Grinnell College's Black Library (compound); Presentation (essays); Streaming server URL (essays); Takeover Dance 1 (video); Takeover Dance 2 (video),"Jones, Phillip Wiley (Faculty/Staff); Stuhr, Rebecca (Faculty/Staff); Rod, Catherine (Faculty/Staff)",Grinnell College. Libraries,Libraries,,,,,,,,,,,,,,,,"The Grinnell College Libraries, Black Library was created in response to a series of events and requests in the early 1970s. A celebrarion of the 30 year anniversary of the Black Library was held in 2010",Grinnell College,Grinnell College,10-Sep-2010,2010,10-Sep-2010,,10-Sep-2010,compound,born digital,,,,,,English,,Liberal Arts Scholarly Repository,Liberal Arts Scholarly Repository,Liberal Arts Scholarly Repository,,Grinnell (Iowa),,20th Century; 1970; 2010,"Copyright to this work is held by the author(s), in accordance with United States copyright law (USC 17). Readers of this work have certain rights as defined by the law, including but not limited to fair use (17 USC 107 et seq.).",,,,,,,,,,,,,,0092  https://docs.google.com/spreadsheets/d/1JzW8TGU8qJlBAlyoMyDS1mkLTGoaLrsCzVtwQo-4JlU/edit?usp=sharing,"{/""worksheet/"": /""https://docs.google.com/spreadsheets/d/1JzW8TGU8qJlBAlyoMyDS1mkLTGoaLrsCzVtwQo-4JlU#gid=1570273558/"", /""directory/"": /""smb://storage/mediadb/DGingest/Migration-to-Alma/exports/faculty-scholarship/"", /""children/"": [{/""pid/"": /""grinnell:10395/"", /""title/"": /""Presentation/"", /""files/"": [/""grinnell_10395_MODS.xml/"", /""grinnell_10395_RELS-EXT.rdf/""]}, {/""pid/"": /""grinnell:10396/"", /""title/"": /""Streaming server URL/"", /""files/"": [/""grinnell_10396_MODS.xml/"", /""grinnell_10396_RELS-EXT.rdf/""]}, {/""pid/"": /""grinnell:10397/"", /""title/"": /""Takeover Dance 1/"", /""files/"": [/""grinnell_10397_MODS.xml/"", /""grinnell_10397_RELS-EXT.rdf/""]}, {/""pid/"": /""grinnell:10398/"", /""title/"": /""Takeover Dance 2/"", /""files/"": [/""grinnell_10398_MODS.xml/"", /""grinnell_10398_RELS-EXT.rdf/""]}], /""paren/"": {/""pid/"": /""grinnell:170/"", /""title/"": /""The Life of a Library Text: Grinnell College's Black Library/"", /""files/"": [/""grinnell_170_MODS.xml/"", /""grinnell_170_RELS-EXT.rdf/""]}}"
,,991011507138204641,991011507138204641,,Let us Change the Most Disliked Course on Campus,Technical Report No. 91-004,,grinnell:26696; grinnell:26696; http://hdl.handle.net/11084/26696; alma:01GCL_INST/bibs/991011507138204641,http://hdl.handle.net/11084/26696,,"Iversen, Gudmund R.; Witmer, Jeffrey","Moore, Thomas L., Ph. D. (Faculty/Staff); Grinnell College. Mathematics and Statistics",Statistics in the Liberal Arts Workshop (SLAW),,,,,,,,,,,,,Statistics in the Liberal Arts Workshop (SLAW) workshop held in the Summer of 1991 and supported by the Exxon Corporation,,,No abstract was provided for this paper.,Grinnell College,Grinnell College,1991,1991,1991,,,essays,digitized other analog,,,,,,English,,Faculty Scholarship,Faculty Scholarship,Faculty Scholarship,,,,,"Copyright to this work is held by the author(s), in accordance with United States copyright law (USC 17). Readers of this work have certain rights as defined by the law, including but not limited to fair use (17 USC 107 et seq.).",,,,,,,,,,,,,,0170  https://docs.google.com/spreadsheets/d/1JzW8TGU8qJlBAlyoMyDS1mkLTGoaLrsCzVtwQo-4JlU/edit?usp=sharing,"{/""worksheet/"": /""https://docs.google.com/spreadsheets/d/1JzW8TGU8qJlBAlyoMyDS1mkLTGoaLrsCzVtwQo-4JlU#gid=1570273558/"", /""directory/"": /""smb://storage/mediadb/DGingest/Migration-to-Alma/exports/faculty-scholarship/"", /""object/"": {/""pid/"": /""grinnell:26696/"", /""title/"": /""Let us Change the Most Disliked Course on Campus/"", /""files/"": [/""grinnell_26696_MODS.xml/"", /""grinnell_26696_RELS-EXT.rdf/""]}}"
,,991011507138304641,991011507138304641,,The Mosque as a 'School of Democracy': Civic Skill Opportunity and Houses of Worship in Indonesia,,,grinnell:13255; grinnell:13255; http://hdl.handle.net/11084/13255; alma:01GCL_INST/bibs/991011507138304641,http://hdl.handle.net/11084/13255,,"Lussier, Danielle N. (Faculty/Staff)",Grinnell College. Political Science,Civic skills,,,,,,,,,,,,,"This paper examines the potential role of houses of worship as institutions where individuals can acquire civic skills that can be deployed for political participation in the world's largest Muslim-majority democracy: Indonesia. Drawing on participant observation of almost 300 worship and non-worship gatherings in seven Muslim, Protestant, and Catholic religious communities in Yogyakarta, Indonesia, as well as interviews with members of these communities, this paper investigates two key questions: 1) what opportunities exist for members of Indonesian worship communities to develop and practice the civic skills that are believed to facilitate political participation? and 2) does civic skill opportunity vary across religious denominations? The study introduces an original Civic Skill Opportunity scale, which, when tested, shows that mosques are less likely to develop the civic skills among their worshippers than are churches. These denominational differences can be explained by a house of worship's embeddedness in a confessional hierarchy, style of worship, and the relative size of the religious denomination. This study's findings could have important implications regarding how we think about religion in Southeast Asia, especially Islam, as an impediment or incubator of democracy.; Harris Faculty Fellowship, Committee in Support of Faculty Scholarship",,,This paper examines the potential role of houses of worship as institutions where individuals can acquire civic skills that can be deployed for political participation in the world's largest Muslim-majority democracy: Indonesia.,Grinnell College,Grinnell College,01-Apr-2016,2016,01-Apr-2016,,01-Apr-2016,essays,reformatted digital,,,,,,English,,Faculty Scholarship,Faculty Scholarship,Faculty Scholarship,,Indonesia.,,Twenty tens.,"Copyright to this work is held by the author(s), in accordance with United States copyright law (USC 17). Readers of this work have certain rights as defined by the law, including but not limited to fair use (17 USC 107 et seq.).",,,,,,,,,,,,,,0090  https://docs.google.com/spreadsheets/d/1JzW8TGU8qJlBAlyoMyDS1mkLTGoaLrsCzVtwQo-4JlU/edit?usp=sharing,"{/""worksheet/"": /""https://docs.google.com/spreadsheets/d/1JzW8TGU8qJlBAlyoMyDS1mkLTGoaLrsCzVtwQo-4JlU#gid=1570273558/"", /""directory/"": /""smb://storage/mediadb/DGingest/Migration-to-Alma/exports/faculty-scholarship/"", /""object/"": {/""pid/"": /""grinnell:13255/"", /""title/"": /""The Mosque as a 'School of Democracy': Civic Skill Opportunity and Houses of Worship in Indonesia/"", /""files/"": [/""grinnell_13255_MODS.xml/"", /""grinnell_13255_RELS-EXT.rdf/""]}}"
,,991011507138404641,991011507138404641,,Data Analysis: An Adjunct to Mathematical Statistics at Oberlin College [001],Technical Report No. 91-003,,grinnell:26695; grinnell:26695; http://hdl.handle.net/11084/26695; alma:01GCL_INST/bibs/991011507138404641,http://hdl.handle.net/11084/26695,,"Witmer, Jeffrey","Moore, Thomas L., Ph. D. (Faculty/Staff); Grinnell College. Mathematics and Statistics",Technical Report No. 91-003,,,,,,,,,,,,,Statistics in the Liberal Arts Workshop (SLAW) workshop held in the Summer of 1991 and supported by the Exxon Corporation,,,No abstract was provided for this paper.,Grinnell College,Grinnell College,1991,1991,1991,,,essays,digitized other analog,,,,,,English,,Faculty Scholarship,Faculty Scholarship,Faculty Scholarship,,,,,"Copyright to this work is held by the author(s), in accordance with United States copyright law (USC 17). Readers of this work have certain rights as defined by the law, including but not limited to fair use (17 USC 107 et seq.).",,,,,,,,,,,,,,0169  https://docs.google.com/spreadsheets/d/1JzW8TGU8qJlBAlyoMyDS1mkLTGoaLrsCzVtwQo-4JlU/edit?usp=sharing,"{/""worksheet/"": /""https://docs.google.com/spreadsheets/d/1JzW8TGU8qJlBAlyoMyDS1mkLTGoaLrsCzVtwQo-4JlU#gid=1570273558/"", /""directory/"": /""smb://storage/mediadb/DGingest/Migration-to-Alma/exports/faculty-scholarship/"", /""object/"": {/""pid/"": /""grinnell:26695/"", /""title/"": /""Data Analysis: An Adjunct to Mathematical Statistics at Oberlin College [001]/"", /""files/"": [/""grinnell_26695_MODS.xml/"", /""grinnell_26695_RELS-EXT.rdf/""]}}"
,,991011507138504641,991011507138504641,parent: grinnell:10000,Computer Science Mentored Advanced Project,CSC 499 Mentored Advanced Project,,grinnell:10000; grinnell:10000; http://hdl.handle.net/11084/10000; alma:01GCL_INST/bibs/991011507138504641,http://hdl.handle.net/11084/10000,Computer Science Mentored Advanced Project (compound); Syllabus (essays); Research Description (essays); Literature Review (essays); Behavioral Exploration (essays); Research Proposal (essays); Experimental Design (essays); Experimental Results (essays); Final Report (essays); Peer Presentation Rubric (essays),"Weinman, J. J.",Grinnell College. Computer Science,Mentored Advanced Project,,,,,,,,,,,,,,,,Materials to support the teaching and completion of a Mentored Advanced Project in Computer Science,Grinnell College,Grinnell College,2014,2014,2014,,,compound,born digital,9 constituent objects,9 constituent objects,,,,English,,Digital Grinnell,Digital Grinnell,Digital Grinnell,,,,,"Copyright to this work is held by the author(s), in accordance with United States copyright law (USC 17). Readers of this work have certain rights as defined by the law, including but not limited to fair use (17 USC 107 et seq.).",,,,,,,,,,,,,,0000  https://docs.google.com/spreadsheets/d/1JzW8TGU8qJlBAlyoMyDS1mkLTGoaLrsCzVtwQo-4JlU/edit?usp=sharing,"{/""worksheet/"": /""https://docs.google.com/spreadsheets/d/1JzW8TGU8qJlBAlyoMyDS1mkLTGoaLrsCzVtwQo-4JlU#gid=1570273558/"", /""directory/"": /""smb://storage/mediadb/DGingest/Migration-to-Alma/exports/faculty-scholarship/"", /""children/"": [{/""pid/"": /""grinnell:10028/"", /""title/"": /""Syllabus/"", /""files/"": [/""grinnell_10028_MODS.xml/"", /""grinnell_10028_RELS-EXT.rdf/""]}, {/""pid/"": /""grinnell:10029/"", /""title/"": /""Research Description/"", /""files/"": [/""grinnell_10029_MODS.xml/"", /""grinnell_10029_RELS-EXT.rdf/""]}, {/""pid/"": /""grinnell:10030/"", /""title/"": /""Literature Review/"", /""files/"": [/""grinnell_10030_MODS.xml/"", /""grinnell_10030_RELS-EXT.rdf/""]}, {/""pid/"": /""grinnell:10031/"", /""title/"": /""Behavioral Exploration/"", /""files/"": [/""grinnell_10031_MODS.xml/"", /""grinnell_10031_RELS-EXT.rdf/""]}, {/""pid/"": /""grinnell:10032/"", /""title/"": /""Research Proposal/"", /""files/"": [/""grinnell_10032_MODS.xml/"", /""grinnell_10032_RELS-EXT.rdf/""]}, {/""pid/"": /""grinnell:10033/"", /""title/"": /""Experimental Design/"", /""files/"": [/""grinnell_10033_MODS.xml/"", /""grinnell_10033_RELS-EXT.rdf/""]}, {/""pid/"": /""grinnell:10034/"", /""title/"": /""Experimental Results/"", /""files/"": [/""grinnell_10034_MODS.xml/"", /""grinnell_10034_RELS-EXT.rdf/""]}, {/""pid/"": /""grinnell:10035/"", /""title/"": /""Final Report/"", /""files/"": [/""grinnell_10035_MODS.xml/"", /""grinnell_10035_RELS-EXT.rdf/""]}, {/""pid/"": /""grinnell:10036/"", /""title/"": /""Peer Presentation Rubric/"", /""files/"": [/""grinnell_10036_MODS.xml/"", /""grinnell_10036_RELS-EXT.rdf/""]}], /""paren/"": {/""pid/"": /""grinnell:10000/"", /""title/"": /""Computer Science Mentored Advanced Project/"", /""files/"": [/""grinnell_10000_MODS.xml/"", /""grinnell_10000_RELS-EXT.rdf/""]}}"
,,991011507138504641,991011507138504641,parent: grinnell:10000,Computer Science Mentored Advanced Project,CSC 499 Mentored Advanced Project,,grinnell:10000; grinnell:10000; http://hdl.handle.net/11084/10000; alma:01GCL_INST/bibs/991011507138504641,http://hdl.handle.net/11084/10000,Computer Science Mentored Advanced Project (compound); Syllabus (essays); Research Description (essays); Literature Review (essays); Behavioral Exploration (essays); Research Proposal (essays); Experimental Design (essays); Experimental Results (essays); Final Report (essays); Peer Presentation Rubric (essays),"Weinman, J. J.",Grinnell College. Computer Science,Mentored Advanced Project,,,,,,,,,,,,,,,,Materials to support the teaching and completion of a Mentored Advanced Project in Computer Science,Grinnell College,Grinnell College,2014,2014,2014,,,compound,born digital,9 constituent objects,9 constituent objects,,,,English,,Digital Grinnell,Digital Grinnell,Digital Grinnell,,,,,"Copyright to this work is held by the author(s), in accordance with United States copyright law (USC 17). Readers of this work have certain rights as defined by the law, including but not limited to fair use (17 USC 107 et seq.).",,,,,,,,,,,,,,0000  https://docs.google.com/spreadsheets/d/1JzW8TGU8qJlBAlyoMyDS1mkLTGoaLrsCzVtwQo-4JlU/edit?usp=sharing,"{/""worksheet/"": /""https://docs.google.com/spreadsheets/d/1JzW8TGU8qJlBAlyoMyDS1mkLTGoaLrsCzVtwQo-4JlU#gid=1570273558/"", /""directory/"": /""smb://storage/mediadb/DGingest/Migration-to-Alma/exports/faculty-scholarship/"", /""children/"": [{/""pid/"": /""grinnell:10028/"", /""title/"": /""Syllabus/"", /""files/"": [/""grinnell_10028_MODS.xml/"", /""grinnell_10028_RELS-EXT.rdf/""]}, {/""pid/"": /""grinnell:10029/"", /""title/"": /""Research Description/"", /""files/"": [/""grinnell_10029_MODS.xml/"", /""grinnell_10029_RELS-EXT.rdf/""]}, {/""pid/"": /""grinnell:10030/"", /""title/"": /""Literature Review/"", /""files/"": [/""grinnell_10030_MODS.xml/"", /""grinnell_10030_RELS-EXT.rdf/""]}, {/""pid/"": /""grinnell:10031/"", /""title/"": /""Behavioral Exploration/"", /""files/"": [/""grinnell_10031_MODS.xml/"", /""grinnell_10031_RELS-EXT.rdf/""]}, {/""pid/"": /""grinnell:10032/"", /""title/"": /""Research Proposal/"", /""files/"": [/""grinnell_10032_MODS.xml/"", /""grinnell_10032_RELS-EXT.rdf/""]}, {/""pid/"": /""grinnell:10033/"", /""title/"": /""Experimental Design/"", /""files/"": [/""grinnell_10033_MODS.xml/"", /""grinnell_10033_RELS-EXT.rdf/""]}, {/""pid/"": /""grinnell:10034/"", /""title/"": /""Experimental Results/"", /""files/"": [/""grinnell_10034_MODS.xml/"", /""grinnell_10034_RELS-EXT.rdf/""]}, {/""pid/"": /""grinnell:10035/"", /""title/"": /""Final Report/"", /""files/"": [/""grinnell_10035_MODS.xml/"", /""grinnell_10035_RELS-EXT.rdf/""]}, {/""pid/"": /""grinnell:10036/"", /""title/"": /""Peer Presentation Rubric/"", /""files/"": [/""grinnell_10036_MODS.xml/"", /""grinnell_10036_RELS-EXT.rdf/""]}], /""paren/"": {/""pid/"": /""grinnell:10000/"", /""title/"": /""Computer Science Mentored Advanced Project/"", /""files/"": [/""grinnell_10000_MODS.xml/"", /""grinnell_10000_RELS-EXT.rdf/""]}}"
,,991011507138504641,991011507138504641,parent: grinnell:10000,Computer Science Mentored Advanced Project,CSC 499 Mentored Advanced Project,,grinnell:10000; grinnell:10000; http://hdl.handle.net/11084/10000; alma:01GCL_INST/bibs/991011507138504641,http://hdl.handle.net/11084/10000,Computer Science Mentored Advanced Project (compound); Syllabus (essays); Research Description (essays); Literature Review (essays); Behavioral Exploration (essays); Research Proposal (essays); Experimental Design (essays); Experimental Results (essays); Final Report (essays); Peer Presentation Rubric (essays),"Weinman, J. J.",Grinnell College. Computer Science,Mentored Advanced Project,,,,,,,,,,,,,,,,Materials to support the teaching and completion of a Mentored Advanced Project in Computer Science,Grinnell College,Grinnell College,2014,2014,2014,,,compound,born digital,9 constituent objects,9 constituent objects,,,,English,,Digital Grinnell,Digital Grinnell,Digital Grinnell,,,,,"Copyright to this work is held by the author(s), in accordance with United States copyright law (USC 17). Readers of this work have certain rights as defined by the law, including but not limited to fair use (17 USC 107 et seq.).",,,,,,,,,,,,,,0000  https://docs.google.com/spreadsheets/d/1JzW8TGU8qJlBAlyoMyDS1mkLTGoaLrsCzVtwQo-4JlU/edit?usp=sharing,"{/""worksheet/"": /""https://docs.google.com/spreadsheets/d/1JzW8TGU8qJlBAlyoMyDS1mkLTGoaLrsCzVtwQo-4JlU#gid=1570273558/"", /""directory/"": /""smb://storage/mediadb/DGingest/Migration-to-Alma/exports/faculty-scholarship/"", /""children/"": [{/""pid/"": /""grinnell:10028/"", /""title/"": /""Syllabus/"", /""files/"": [/""grinnell_10028_MODS.xml/"", /""grinnell_10028_RELS-EXT.rdf/""]}, {/""pid/"": /""grinnell:10029/"", /""title/"": /""Research Description/"", /""files/"": [/""grinnell_10029_MODS.xml/"", /""grinnell_10029_RELS-EXT.rdf/""]}, {/""pid/"": /""grinnell:10030/"", /""title/"": /""Literature Review/"", /""files/"": [/""grinnell_10030_MODS.xml/"", /""grinnell_10030_RELS-EXT.rdf/""]}, {/""pid/"": /""grinnell:10031/"", /""title/"": /""Behavioral Exploration/"", /""files/"": [/""grinnell_10031_MODS.xml/"", /""grinnell_10031_RELS-EXT.rdf/""]}, {/""pid/"": /""grinnell:10032/"", /""title/"": /""Research Proposal/"", /""files/"": [/""grinnell_10032_MODS.xml/"", /""grinnell_10032_RELS-EXT.rdf/""]}, {/""pid/"": /""grinnell:10033/"", /""title/"": /""Experimental Design/"", /""files/"": [/""grinnell_10033_MODS.xml/"", /""grinnell_10033_RELS-EXT.rdf/""]}, {/""pid/"": /""grinnell:10034/"", /""title/"": /""Experimental Results/"", /""files/"": [/""grinnell_10034_MODS.xml/"", /""grinnell_10034_RELS-EXT.rdf/""]}, {/""pid/"": /""grinnell:10035/"", /""title/"": /""Final Report/"", /""files/"": [/""grinnell_10035_MODS.xml/"", /""grinnell_10035_RELS-EXT.rdf/""]}, {/""pid/"": /""grinnell:10036/"", /""title/"": /""Peer Presentation Rubric/"", /""files/"": [/""grinnell_10036_MODS.xml/"", /""grinnell_10036_RELS-EXT.rdf/""]}], /""paren/"": {/""pid/"": /""grinnell:10000/"", /""title/"": /""Computer Science Mentored Advanced Project/"", /""files/"": [/""grinnell_10000_MODS.xml/"", /""grinnell_10000_RELS-EXT.rdf/""]}}"
,,991011507138504641,991011507138504641,parent: grinnell:10000,Computer Science Mentored Advanced Project,CSC 499 Mentored Advanced Project,,grinnell:10000; grinnell:10000; http://hdl.handle.net/11084/10000; alma:01GCL_INST/bibs/991011507138504641,http://hdl.handle.net/11084/10000,Computer Science Mentored Advanced Project (compound); Syllabus (essays); Research Description (essays); Literature Review (essays); Behavioral Exploration (essays); Research Proposal (essays); Experimental Design (essays); Experimental Results (essays); Final Report (essays); Peer Presentation Rubric (essays),"Weinman, J. J.",Grinnell College. Computer Science,Mentored Advanced Project,,,,,,,,,,,,,,,,Materials to support the teaching and completion of a Mentored Advanced Project in Computer Science,Grinnell College,Grinnell College,2014,2014,2014,,,compound,born digital,9 constituent objects,9 constituent objects,,,,English,,Digital Grinnell,Digital Grinnell,Digital Grinnell,,,,,"Copyright to this work is held by the author(s), in accordance with United States copyright law (USC 17). Readers of this work have certain rights as defined by the law, including but not limited to fair use (17 USC 107 et seq.).",,,,,,,,,,,,,,0000  https://docs.google.com/spreadsheets/d/1JzW8TGU8qJlBAlyoMyDS1mkLTGoaLrsCzVtwQo-4JlU/edit?usp=sharing,"{/""worksheet/"": /""https://docs.google.com/spreadsheets/d/1JzW8TGU8qJlBAlyoMyDS1mkLTGoaLrsCzVtwQo-4JlU#gid=1570273558/"", /""directory/"": /""smb://storage/mediadb/DGingest/Migration-to-Alma/exports/faculty-scholarship/"", /""children/"": [{/""pid/"": /""grinnell:10028/"", /""title/"": /""Syllabus/"", /""files/"": [/""grinnell_10028_MODS.xml/"", /""grinnell_10028_RELS-EXT.rdf/""]}, {/""pid/"": /""grinnell:10029/"", /""title/"": /""Research Description/"", /""files/"": [/""grinnell_10029_MODS.xml/"", /""grinnell_10029_RELS-EXT.rdf/""]}, {/""pid/"": /""grinnell:10030/"", /""title/"": /""Literature Review/"", /""files/"": [/""grinnell_10030_MODS.xml/"", /""grinnell_10030_RELS-EXT.rdf/""]}, {/""pid/"": /""grinnell:10031/"", /""title/"": /""Behavioral Exploration/"", /""files/"": [/""grinnell_10031_MODS.xml/"", /""grinnell_10031_RELS-EXT.rdf/""]}, {/""pid/"": /""grinnell:10032/"", /""title/"": /""Research Proposal/"", /""files/"": [/""grinnell_10032_MODS.xml/"", /""grinnell_10032_RELS-EXT.rdf/""]}, {/""pid/"": /""grinnell:10033/"", /""title/"": /""Experimental Design/"", /""files/"": [/""grinnell_10033_MODS.xml/"", /""grinnell_10033_RELS-EXT.rdf/""]}, {/""pid/"": /""grinnell:10034/"", /""title/"": /""Experimental Results/"", /""files/"": [/""grinnell_10034_MODS.xml/"", /""grinnell_10034_RELS-EXT.rdf/""]}, {/""pid/"": /""grinnell:10035/"", /""title/"": /""Final Report/"", /""files/"": [/""grinnell_10035_MODS.xml/"", /""grinnell_10035_RELS-EXT.rdf/""]}, {/""pid/"": /""grinnell:10036/"", /""title/"": /""Peer Presentation Rubric/"", /""files/"": [/""grinnell_10036_MODS.xml/"", /""grinnell_10036_RELS-EXT.rdf/""]}], /""paren/"": {/""pid/"": /""grinnell:10000/"", /""title/"": /""Computer Science Mentored Advanced Project/"", /""files/"": [/""grinnell_10000_MODS.xml/"", /""grinnell_10000_RELS-EXT.rdf/""]}}"
,,991011507138504641,991011507138504641,parent: grinnell:10000,Computer Science Mentored Advanced Project,CSC 499 Mentored Advanced Project,,grinnell:10000; grinnell:10000; http://hdl.handle.net/11084/10000; alma:01GCL_INST/bibs/991011507138504641,http://hdl.handle.net/11084/10000,Computer Science Mentored Advanced Project (compound); Syllabus (essays); Research Description (essays); Literature Review (essays); Behavioral Exploration (essays); Research Proposal (essays); Experimental Design (essays); Experimental Results (essays); Final Report (essays); Peer Presentation Rubric (essays),"Weinman, J. J.",Grinnell College. Computer Science,Mentored Advanced Project,,,,,,,,,,,,,,,,Materials to support the teaching and completion of a Mentored Advanced Project in Computer Science,Grinnell College,Grinnell College,2014,2014,2014,,,compound,born digital,9 constituent objects,9 constituent objects,,,,English,,Digital Grinnell,Digital Grinnell,Digital Grinnell,,,,,"Copyright to this work is held by the author(s), in accordance with United States copyright law (USC 17). Readers of this work have certain rights as defined by the law, including but not limited to fair use (17 USC 107 et seq.).",,,,,,,,,,,,,,0000  https://docs.google.com/spreadsheets/d/1JzW8TGU8qJlBAlyoMyDS1mkLTGoaLrsCzVtwQo-4JlU/edit?usp=sharing,"{/""worksheet/"": /""https://docs.google.com/spreadsheets/d/1JzW8TGU8qJlBAlyoMyDS1mkLTGoaLrsCzVtwQo-4JlU#gid=1570273558/"", /""directory/"": /""smb://storage/mediadb/DGingest/Migration-to-Alma/exports/faculty-scholarship/"", /""children/"": [{/""pid/"": /""grinnell:10028/"", /""title/"": /""Syllabus/"", /""files/"": [/""grinnell_10028_MODS.xml/"", /""grinnell_10028_RELS-EXT.rdf/""]}, {/""pid/"": /""grinnell:10029/"", /""title/"": /""Research Description/"", /""files/"": [/""grinnell_10029_MODS.xml/"", /""grinnell_10029_RELS-EXT.rdf/""]}, {/""pid/"": /""grinnell:10030/"", /""title/"": /""Literature Review/"", /""files/"": [/""grinnell_10030_MODS.xml/"", /""grinnell_10030_RELS-EXT.rdf/""]}, {/""pid/"": /""grinnell:10031/"", /""title/"": /""Behavioral Exploration/"", /""files/"": [/""grinnell_10031_MODS.xml/"", /""grinnell_10031_RELS-EXT.rdf/""]}, {/""pid/"": /""grinnell:10032/"", /""title/"": /""Research Proposal/"", /""files/"": [/""grinnell_10032_MODS.xml/"", /""grinnell_10032_RELS-EXT.rdf/""]}, {/""pid/"": /""grinnell:10033/"", /""title/"": /""Experimental Design/"", /""files/"": [/""grinnell_10033_MODS.xml/"", /""grinnell_10033_RELS-EXT.rdf/""]}, {/""pid/"": /""grinnell:10034/"", /""title/"": /""Experimental Results/"", /""files/"": [/""grinnell_10034_MODS.xml/"", /""grinnell_10034_RELS-EXT.rdf/""]}, {/""pid/"": /""grinnell:10035/"", /""title/"": /""Final Report/"", /""files/"": [/""grinnell_10035_MODS.xml/"", /""grinnell_10035_RELS-EXT.rdf/""]}, {/""pid/"": /""grinnell:10036/"", /""title/"": /""Peer Presentation Rubric/"", /""files/"": [/""grinnell_10036_MODS.xml/"", /""grinnell_10036_RELS-EXT.rdf/""]}], /""paren/"": {/""pid/"": /""grinnell:10000/"", /""title/"": /""Computer Science Mentored Advanced Project/"", /""files/"": [/""grinnell_10000_MODS.xml/"", /""grinnell_10000_RELS-EXT.rdf/""]}}"
,,991011507138504641,991011507138504641,parent: grinnell:10000,Computer Science Mentored Advanced Project,CSC 499 Mentored Advanced Project,,grinnell:10000; grinnell:10000; http://hdl.handle.net/11084/10000; alma:01GCL_INST/bibs/991011507138504641,http://hdl.handle.net/11084/10000,Computer Science Mentored Advanced Project (compound); Syllabus (essays); Research Description (essays); Literature Review (essays); Behavioral Exploration (essays); Research Proposal (essays); Experimental Design (essays); Experimental Results (essays); Final Report (essays); Peer Presentation Rubric (essays),"Weinman, J. J.",Grinnell College. Computer Science,Mentored Advanced Project,,,,,,,,,,,,,,,,Materials to support the teaching and completion of a Mentored Advanced Project in Computer Science,Grinnell College,Grinnell College,2014,2014,2014,,,compound,born digital,9 constituent objects,9 constituent objects,,,,English,,Digital Grinnell,Digital Grinnell,Digital Grinnell,,,,,"Copyright to this work is held by the author(s), in accordance with United States copyright law (USC 17). Readers of this work have certain rights as defined by the law, including but not limited to fair use (17 USC 107 et seq.).",,,,,,,,,,,,,,0000  https://docs.google.com/spreadsheets/d/1JzW8TGU8qJlBAlyoMyDS1mkLTGoaLrsCzVtwQo-4JlU/edit?usp=sharing,"{/""worksheet/"": /""https://docs.google.com/spreadsheets/d/1JzW8TGU8qJlBAlyoMyDS1mkLTGoaLrsCzVtwQo-4JlU#gid=1570273558/"", /""directory/"": /""smb://storage/mediadb/DGingest/Migration-to-Alma/exports/faculty-scholarship/"", /""children/"": [{/""pid/"": /""grinnell:10028/"", /""title/"": /""Syllabus/"", /""files/"": [/""grinnell_10028_MODS.xml/"", /""grinnell_10028_RELS-EXT.rdf/""]}, {/""pid/"": /""grinnell:10029/"", /""title/"": /""Research Description/"", /""files/"": [/""grinnell_10029_MODS.xml/"", /""grinnell_10029_RELS-EXT.rdf/""]}, {/""pid/"": /""grinnell:10030/"", /""title/"": /""Literature Review/"", /""files/"": [/""grinnell_10030_MODS.xml/"", /""grinnell_10030_RELS-EXT.rdf/""]}, {/""pid/"": /""grinnell:10031/"", /""title/"": /""Behavioral Exploration/"", /""files/"": [/""grinnell_10031_MODS.xml/"", /""grinnell_10031_RELS-EXT.rdf/""]}, {/""pid/"": /""grinnell:10032/"", /""title/"": /""Research Proposal/"", /""files/"": [/""grinnell_10032_MODS.xml/"", /""grinnell_10032_RELS-EXT.rdf/""]}, {/""pid/"": /""grinnell:10033/"", /""title/"": /""Experimental Design/"", /""files/"": [/""grinnell_10033_MODS.xml/"", /""grinnell_10033_RELS-EXT.rdf/""]}, {/""pid/"": /""grinnell:10034/"", /""title/"": /""Experimental Results/"", /""files/"": [/""grinnell_10034_MODS.xml/"", /""grinnell_10034_RELS-EXT.rdf/""]}, {/""pid/"": /""grinnell:10035/"", /""title/"": /""Final Report/"", /""files/"": [/""grinnell_10035_MODS.xml/"", /""grinnell_10035_RELS-EXT.rdf/""]}, {/""pid/"": /""grinnell:10036/"", /""title/"": /""Peer Presentation Rubric/"", /""files/"": [/""grinnell_10036_MODS.xml/"", /""grinnell_10036_RELS-EXT.rdf/""]}], /""paren/"": {/""pid/"": /""grinnell:10000/"", /""title/"": /""Computer Science Mentored Advanced Project/"", /""files/"": [/""grinnell_10000_MODS.xml/"", /""grinnell_10000_RELS-EXT.rdf/""]}}"
,,991011507138504641,991011507138504641,parent: grinnell:10000,Computer Science Mentored Advanced Project,CSC 499 Mentored Advanced Project,,grinnell:10000; grinnell:10000; http://hdl.handle.net/11084/10000; alma:01GCL_INST/bibs/991011507138504641,http://hdl.handle.net/11084/10000,Computer Science Mentored Advanced Project (compound); Syllabus (essays); Research Description (essays); Literature Review (essays); Behavioral Exploration (essays); Research Proposal (essays); Experimental Design (essays); Experimental Results (essays); Final Report (essays); Peer Presentation Rubric (essays),"Weinman, J. J.",Grinnell College. Computer Science,Mentored Advanced Project,,,,,,,,,,,,,,,,Materials to support the teaching and completion of a Mentored Advanced Project in Computer Science,Grinnell College,Grinnell College,2014,2014,2014,,,compound,born digital,9 constituent objects,9 constituent objects,,,,English,,Digital Grinnell,Digital Grinnell,Digital Grinnell,,,,,"Copyright to this work is held by the author(s), in accordance with United States copyright law (USC 17). Readers of this work have certain rights as defined by the law, including but not limited to fair use (17 USC 107 et seq.).",,,,,,,,,,,,,,0000  https://docs.google.com/spreadsheets/d/1JzW8TGU8qJlBAlyoMyDS1mkLTGoaLrsCzVtwQo-4JlU/edit?usp=sharing,"{/""worksheet/"": /""https://docs.google.com/spreadsheets/d/1JzW8TGU8qJlBAlyoMyDS1mkLTGoaLrsCzVtwQo-4JlU#gid=1570273558/"", /""directory/"": /""smb://storage/mediadb/DGingest/Migration-to-Alma/exports/faculty-scholarship/"", /""children/"": [{/""pid/"": /""grinnell:10028/"", /""title/"": /""Syllabus/"", /""files/"": [/""grinnell_10028_MODS.xml/"", /""grinnell_10028_RELS-EXT.rdf/""]}, {/""pid/"": /""grinnell:10029/"", /""title/"": /""Research Description/"", /""files/"": [/""grinnell_10029_MODS.xml/"", /""grinnell_10029_RELS-EXT.rdf/""]}, {/""pid/"": /""grinnell:10030/"", /""title/"": /""Literature Review/"", /""files/"": [/""grinnell_10030_MODS.xml/"", /""grinnell_10030_RELS-EXT.rdf/""]}, {/""pid/"": /""grinnell:10031/"", /""title/"": /""Behavioral Exploration/"", /""files/"": [/""grinnell_10031_MODS.xml/"", /""grinnell_10031_RELS-EXT.rdf/""]}, {/""pid/"": /""grinnell:10032/"", /""title/"": /""Research Proposal/"", /""files/"": [/""grinnell_10032_MODS.xml/"", /""grinnell_10032_RELS-EXT.rdf/""]}, {/""pid/"": /""grinnell:10033/"", /""title/"": /""Experimental Design/"", /""files/"": [/""grinnell_10033_MODS.xml/"", /""grinnell_10033_RELS-EXT.rdf/""]}, {/""pid/"": /""grinnell:10034/"", /""title/"": /""Experimental Results/"", /""files/"": [/""grinnell_10034_MODS.xml/"", /""grinnell_10034_RELS-EXT.rdf/""]}, {/""pid/"": /""grinnell:10035/"", /""title/"": /""Final Report/"", /""files/"": [/""grinnell_10035_MODS.xml/"", /""grinnell_10035_RELS-EXT.rdf/""]}, {/""pid/"": /""grinnell:10036/"", /""title/"": /""Peer Presentation Rubric/"", /""files/"": [/""grinnell_10036_MODS.xml/"", /""grinnell_10036_RELS-EXT.rdf/""]}], /""paren/"": {/""pid/"": /""grinnell:10000/"", /""title/"": /""Computer Science Mentored Advanced Project/"", /""files/"": [/""grinnell_10000_MODS.xml/"", /""grinnell_10000_RELS-EXT.rdf/""]}}"
,,991011507138504641,991011507138504641,parent: grinnell:10000,Computer Science Mentored Advanced Project,CSC 499 Mentored Advanced Project,,grinnell:10000; grinnell:10000; http://hdl.handle.net/11084/10000; alma:01GCL_INST/bibs/991011507138504641,http://hdl.handle.net/11084/10000,Computer Science Mentored Advanced Project (compound); Syllabus (essays); Research Description (essays); Literature Review (essays); Behavioral Exploration (essays); Research Proposal (essays); Experimental Design (essays); Experimental Results (essays); Final Report (essays); Peer Presentation Rubric (essays),"Weinman, J. J.",Grinnell College. Computer Science,Mentored Advanced Project,,,,,,,,,,,,,,,,Materials to support the teaching and completion of a Mentored Advanced Project in Computer Science,Grinnell College,Grinnell College,2014,2014,2014,,,compound,born digital,9 constituent objects,9 constituent objects,,,,English,,Digital Grinnell,Digital Grinnell,Digital Grinnell,,,,,"Copyright to this work is held by the author(s), in accordance with United States copyright law (USC 17). Readers of this work have certain rights as defined by the law, including but not limited to fair use (17 USC 107 et seq.).",,,,,,,,,,,,,,0000  https://docs.google.com/spreadsheets/d/1JzW8TGU8qJlBAlyoMyDS1mkLTGoaLrsCzVtwQo-4JlU/edit?usp=sharing,"{/""worksheet/"": /""https://docs.google.com/spreadsheets/d/1JzW8TGU8qJlBAlyoMyDS1mkLTGoaLrsCzVtwQo-4JlU#gid=1570273558/"", /""directory/"": /""smb://storage/mediadb/DGingest/Migration-to-Alma/exports/faculty-scholarship/"", /""children/"": [{/""pid/"": /""grinnell:10028/"", /""title/"": /""Syllabus/"", /""files/"": [/""grinnell_10028_MODS.xml/"", /""grinnell_10028_RELS-EXT.rdf/""]}, {/""pid/"": /""grinnell:10029/"", /""title/"": /""Research Description/"", /""files/"": [/""grinnell_10029_MODS.xml/"", /""grinnell_10029_RELS-EXT.rdf/""]}, {/""pid/"": /""grinnell:10030/"", /""title/"": /""Literature Review/"", /""files/"": [/""grinnell_10030_MODS.xml/"", /""grinnell_10030_RELS-EXT.rdf/""]}, {/""pid/"": /""grinnell:10031/"", /""title/"": /""Behavioral Exploration/"", /""files/"": [/""grinnell_10031_MODS.xml/"", /""grinnell_10031_RELS-EXT.rdf/""]}, {/""pid/"": /""grinnell:10032/"", /""title/"": /""Research Proposal/"", /""files/"": [/""grinnell_10032_MODS.xml/"", /""grinnell_10032_RELS-EXT.rdf/""]}, {/""pid/"": /""grinnell:10033/"", /""title/"": /""Experimental Design/"", /""files/"": [/""grinnell_10033_MODS.xml/"", /""grinnell_10033_RELS-EXT.rdf/""]}, {/""pid/"": /""grinnell:10034/"", /""title/"": /""Experimental Results/"", /""files/"": [/""grinnell_10034_MODS.xml/"", /""grinnell_10034_RELS-EXT.rdf/""]}, {/""pid/"": /""grinnell:10035/"", /""title/"": /""Final Report/"", /""files/"": [/""grinnell_10035_MODS.xml/"", /""grinnell_10035_RELS-EXT.rdf/""]}, {/""pid/"": /""grinnell:10036/"", /""title/"": /""Peer Presentation Rubric/"", /""files/"": [/""grinnell_10036_MODS.xml/"", /""grinnell_10036_RELS-EXT.rdf/""]}], /""paren/"": {/""pid/"": /""grinnell:10000/"", /""title/"": /""Computer Science Mentored Advanced Project/"", /""files/"": [/""grinnell_10000_MODS.xml/"", /""grinnell_10000_RELS-EXT.rdf/""]}}"
,,991011507138504641,991011507138504641,parent: grinnell:10000,Computer Science Mentored Advanced Project,CSC 499 Mentored Advanced Project,,grinnell:10000; grinnell:10000; http://hdl.handle.net/11084/10000; alma:01GCL_INST/bibs/991011507138504641,http://hdl.handle.net/11084/10000,Computer Science Mentored Advanced Project (compound); Syllabus (essays); Research Description (essays); Literature Review (essays); Behavioral Exploration (essays); Research Proposal (essays); Experimental Design (essays); Experimental Results (essays); Final Report (essays); Peer Presentation Rubric (essays),"Weinman, J. J.",Grinnell College. Computer Science,Mentored Advanced Project,,,,,,,,,,,,,,,,Materials to support the teaching and completion of a Mentored Advanced Project in Computer Science,Grinnell College,Grinnell College,2014,2014,2014,,,compound,born digital,9 constituent objects,9 constituent objects,,,,English,,Digital Grinnell,Digital Grinnell,Digital Grinnell,,,,,"Copyright to this work is held by the author(s), in accordance with United States copyright law (USC 17). Readers of this work have certain rights as defined by the law, including but not limited to fair use (17 USC 107 et seq.).",,,,,,,,,,,,,,0000  https://docs.google.com/spreadsheets/d/1JzW8TGU8qJlBAlyoMyDS1mkLTGoaLrsCzVtwQo-4JlU/edit?usp=sharing,"{/""worksheet/"": /""https://docs.google.com/spreadsheets/d/1JzW8TGU8qJlBAlyoMyDS1mkLTGoaLrsCzVtwQo-4JlU#gid=1570273558/"", /""directory/"": /""smb://storage/mediadb/DGingest/Migration-to-Alma/exports/faculty-scholarship/"", /""children/"": [{/""pid/"": /""grinnell:10028/"", /""title/"": /""Syllabus/"", /""files/"": [/""grinnell_10028_MODS.xml/"", /""grinnell_10028_RELS-EXT.rdf/""]}, {/""pid/"": /""grinnell:10029/"", /""title/"": /""Research Description/"", /""files/"": [/""grinnell_10029_MODS.xml/"", /""grinnell_10029_RELS-EXT.rdf/""]}, {/""pid/"": /""grinnell:10030/"", /""title/"": /""Literature Review/"", /""files/"": [/""grinnell_10030_MODS.xml/"", /""grinnell_10030_RELS-EXT.rdf/""]}, {/""pid/"": /""grinnell:10031/"", /""title/"": /""Behavioral Exploration/"", /""files/"": [/""grinnell_10031_MODS.xml/"", /""grinnell_10031_RELS-EXT.rdf/""]}, {/""pid/"": /""grinnell:10032/"", /""title/"": /""Research Proposal/"", /""files/"": [/""grinnell_10032_MODS.xml/"", /""grinnell_10032_RELS-EXT.rdf/""]}, {/""pid/"": /""grinnell:10033/"", /""title/"": /""Experimental Design/"", /""files/"": [/""grinnell_10033_MODS.xml/"", /""grinnell_10033_RELS-EXT.rdf/""]}, {/""pid/"": /""grinnell:10034/"", /""title/"": /""Experimental Results/"", /""files/"": [/""grinnell_10034_MODS.xml/"", /""grinnell_10034_RELS-EXT.rdf/""]}, {/""pid/"": /""grinnell:10035/"", /""title/"": /""Final Report/"", /""files/"": [/""grinnell_10035_MODS.xml/"", /""grinnell_10035_RELS-EXT.rdf/""]}, {/""pid/"": /""grinnell:10036/"", /""title/"": /""Peer Presentation Rubric/"", /""files/"": [/""grinnell_10036_MODS.xml/"", /""grinnell_10036_RELS-EXT.rdf/""]}], /""paren/"": {/""pid/"": /""grinnell:10000/"", /""title/"": /""Computer Science Mentored Advanced Project/"", /""files/"": [/""grinnell_10000_MODS.xml/"", /""grinnell_10000_RELS-EXT.rdf/""]}}"
,,991011507138604641,991011507138604641,,Completely Decomposable Jacobian Varieties in New Genera,,,grinnell:13253; grinnell:13253; http://hdl.handle.net/11084/13253; alma:01GCL_INST/bibs/991011507138604641,http://hdl.handle.net/11084/13253,,"Paulhus, Jennifer (Faculty/Staff); Rojas, Anita M.",Grinnell College. Mathematics &amp; Statistics,Jacobian Varieties,,,,,,,,,,,,,"We present a new technique to study Jacobian variety decompositions using subgroups of the automorphism group of the curve and the corresponding intermediate covers. In particular, this new method allows us to produce many new examples of genera for which there is a curve with completely decomposable Jacobian. These examples greatly extend the list given by Ekedahl and Serre of genera containing such curves, and provide more evidence for a positive answer to two questions they asked. Additionally, we produce new examples of families of curves, all of which have completely decomposable Jacobian varieties. These families relate to questions about special subvarieties in the moduli space of principally polarized abelian varieties.",,"Paulhus, Jennifer, and Anita M. Rojas. /""Completely decomposable Jacobian varieties in new genera./"" Experimental Mathematics 26.4 (2017): 430-445. ~ citation",We present a new technique to study Jacobian variety decompositions using subgroups of the automorphism group of the curve and the corresponding intermediate covers.,Grinnell College,Grinnell College,08-Jun-2016,2016,08-Jun-2016,,,essays,born digital,,,,,,English,,Faculty Scholarship,Faculty Scholarship,Faculty Scholarship,,,,,"Copyright to this work is held by the author(s), in accordance with United States copyright law (USC 17). Readers of this work have certain rights as defined by the law, including but not limited to fair use (17 USC 107 et seq.).",,,,,,,,,,,,,,0088  https://docs.google.com/spreadsheets/d/1JzW8TGU8qJlBAlyoMyDS1mkLTGoaLrsCzVtwQo-4JlU/edit?usp=sharing,"{/""worksheet/"": /""https://docs.google.com/spreadsheets/d/1JzW8TGU8qJlBAlyoMyDS1mkLTGoaLrsCzVtwQo-4JlU#gid=1570273558/"", /""directory/"": /""smb://storage/mediadb/DGingest/Migration-to-Alma/exports/faculty-scholarship/"", /""object/"": {/""pid/"": /""grinnell:13253/"", /""title/"": /""Completely Decomposable Jacobian Varieties in New Genera/"", /""files/"": [/""grinnell_13253_MODS.xml/"", /""grinnell_13253_RELS-EXT.rdf/""]}}"
,,991011507138704641,991011507138704641,,Teaching Statistics as a Respectable Subject,Technical Report No. 91-002,,grinnell:26694; grinnell:26694; http://hdl.handle.net/11084/26694; alma:01GCL_INST/bibs/991011507138704641,http://hdl.handle.net/11084/26694,,"Moore, David S.","Moore, Thomas L., Ph. D. (Faculty/Staff); Grinnell College. Mathematics and Statistics",Statistics in the Liberal Arts Workshop (SLAW),,,,,,,,,,,,,Statistics in the Liberal Arts Workshop (SLAW) workshop held in the Summer of 1991 and supported by the Exxon Corporation,,,No abstract was provided for this paper.,Grinnell College,Grinnell College,1991,1991,1991,,,essays,digitized other analog,,,,,,English,,Faculty Scholarship,Faculty Scholarship,Faculty Scholarship,,,,,"Copyright to this work is held by the author(s), in accordance with United States copyright law (USC 17). Readers of this work have certain rights as defined by the law, including but not limited to fair use (17 USC 107 et seq.).",,,,,,,,,,,,,,0168  https://docs.google.com/spreadsheets/d/1JzW8TGU8qJlBAlyoMyDS1mkLTGoaLrsCzVtwQo-4JlU/edit?usp=sharing,"{/""worksheet/"": /""https://docs.google.com/spreadsheets/d/1JzW8TGU8qJlBAlyoMyDS1mkLTGoaLrsCzVtwQo-4JlU#gid=1570273558/"", /""directory/"": /""smb://storage/mediadb/DGingest/Migration-to-Alma/exports/faculty-scholarship/"", /""object/"": {/""pid/"": /""grinnell:26694/"", /""title/"": /""Teaching Statistics as a Respectable Subject/"", /""files/"": [/""grinnell_26694_MODS.xml/"", /""grinnell_26694_RELS-EXT.rdf/""]}}"
,,991011507138804641,991011507138804641,parent: grinnell:35245,Descriptive Attributes for Language-based Object Keypoint Detection,,,grinnell:35245; grinnell:35245; http://hdl.handle.net/11084/35245; alma:01GCL_INST/bibs/991011507138804641,http://hdl.handle.net/11084/35245,"Descriptive Attributes for Language-based Object Keypoint Detection (compound); Research Paper (text); Annotations of descriptive attributes for NABirds image files using COCO JSON format (dataset); PyTorch (v1.10) GLIP model checkpoints for Narrow Labels+Attributes Finetune case (MaxDets=1, Epoch=9) (dataset); PyTorch (v1.10) GLIP model checkpoints for Broad Labels+Attributes Finetune case (MaxDets=100, Epoch=34) (dataset); GLIPv1-L modifications used to train the atributes-enhanced model (dataset); Licence to Publish Proceedings Papers (text)","Weinman, Jerod (Faculty/Staff); Belongie, Serge; Frank, Stella",,,,,,,,,,,,,,,,,,"Multimodal vision and language (VL) models have recently shown strong performance in phrase grounding and object detection for both zero-shot and finetuned cases. We adapt a VL model (GLIP) for keypoint detection and evaluate on NABirds keypoints. Our languagebased keypoints-as-objects detector GLIP-KP outperforms baseline topdown keypoint detection models based on heatmaps and allows for zero and few-shot evaluation. When fully trained enhancing the keypoint names with descriptive attributes gives a significant performance boost, raising AP by as much as 6.0, compared to models without attribute information.  Our model exceeds heatmap-based HRNet’s AP by 4.4 overall and 8.4 on keypoints with attributes. With limited data, attributes raise zero-/one-/few-shot test AP by 1.0/3.4/1.6, respectively, on keypoints with attributes.",,,September 2023,2023,21-Sep-2023,,,compound,born digital,6 objects,6 objects,,,,English,,Digital Grinnell,Digital Grinnell,Digital Grinnell,,,,,"Copyright to this work is held by the author(s), in accordance with United States copyright law (USC 17). Readers of this work have certain rights as defined by the law, including but not limited to fair use (17 USC 107 et seq.).",,,,,,,,,,,,,,0227  https://docs.google.com/spreadsheets/d/1JzW8TGU8qJlBAlyoMyDS1mkLTGoaLrsCzVtwQo-4JlU/edit?usp=sharing,"{/""worksheet/"": /""https://docs.google.com/spreadsheets/d/1JzW8TGU8qJlBAlyoMyDS1mkLTGoaLrsCzVtwQo-4JlU#gid=1570273558/"", /""directory/"": /""smb://storage/mediadb/DGingest/Migration-to-Alma/exports/faculty-scholarship/"", /""children/"": [{/""pid/"": /""grinnell:35246/"", /""title/"": /""Research Paper/"", /""files/"": [/""grinnell_35246_MODS.xml/"", /""grinnell_35246_RELS-EXT.rdf/""]}, {/""pid/"": /""grinnell:35247/"", /""title/"": /""Annotations of descriptive attributes for NABirds image files using COCO JSON format/"", /""files/"": [/""grinnell_35247_MODS.xml/"", /""grinnell_35247_RELS-EXT.rdf/""]}, {/""pid/"": /""grinnell:35248/"", /""title/"": /""PyTorch (v1.10) GLIP model checkpoints for Narrow Labels+Attributes Finetune case (MaxDets=1, Epoch=9)/"", /""files/"": [/""grinnell_35248_MODS.xml/"", /""grinnell_35248_RELS-EXT.rdf/""]}, {/""pid/"": /""grinnell:35249/"", /""title/"": /""PyTorch (v1.10) GLIP model checkpoints for Broad Labels+Attributes Finetune case (MaxDets=100, Epoch=34)/"", /""files/"": [/""grinnell_35249_MODS.xml/"", /""grinnell_35249_RELS-EXT.rdf/""]}, {/""pid/"": /""grinnell:35250/"", /""title/"": /""GLIPv1-L modifications used to train the atributes-enhanced model/"", /""files/"": [/""grinnell_35250_MODS.xml/"", /""grinnell_35250_RELS-EXT.rdf/""]}, {/""pid/"": /""grinnell:35251/"", /""title/"": /""Licence to Publish Proceedings Papers/"", /""files/"": [/""grinnell_35251_MODS.xml/"", /""grinnell_35251_RELS-EXT.rdf/""]}], /""paren/"": {/""pid/"": /""grinnell:35245/"", /""title/"": /""Descriptive Attributes for Language-based Object Keypoint Detection/"", /""files/"": [/""grinnell_35245_MODS.xml/"", /""grinnell_35245_RELS-EXT.rdf/""]}}"
,,991011507138804641,991011507138804641,parent: grinnell:35245,Descriptive Attributes for Language-based Object Keypoint Detection,,,grinnell:35245; grinnell:35245; http://hdl.handle.net/11084/35245; alma:01GCL_INST/bibs/991011507138804641,http://hdl.handle.net/11084/35245,"Descriptive Attributes for Language-based Object Keypoint Detection (compound); Research Paper (text); Annotations of descriptive attributes for NABirds image files using COCO JSON format (dataset); PyTorch (v1.10) GLIP model checkpoints for Narrow Labels+Attributes Finetune case (MaxDets=1, Epoch=9) (dataset); PyTorch (v1.10) GLIP model checkpoints for Broad Labels+Attributes Finetune case (MaxDets=100, Epoch=34) (dataset); GLIPv1-L modifications used to train the atributes-enhanced model (dataset); Licence to Publish Proceedings Papers (text)","Weinman, Jerod (Faculty/Staff); Belongie, Serge; Frank, Stella",,,,,,,,,,,,,,,,,,"Multimodal vision and language (VL) models have recently shown strong performance in phrase grounding and object detection for both zero-shot and finetuned cases. We adapt a VL model (GLIP) for keypoint detection and evaluate on NABirds keypoints. Our languagebased keypoints-as-objects detector GLIP-KP outperforms baseline topdown keypoint detection models based on heatmaps and allows for zero and few-shot evaluation. When fully trained enhancing the keypoint names with descriptive attributes gives a significant performance boost, raising AP by as much as 6.0, compared to models without attribute information.  Our model exceeds heatmap-based HRNet’s AP by 4.4 overall and 8.4 on keypoints with attributes. With limited data, attributes raise zero-/one-/few-shot test AP by 1.0/3.4/1.6, respectively, on keypoints with attributes.",,,September 2023,2023,21-Sep-2023,,,compound,born digital,6 objects,6 objects,,,,English,,Digital Grinnell,Digital Grinnell,Digital Grinnell,,,,,"Copyright to this work is held by the author(s), in accordance with United States copyright law (USC 17). Readers of this work have certain rights as defined by the law, including but not limited to fair use (17 USC 107 et seq.).",,,,,,,,,,,,,,0227  https://docs.google.com/spreadsheets/d/1JzW8TGU8qJlBAlyoMyDS1mkLTGoaLrsCzVtwQo-4JlU/edit?usp=sharing,"{/""worksheet/"": /""https://docs.google.com/spreadsheets/d/1JzW8TGU8qJlBAlyoMyDS1mkLTGoaLrsCzVtwQo-4JlU#gid=1570273558/"", /""directory/"": /""smb://storage/mediadb/DGingest/Migration-to-Alma/exports/faculty-scholarship/"", /""children/"": [{/""pid/"": /""grinnell:35246/"", /""title/"": /""Research Paper/"", /""files/"": [/""grinnell_35246_MODS.xml/"", /""grinnell_35246_RELS-EXT.rdf/""]}, {/""pid/"": /""grinnell:35247/"", /""title/"": /""Annotations of descriptive attributes for NABirds image files using COCO JSON format/"", /""files/"": [/""grinnell_35247_MODS.xml/"", /""grinnell_35247_RELS-EXT.rdf/""]}, {/""pid/"": /""grinnell:35248/"", /""title/"": /""PyTorch (v1.10) GLIP model checkpoints for Narrow Labels+Attributes Finetune case (MaxDets=1, Epoch=9)/"", /""files/"": [/""grinnell_35248_MODS.xml/"", /""grinnell_35248_RELS-EXT.rdf/""]}, {/""pid/"": /""grinnell:35249/"", /""title/"": /""PyTorch (v1.10) GLIP model checkpoints for Broad Labels+Attributes Finetune case (MaxDets=100, Epoch=34)/"", /""files/"": [/""grinnell_35249_MODS.xml/"", /""grinnell_35249_RELS-EXT.rdf/""]}, {/""pid/"": /""grinnell:35250/"", /""title/"": /""GLIPv1-L modifications used to train the atributes-enhanced model/"", /""files/"": [/""grinnell_35250_MODS.xml/"", /""grinnell_35250_RELS-EXT.rdf/""]}, {/""pid/"": /""grinnell:35251/"", /""title/"": /""Licence to Publish Proceedings Papers/"", /""files/"": [/""grinnell_35251_MODS.xml/"", /""grinnell_35251_RELS-EXT.rdf/""]}], /""paren/"": {/""pid/"": /""grinnell:35245/"", /""title/"": /""Descriptive Attributes for Language-based Object Keypoint Detection/"", /""files/"": [/""grinnell_35245_MODS.xml/"", /""grinnell_35245_RELS-EXT.rdf/""]}}"
,,991011507138804641,991011507138804641,parent: grinnell:35245,Descriptive Attributes for Language-based Object Keypoint Detection,,,grinnell:35245; grinnell:35245; http://hdl.handle.net/11084/35245; alma:01GCL_INST/bibs/991011507138804641,http://hdl.handle.net/11084/35245,"Descriptive Attributes for Language-based Object Keypoint Detection (compound); Research Paper (text); Annotations of descriptive attributes for NABirds image files using COCO JSON format (dataset); PyTorch (v1.10) GLIP model checkpoints for Narrow Labels+Attributes Finetune case (MaxDets=1, Epoch=9) (dataset); PyTorch (v1.10) GLIP model checkpoints for Broad Labels+Attributes Finetune case (MaxDets=100, Epoch=34) (dataset); GLIPv1-L modifications used to train the atributes-enhanced model (dataset); Licence to Publish Proceedings Papers (text)","Weinman, Jerod (Faculty/Staff); Belongie, Serge; Frank, Stella",,,,,,,,,,,,,,,,,,"Multimodal vision and language (VL) models have recently shown strong performance in phrase grounding and object detection for both zero-shot and finetuned cases. We adapt a VL model (GLIP) for keypoint detection and evaluate on NABirds keypoints. Our languagebased keypoints-as-objects detector GLIP-KP outperforms baseline topdown keypoint detection models based on heatmaps and allows for zero and few-shot evaluation. When fully trained enhancing the keypoint names with descriptive attributes gives a significant performance boost, raising AP by as much as 6.0, compared to models without attribute information.  Our model exceeds heatmap-based HRNet’s AP by 4.4 overall and 8.4 on keypoints with attributes. With limited data, attributes raise zero-/one-/few-shot test AP by 1.0/3.4/1.6, respectively, on keypoints with attributes.",,,September 2023,2023,21-Sep-2023,,,compound,born digital,6 objects,6 objects,,,,English,,Digital Grinnell,Digital Grinnell,Digital Grinnell,,,,,"Copyright to this work is held by the author(s), in accordance with United States copyright law (USC 17). Readers of this work have certain rights as defined by the law, including but not limited to fair use (17 USC 107 et seq.).",,,,,,,,,,,,,,0227  https://docs.google.com/spreadsheets/d/1JzW8TGU8qJlBAlyoMyDS1mkLTGoaLrsCzVtwQo-4JlU/edit?usp=sharing,"{/""worksheet/"": /""https://docs.google.com/spreadsheets/d/1JzW8TGU8qJlBAlyoMyDS1mkLTGoaLrsCzVtwQo-4JlU#gid=1570273558/"", /""directory/"": /""smb://storage/mediadb/DGingest/Migration-to-Alma/exports/faculty-scholarship/"", /""children/"": [{/""pid/"": /""grinnell:35246/"", /""title/"": /""Research Paper/"", /""files/"": [/""grinnell_35246_MODS.xml/"", /""grinnell_35246_RELS-EXT.rdf/""]}, {/""pid/"": /""grinnell:35247/"", /""title/"": /""Annotations of descriptive attributes for NABirds image files using COCO JSON format/"", /""files/"": [/""grinnell_35247_MODS.xml/"", /""grinnell_35247_RELS-EXT.rdf/""]}, {/""pid/"": /""grinnell:35248/"", /""title/"": /""PyTorch (v1.10) GLIP model checkpoints for Narrow Labels+Attributes Finetune case (MaxDets=1, Epoch=9)/"", /""files/"": [/""grinnell_35248_MODS.xml/"", /""grinnell_35248_RELS-EXT.rdf/""]}, {/""pid/"": /""grinnell:35249/"", /""title/"": /""PyTorch (v1.10) GLIP model checkpoints for Broad Labels+Attributes Finetune case (MaxDets=100, Epoch=34)/"", /""files/"": [/""grinnell_35249_MODS.xml/"", /""grinnell_35249_RELS-EXT.rdf/""]}, {/""pid/"": /""grinnell:35250/"", /""title/"": /""GLIPv1-L modifications used to train the atributes-enhanced model/"", /""files/"": [/""grinnell_35250_MODS.xml/"", /""grinnell_35250_RELS-EXT.rdf/""]}, {/""pid/"": /""grinnell:35251/"", /""title/"": /""Licence to Publish Proceedings Papers/"", /""files/"": [/""grinnell_35251_MODS.xml/"", /""grinnell_35251_RELS-EXT.rdf/""]}], /""paren/"": {/""pid/"": /""grinnell:35245/"", /""title/"": /""Descriptive Attributes for Language-based Object Keypoint Detection/"", /""files/"": [/""grinnell_35245_MODS.xml/"", /""grinnell_35245_RELS-EXT.rdf/""]}}"
,,991011507138804641,991011507138804641,parent: grinnell:35245,Descriptive Attributes for Language-based Object Keypoint Detection,,,grinnell:35245; grinnell:35245; http://hdl.handle.net/11084/35245; alma:01GCL_INST/bibs/991011507138804641,http://hdl.handle.net/11084/35245,"Descriptive Attributes for Language-based Object Keypoint Detection (compound); Research Paper (text); Annotations of descriptive attributes for NABirds image files using COCO JSON format (dataset); PyTorch (v1.10) GLIP model checkpoints for Narrow Labels+Attributes Finetune case (MaxDets=1, Epoch=9) (dataset); PyTorch (v1.10) GLIP model checkpoints for Broad Labels+Attributes Finetune case (MaxDets=100, Epoch=34) (dataset); GLIPv1-L modifications used to train the atributes-enhanced model (dataset); Licence to Publish Proceedings Papers (text)","Weinman, Jerod (Faculty/Staff); Belongie, Serge; Frank, Stella",,,,,,,,,,,,,,,,,,"Multimodal vision and language (VL) models have recently shown strong performance in phrase grounding and object detection for both zero-shot and finetuned cases. We adapt a VL model (GLIP) for keypoint detection and evaluate on NABirds keypoints. Our languagebased keypoints-as-objects detector GLIP-KP outperforms baseline topdown keypoint detection models based on heatmaps and allows for zero and few-shot evaluation. When fully trained enhancing the keypoint names with descriptive attributes gives a significant performance boost, raising AP by as much as 6.0, compared to models without attribute information.  Our model exceeds heatmap-based HRNet’s AP by 4.4 overall and 8.4 on keypoints with attributes. With limited data, attributes raise zero-/one-/few-shot test AP by 1.0/3.4/1.6, respectively, on keypoints with attributes.",,,September 2023,2023,21-Sep-2023,,,compound,born digital,6 objects,6 objects,,,,English,,Digital Grinnell,Digital Grinnell,Digital Grinnell,,,,,"Copyright to this work is held by the author(s), in accordance with United States copyright law (USC 17). Readers of this work have certain rights as defined by the law, including but not limited to fair use (17 USC 107 et seq.).",,,,,,,,,,,,,,0227  https://docs.google.com/spreadsheets/d/1JzW8TGU8qJlBAlyoMyDS1mkLTGoaLrsCzVtwQo-4JlU/edit?usp=sharing,"{/""worksheet/"": /""https://docs.google.com/spreadsheets/d/1JzW8TGU8qJlBAlyoMyDS1mkLTGoaLrsCzVtwQo-4JlU#gid=1570273558/"", /""directory/"": /""smb://storage/mediadb/DGingest/Migration-to-Alma/exports/faculty-scholarship/"", /""children/"": [{/""pid/"": /""grinnell:35246/"", /""title/"": /""Research Paper/"", /""files/"": [/""grinnell_35246_MODS.xml/"", /""grinnell_35246_RELS-EXT.rdf/""]}, {/""pid/"": /""grinnell:35247/"", /""title/"": /""Annotations of descriptive attributes for NABirds image files using COCO JSON format/"", /""files/"": [/""grinnell_35247_MODS.xml/"", /""grinnell_35247_RELS-EXT.rdf/""]}, {/""pid/"": /""grinnell:35248/"", /""title/"": /""PyTorch (v1.10) GLIP model checkpoints for Narrow Labels+Attributes Finetune case (MaxDets=1, Epoch=9)/"", /""files/"": [/""grinnell_35248_MODS.xml/"", /""grinnell_35248_RELS-EXT.rdf/""]}, {/""pid/"": /""grinnell:35249/"", /""title/"": /""PyTorch (v1.10) GLIP model checkpoints for Broad Labels+Attributes Finetune case (MaxDets=100, Epoch=34)/"", /""files/"": [/""grinnell_35249_MODS.xml/"", /""grinnell_35249_RELS-EXT.rdf/""]}, {/""pid/"": /""grinnell:35250/"", /""title/"": /""GLIPv1-L modifications used to train the atributes-enhanced model/"", /""files/"": [/""grinnell_35250_MODS.xml/"", /""grinnell_35250_RELS-EXT.rdf/""]}, {/""pid/"": /""grinnell:35251/"", /""title/"": /""Licence to Publish Proceedings Papers/"", /""files/"": [/""grinnell_35251_MODS.xml/"", /""grinnell_35251_RELS-EXT.rdf/""]}], /""paren/"": {/""pid/"": /""grinnell:35245/"", /""title/"": /""Descriptive Attributes for Language-based Object Keypoint Detection/"", /""files/"": [/""grinnell_35245_MODS.xml/"", /""grinnell_35245_RELS-EXT.rdf/""]}}"
,,991011507138804641,991011507138804641,parent: grinnell:35245,Descriptive Attributes for Language-based Object Keypoint Detection,,,grinnell:35245; grinnell:35245; http://hdl.handle.net/11084/35245; alma:01GCL_INST/bibs/991011507138804641,http://hdl.handle.net/11084/35245,"Descriptive Attributes for Language-based Object Keypoint Detection (compound); Research Paper (text); Annotations of descriptive attributes for NABirds image files using COCO JSON format (dataset); PyTorch (v1.10) GLIP model checkpoints for Narrow Labels+Attributes Finetune case (MaxDets=1, Epoch=9) (dataset); PyTorch (v1.10) GLIP model checkpoints for Broad Labels+Attributes Finetune case (MaxDets=100, Epoch=34) (dataset); GLIPv1-L modifications used to train the atributes-enhanced model (dataset); Licence to Publish Proceedings Papers (text)","Weinman, Jerod (Faculty/Staff); Belongie, Serge; Frank, Stella",,,,,,,,,,,,,,,,,,"Multimodal vision and language (VL) models have recently shown strong performance in phrase grounding and object detection for both zero-shot and finetuned cases. We adapt a VL model (GLIP) for keypoint detection and evaluate on NABirds keypoints. Our languagebased keypoints-as-objects detector GLIP-KP outperforms baseline topdown keypoint detection models based on heatmaps and allows for zero and few-shot evaluation. When fully trained enhancing the keypoint names with descriptive attributes gives a significant performance boost, raising AP by as much as 6.0, compared to models without attribute information.  Our model exceeds heatmap-based HRNet’s AP by 4.4 overall and 8.4 on keypoints with attributes. With limited data, attributes raise zero-/one-/few-shot test AP by 1.0/3.4/1.6, respectively, on keypoints with attributes.",,,September 2023,2023,21-Sep-2023,,,compound,born digital,6 objects,6 objects,,,,English,,Digital Grinnell,Digital Grinnell,Digital Grinnell,,,,,"Copyright to this work is held by the author(s), in accordance with United States copyright law (USC 17). Readers of this work have certain rights as defined by the law, including but not limited to fair use (17 USC 107 et seq.).",,,,,,,,,,,,,,0227  https://docs.google.com/spreadsheets/d/1JzW8TGU8qJlBAlyoMyDS1mkLTGoaLrsCzVtwQo-4JlU/edit?usp=sharing,"{/""worksheet/"": /""https://docs.google.com/spreadsheets/d/1JzW8TGU8qJlBAlyoMyDS1mkLTGoaLrsCzVtwQo-4JlU#gid=1570273558/"", /""directory/"": /""smb://storage/mediadb/DGingest/Migration-to-Alma/exports/faculty-scholarship/"", /""children/"": [{/""pid/"": /""grinnell:35246/"", /""title/"": /""Research Paper/"", /""files/"": [/""grinnell_35246_MODS.xml/"", /""grinnell_35246_RELS-EXT.rdf/""]}, {/""pid/"": /""grinnell:35247/"", /""title/"": /""Annotations of descriptive attributes for NABirds image files using COCO JSON format/"", /""files/"": [/""grinnell_35247_MODS.xml/"", /""grinnell_35247_RELS-EXT.rdf/""]}, {/""pid/"": /""grinnell:35248/"", /""title/"": /""PyTorch (v1.10) GLIP model checkpoints for Narrow Labels+Attributes Finetune case (MaxDets=1, Epoch=9)/"", /""files/"": [/""grinnell_35248_MODS.xml/"", /""grinnell_35248_RELS-EXT.rdf/""]}, {/""pid/"": /""grinnell:35249/"", /""title/"": /""PyTorch (v1.10) GLIP model checkpoints for Broad Labels+Attributes Finetune case (MaxDets=100, Epoch=34)/"", /""files/"": [/""grinnell_35249_MODS.xml/"", /""grinnell_35249_RELS-EXT.rdf/""]}, {/""pid/"": /""grinnell:35250/"", /""title/"": /""GLIPv1-L modifications used to train the atributes-enhanced model/"", /""files/"": [/""grinnell_35250_MODS.xml/"", /""grinnell_35250_RELS-EXT.rdf/""]}, {/""pid/"": /""grinnell:35251/"", /""title/"": /""Licence to Publish Proceedings Papers/"", /""files/"": [/""grinnell_35251_MODS.xml/"", /""grinnell_35251_RELS-EXT.rdf/""]}], /""paren/"": {/""pid/"": /""grinnell:35245/"", /""title/"": /""Descriptive Attributes for Language-based Object Keypoint Detection/"", /""files/"": [/""grinnell_35245_MODS.xml/"", /""grinnell_35245_RELS-EXT.rdf/""]}}"
,,991011507138804641,991011507138804641,parent: grinnell:35245,Descriptive Attributes for Language-based Object Keypoint Detection,,,grinnell:35245; grinnell:35245; http://hdl.handle.net/11084/35245; alma:01GCL_INST/bibs/991011507138804641,http://hdl.handle.net/11084/35245,"Descriptive Attributes for Language-based Object Keypoint Detection (compound); Research Paper (text); Annotations of descriptive attributes for NABirds image files using COCO JSON format (dataset); PyTorch (v1.10) GLIP model checkpoints for Narrow Labels+Attributes Finetune case (MaxDets=1, Epoch=9) (dataset); PyTorch (v1.10) GLIP model checkpoints for Broad Labels+Attributes Finetune case (MaxDets=100, Epoch=34) (dataset); GLIPv1-L modifications used to train the atributes-enhanced model (dataset); Licence to Publish Proceedings Papers (text)","Weinman, Jerod (Faculty/Staff); Belongie, Serge; Frank, Stella",,,,,,,,,,,,,,,,,,"Multimodal vision and language (VL) models have recently shown strong performance in phrase grounding and object detection for both zero-shot and finetuned cases. We adapt a VL model (GLIP) for keypoint detection and evaluate on NABirds keypoints. Our languagebased keypoints-as-objects detector GLIP-KP outperforms baseline topdown keypoint detection models based on heatmaps and allows for zero and few-shot evaluation. When fully trained enhancing the keypoint names with descriptive attributes gives a significant performance boost, raising AP by as much as 6.0, compared to models without attribute information.  Our model exceeds heatmap-based HRNet’s AP by 4.4 overall and 8.4 on keypoints with attributes. With limited data, attributes raise zero-/one-/few-shot test AP by 1.0/3.4/1.6, respectively, on keypoints with attributes.",,,September 2023,2023,21-Sep-2023,,,compound,born digital,6 objects,6 objects,,,,English,,Digital Grinnell,Digital Grinnell,Digital Grinnell,,,,,"Copyright to this work is held by the author(s), in accordance with United States copyright law (USC 17). Readers of this work have certain rights as defined by the law, including but not limited to fair use (17 USC 107 et seq.).",,,,,,,,,,,,,,0227  https://docs.google.com/spreadsheets/d/1JzW8TGU8qJlBAlyoMyDS1mkLTGoaLrsCzVtwQo-4JlU/edit?usp=sharing,"{/""worksheet/"": /""https://docs.google.com/spreadsheets/d/1JzW8TGU8qJlBAlyoMyDS1mkLTGoaLrsCzVtwQo-4JlU#gid=1570273558/"", /""directory/"": /""smb://storage/mediadb/DGingest/Migration-to-Alma/exports/faculty-scholarship/"", /""children/"": [{/""pid/"": /""grinnell:35246/"", /""title/"": /""Research Paper/"", /""files/"": [/""grinnell_35246_MODS.xml/"", /""grinnell_35246_RELS-EXT.rdf/""]}, {/""pid/"": /""grinnell:35247/"", /""title/"": /""Annotations of descriptive attributes for NABirds image files using COCO JSON format/"", /""files/"": [/""grinnell_35247_MODS.xml/"", /""grinnell_35247_RELS-EXT.rdf/""]}, {/""pid/"": /""grinnell:35248/"", /""title/"": /""PyTorch (v1.10) GLIP model checkpoints for Narrow Labels+Attributes Finetune case (MaxDets=1, Epoch=9)/"", /""files/"": [/""grinnell_35248_MODS.xml/"", /""grinnell_35248_RELS-EXT.rdf/""]}, {/""pid/"": /""grinnell:35249/"", /""title/"": /""PyTorch (v1.10) GLIP model checkpoints for Broad Labels+Attributes Finetune case (MaxDets=100, Epoch=34)/"", /""files/"": [/""grinnell_35249_MODS.xml/"", /""grinnell_35249_RELS-EXT.rdf/""]}, {/""pid/"": /""grinnell:35250/"", /""title/"": /""GLIPv1-L modifications used to train the atributes-enhanced model/"", /""files/"": [/""grinnell_35250_MODS.xml/"", /""grinnell_35250_RELS-EXT.rdf/""]}, {/""pid/"": /""grinnell:35251/"", /""title/"": /""Licence to Publish Proceedings Papers/"", /""files/"": [/""grinnell_35251_MODS.xml/"", /""grinnell_35251_RELS-EXT.rdf/""]}], /""paren/"": {/""pid/"": /""grinnell:35245/"", /""title/"": /""Descriptive Attributes for Language-based Object Keypoint Detection/"", /""files/"": [/""grinnell_35245_MODS.xml/"", /""grinnell_35245_RELS-EXT.rdf/""]}}"
,,991011507138904641,991011507138904641,,Getting More Data into Theoretical Statistics Courses,Technical Report No. 91-001,,grinnell:26693; grinnell:26693; http://hdl.handle.net/11084/26693; alma:01GCL_INST/bibs/991011507138904641,http://hdl.handle.net/11084/26693,,"Moore, Thomas L., Ph. D. (Faculty/Staff)",Grinnell College. Mathematics and Statistics,Statistics in the Liberal Arts Workshop (SLAW),,,,,,,,,,,,,Statistics in the Liberal Arts Workshop (SLAW) workshop held in the Summer of 1991 and supported by the Exxon Corporation,,,"Talk prepared for MAA Meeting, San Francisco.",Grinnell College,Grinnell College,01-Jan-1991,1991,01-Jan-1991,,,essays,digitized other analog,,,,,,English,,Faculty Scholarship,Faculty Scholarship,Faculty Scholarship,,,,,"Copyright to this work is held by the author(s), in accordance with United States copyright law (USC 17). Readers of this work have certain rights as defined by the law, including but not limited to fair use (17 USC 107 et seq.).",,,,,,,,,,,,,,0167  https://docs.google.com/spreadsheets/d/1JzW8TGU8qJlBAlyoMyDS1mkLTGoaLrsCzVtwQo-4JlU/edit?usp=sharing,"{/""worksheet/"": /""https://docs.google.com/spreadsheets/d/1JzW8TGU8qJlBAlyoMyDS1mkLTGoaLrsCzVtwQo-4JlU#gid=1570273558/"", /""directory/"": /""smb://storage/mediadb/DGingest/Migration-to-Alma/exports/faculty-scholarship/"", /""object/"": {/""pid/"": /""grinnell:26693/"", /""title/"": /""Getting More Data into Theoretical Statistics Courses/"", /""files/"": [/""grinnell_26693_MODS.xml/"", /""grinnell_26693_RELS-EXT.rdf/""]}}"
,,991011507139004641,991011507139004641,,Experimental studies of selection and adaptation in Clarkia xantiana (Onagraceae). III. Phenotypic selection across a subspecies,,,grinnell:13252; grinnell:13252; http://hdl.handle.net/11084/13252; alma:01GCL_INST/bibs/991011507139004641,http://hdl.handle.net/11084/13252,,"Eckhart, V. M. (Faculty/Staff); Anderson, J. T.; Geber, M.A.",Grinnell College. Biology,Biology,,,,,,,,,,,,,"Sister taxa often differ phenotypically, yet we generally do not know whether trait divergence reflects adaptation to spatially-varying selection. In a reciprocal transplant experiment, we ask whether selection favors the native phenotype in two parapatric subspecies of Clarkia xantiana (Onagraceae), an annual plant endemic to California. We quantified phenotypic selection in each of the exclusive ranges and the contact zone in two years with contrasting climates. We predicted that in the arid, pollinator-scarce eastern region of the distribution, phenotypes of the native subspecies (parviflora) have an advantage: small leaves, slow leaf growth, accelerated flowering, and diminutive flowers. In the wetter, pollinator-rich, western range of subspecies xantiana, we expected selection for the opposite phenotypes. We predicted that temporal variation in selection would favor xantiana+ 1/4 -like traits during the first wet El Niño year and parviflora-like traits in the second dry La Niña year. For subspecies xantiana, selection generally favored native phenotypes in the native garden. However, for parviflora, selection sometimes favored non-native trait values. We found little evidence for pollinator-mediated selection, subspecies differences in pollen limitation to reproduction, or temporal variation in selection. Phenotypic differentiation appears to reflect divergent selection in xantiana, but not parviflora.",,"Anderson JT, Eckhart VM, Geber MA (2015) Experimental studies of selection and adaptation in Clarkia xantiana (Onagraceae). III. Phenotypic selection across a subspecies border. Evolution 69: 2249-2261.",Study of Clarki xantiana and how trait divergence reflects adaptation to region.,Grinnell College,Grinnell College,2015,2015,2015,,,essays,reformatted digital,,,,,,English,,Faculty Scholarship,Faculty Scholarship,Faculty Scholarship,,California,,21st century,"Copyright to this work is held by the author(s), in accordance with United States copyright law (USC 17). Readers of this work have certain rights as defined by the law, including but not limited to fair use (17 USC 107 et seq.).",,,,,,,,,,,,,,0087  https://docs.google.com/spreadsheets/d/1JzW8TGU8qJlBAlyoMyDS1mkLTGoaLrsCzVtwQo-4JlU/edit?usp=sharing,"{/""worksheet/"": /""https://docs.google.com/spreadsheets/d/1JzW8TGU8qJlBAlyoMyDS1mkLTGoaLrsCzVtwQo-4JlU#gid=1570273558/"", /""directory/"": /""smb://storage/mediadb/DGingest/Migration-to-Alma/exports/faculty-scholarship/"", /""object/"": {/""pid/"": /""grinnell:13252/"", /""title/"": /""Experimental studies of selection and adaptation in Clarkia xantiana (Onagraceae). III. Phenotypic selection across a subspecies/"", /""files/"": [/""grinnell_13252_MODS.xml/"", /""grinnell_13252_RELS-EXT.rdf/""]}}"
,,991011507139104641,991011507139104641,parent: grinnell:6266,A Discriminative Semi-Markov Model for Robust Scene Text Recognition,,,grinnell:6266; grinnell:6266; http://hdl.handle.net/11084/6266; alma:01GCL_INST/bibs/991011507139104641,http://hdl.handle.net/11084/6266,A Discriminative Semi-Markov Model for Robust Scene Text Recognition (compound); Research Paper (essays); Copyright Form (essays),"Weinman, Jerod. J. (Faculty/Staff); Learned-Miller, Erik; Hanson, Allen",Grinnell College. Computer Science,Scene text recognition,,,,,,,,,,,,,"We present a semi-Markov model for recognizing scene text that integrates character and word segmentation with recognition. Using wavelet features, it requires only approximate location of the text baseline and font  size; no binarization or prior word segmentation is necessary. Our system is aided by a lexicon, yet it also allows non-lexicon words. To facilitate inference with a large lexicon, we use an approximate Viterbi beam search. Our system performs robustly on low-resolution images of signs containing text in fonts atypical of documents.",,,We present a semi-Markov model for recognizing scene text that integrates character and word segmentation with recognition.,Grinnell College,Grinnell College,2008,2008,2008,,,compound,born digital,,,,,,English,,Faculty Scholarship,Faculty Scholarship,Faculty Scholarship,,,,21st century,"Copyright to this work is held by the author(s), in accordance with United States copyright law (USC 17). Readers of this work have certain rights as defined by the law, including but not limited to fair use (17 USC 107 et seq.).",,,,,,,,,,,,,,0249  https://docs.google.com/spreadsheets/d/1JzW8TGU8qJlBAlyoMyDS1mkLTGoaLrsCzVtwQo-4JlU/edit?usp=sharing,"{/""worksheet/"": /""https://docs.google.com/spreadsheets/d/1JzW8TGU8qJlBAlyoMyDS1mkLTGoaLrsCzVtwQo-4JlU#gid=1570273558/"", /""directory/"": /""smb://storage/mediadb/DGingest/Migration-to-Alma/exports/faculty-scholarship/"", /""children/"": [{/""pid/"": /""grinnell:10960/"", /""title/"": /""Research Paper/"", /""files/"": [/""grinnell_10960_MODS.xml/"", /""grinnell_10960_RELS-EXT.rdf/""]}, {/""pid/"": /""grinnell:10961/"", /""title/"": /""Copyright Form/"", /""files/"": [/""grinnell_10961_MODS.xml/"", /""grinnell_10961_RELS-EXT.rdf/""]}], /""paren/"": {/""pid/"": /""grinnell:6266/"", /""title/"": /""A Discriminative Semi-Markov Model for Robust Scene Text Recognition/"", /""files/"": [/""grinnell_6266_MODS.xml/"", /""grinnell_6266_RELS-EXT.rdf/""]}}"
,,991011507139104641,991011507139104641,parent: grinnell:6266,A Discriminative Semi-Markov Model for Robust Scene Text Recognition,,,grinnell:6266; grinnell:6266; http://hdl.handle.net/11084/6266; alma:01GCL_INST/bibs/991011507139104641,http://hdl.handle.net/11084/6266,A Discriminative Semi-Markov Model for Robust Scene Text Recognition (compound); Research Paper (essays); Copyright Form (essays),"Weinman, Jerod. J. (Faculty/Staff); Learned-Miller, Erik; Hanson, Allen",Grinnell College. Computer Science,Scene text recognition,,,,,,,,,,,,,"We present a semi-Markov model for recognizing scene text that integrates character and word segmentation with recognition. Using wavelet features, it requires only approximate location of the text baseline and font  size; no binarization or prior word segmentation is necessary. Our system is aided by a lexicon, yet it also allows non-lexicon words. To facilitate inference with a large lexicon, we use an approximate Viterbi beam search. Our system performs robustly on low-resolution images of signs containing text in fonts atypical of documents.",,,We present a semi-Markov model for recognizing scene text that integrates character and word segmentation with recognition.,Grinnell College,Grinnell College,2008,2008,2008,,,compound,born digital,,,,,,English,,Faculty Scholarship,Faculty Scholarship,Faculty Scholarship,,,,21st century,"Copyright to this work is held by the author(s), in accordance with United States copyright law (USC 17). Readers of this work have certain rights as defined by the law, including but not limited to fair use (17 USC 107 et seq.).",,,,,,,,,,,,,,0249  https://docs.google.com/spreadsheets/d/1JzW8TGU8qJlBAlyoMyDS1mkLTGoaLrsCzVtwQo-4JlU/edit?usp=sharing,"{/""worksheet/"": /""https://docs.google.com/spreadsheets/d/1JzW8TGU8qJlBAlyoMyDS1mkLTGoaLrsCzVtwQo-4JlU#gid=1570273558/"", /""directory/"": /""smb://storage/mediadb/DGingest/Migration-to-Alma/exports/faculty-scholarship/"", /""children/"": [{/""pid/"": /""grinnell:10960/"", /""title/"": /""Research Paper/"", /""files/"": [/""grinnell_10960_MODS.xml/"", /""grinnell_10960_RELS-EXT.rdf/""]}, {/""pid/"": /""grinnell:10961/"", /""title/"": /""Copyright Form/"", /""files/"": [/""grinnell_10961_MODS.xml/"", /""grinnell_10961_RELS-EXT.rdf/""]}], /""paren/"": {/""pid/"": /""grinnell:6266/"", /""title/"": /""A Discriminative Semi-Markov Model for Robust Scene Text Recognition/"", /""files/"": [/""grinnell_6266_MODS.xml/"", /""grinnell_6266_RELS-EXT.rdf/""]}}"
,,991011507139204641,991011507139204641,,Multivariate Statistical Analysis for Mathematics Majors,Technical Report No. 90-009,,grinnell:26692; grinnell:26692; http://hdl.handle.net/11084/26692; alma:01GCL_INST/bibs/991011507139204641,http://hdl.handle.net/11084/26692,,"Iversen, Gudmund R.","Moore, Thomas L., Ph. D. (Faculty/Staff); Grinnell College. Mathematics and Statistics",Statistics in the Liberal Arts Workshop (SLAW),,,,,,,,,,,,,Statistics in the Liberal Arts Workshop (SLAW) workshop held in the Summer of 1991 and supported by the Exxon Corporation,,,No abstract was provided for this paper.,Grinnell College,Grinnell College,1991,1991,1991,,,essays,digitized other analog,,,,,,English,,Faculty Scholarship,Faculty Scholarship,Faculty Scholarship,,,,,"Copyright to this work is held by the author(s), in accordance with United States copyright law (USC 17). Readers of this work have certain rights as defined by the law, including but not limited to fair use (17 USC 107 et seq.).",,,,,,,,,,,,,,0166  https://docs.google.com/spreadsheets/d/1JzW8TGU8qJlBAlyoMyDS1mkLTGoaLrsCzVtwQo-4JlU/edit?usp=sharing,"{/""worksheet/"": /""https://docs.google.com/spreadsheets/d/1JzW8TGU8qJlBAlyoMyDS1mkLTGoaLrsCzVtwQo-4JlU#gid=1570273558/"", /""directory/"": /""smb://storage/mediadb/DGingest/Migration-to-Alma/exports/faculty-scholarship/"", /""object/"": {/""pid/"": /""grinnell:26692/"", /""title/"": /""Multivariate Statistical Analysis for Mathematics Majors/"", /""files/"": [/""grinnell_26692_MODS.xml/"", /""grinnell_26692_RELS-EXT.rdf/""]}}"
,,991011507139304641,991011507139304641,,"Studio Faculty Exhibition 2016, Faulconer Gallery, Grinnell COllege",,,grinnell:13251; grinnell:13251; http://hdl.handle.net/11084/13251; alma:01GCL_INST/bibs/991011507139304641,http://hdl.handle.net/11084/13251,,"Chen, Jeremy (Faculty/Staff); Coats, Mary (Faculty/Staff); Kaufman, Andrew (Faculty/Staff); Kluber, Matthew (Faculty/Staff); Orloski, Andrew (Faculty/Staff); Running, Lee Emma (Faculty/Staff); Schrift, Jill Davis (Faculty/Staff); McLaughlin, Evan (Faculty/Staff)",Grinnell College. Art and Art History,Exhibitions,,,,,,,,,,,,,,,,"Exhibition catalog for the Art Studio Faculty of Grinnell College in Spring 2016 in Faulconer Gallery in the Bucksbaum Center for the Arts at Grinnell College. Artists with works included are: Jeremy Chen, Mary Coats, Andrew Kaufman, Matthew Kluber, Evan McLaughlin, Andrew Orloski, Lee Emma Running, Jill Davis Schrift.",Grinnell College,Grinnell College,2016,2016,2016,,,book,reformatted digital,,,,,,English,,Faculty Scholarship,Faculty Scholarship,Faculty Scholarship,,Grinnell (Iowa),,21st century,"Copyright to this work is held by the author(s), in accordance with United States copyright law (USC 17). Readers of this work have certain rights as defined by the law, including but not limited to fair use (17 USC 107 et seq.).",,,,,,,,,,,,,,0086  https://docs.google.com/spreadsheets/d/1JzW8TGU8qJlBAlyoMyDS1mkLTGoaLrsCzVtwQo-4JlU/edit?usp=sharing,"{/""worksheet/"": /""https://docs.google.com/spreadsheets/d/1JzW8TGU8qJlBAlyoMyDS1mkLTGoaLrsCzVtwQo-4JlU#gid=1570273558/"", /""directory/"": /""smb://storage/mediadb/DGingest/Migration-to-Alma/exports/faculty-scholarship/"", /""object/"": {/""pid/"": /""grinnell:13251/"", /""title/"": /""Studio Faculty Exhibition 2016, Faulconer Gallery, Grinnell COllege/"", /""files/"": [/""grinnell_13251_MODS.xml/"", /""grinnell_13251_RELS-EXT.rdf/""]}}"
,,991011507139404641,991011507139404641,parent: grinnell:5000,China Adventure - A Blog by Professor Daniel Kaiser,,,grinnell:5000; grinnell:5000; http://hdl.handle.net/11084/5000; alma:01GCL_INST/bibs/991011507139404641,http://hdl.handle.net/11084/5000,"China Adventure - A Blog by Professor Daniel Kaiser (compound); Our First Few Days In China (Sunday, January 23, 2011) (text); Wedding Festivities, Part 1 (Wednesday, February 9, 2011) (text); Wedding, Part 2 (Friday, February 11, 2011) (text); Wedding, Part 3 (Saturday, February 12, 2011) (text); Wedding; the Guests (Monday, February 14, 2011) (text); Guilin (Wednesday, February 16, 2011) (text); What's to see in China? ...Did you say 'IKEA?/"" (Monday, February 21, 2011) (text); Buildings and history... (Wednesday, February 23, 2011) (text); Home Away From Home (Thursday, February 24, 2011) (text); In China, It's already February 26 - My Mother's Birthday (Friday, February 25, 2011) (text); Teaching Begins (Monday, February 28, 2011) (text); Teaching, 2 (Tuesday, March 1, 2011) (text); Plum Blossom Festival (Friday, March 4, 2011) (text); Nanjing Normal University (Friday, March 4, 2011) (text); What's to see in China? Tall Buildings! (text); Student Life at Nanjing University (Gulou) (Tuesday, March 8, 2011) (text); Roman Catholic Church in Nanjing (Wednesday, March 9, 2011) (text); A Sidelight - masks (Saturday, March 12, 2011) (text); What would Mao Say? (Monday, March 14, 2011) (text); Anticipating Cernobyl's 25th Anniversary (Tuesday, March 15, 2011) (text); Xianlin campus, Nanjing University (Wednesday, March 16, 2011) (text); St. Paul's Church, Nanjing (Friday, March 18, 2011) (text); Nanjing's metro (Saturday, March 19, 2011) (text); Nanjing Massacre Museumr (Sunday, March 20, 2011) (text); Johns Hopkins - Nanjing University Center (Tuesday, March 22, 2011) (text); Kids... (Sunday, March 20, 2011) (text); Eating in Nanjing (Thursday, March 31, 2011) (text)","Kaiser, Daniel H. (Faculty/Staff)",Grinnell College. History,China,,,,,,,,,,,,,"While teaching in Nanjing, Daniel Kaiser, Professor Emeritus of History, kept a blog entitled /""China Adventure/"" that stretched from travel preparations in mid-January to his return to Iowa in late March. Some posts relate directly to teaching and the university; other posts touch on life in China; and several describe the wedding of Dan's son, Andrew (GC 2004).",,,"While teaching in Nanjing, Daniel Kaiser, Professor Emeritus of History, kept a blog entitled /""China Adventure/""",Grinnell College,Grinnell College,2011,2011,2011,,,compound,born digital,27 objects,27 objects,,,,English,,Faculty Scholarship,Faculty Scholarship,Faculty Scholarship,,Nanjing Shi (China),,2011,"Copyright to this work is held by the author(s), in accordance with United States copyright law (USC 17). Readers of this work have certain rights as defined by the law, including but not limited to fair use (17 USC 107 et seq.).",,,,,,,,,,,,,,0242  https://docs.google.com/spreadsheets/d/1JzW8TGU8qJlBAlyoMyDS1mkLTGoaLrsCzVtwQo-4JlU/edit?usp=sharing,"{/""worksheet/"": /""https://docs.google.com/spreadsheets/d/1JzW8TGU8qJlBAlyoMyDS1mkLTGoaLrsCzVtwQo-4JlU#gid=1570273558/"", /""directory/"": /""smb://storage/mediadb/DGingest/Migration-to-Alma/exports/faculty-scholarship/"", /""children/"": [{/""pid/"": /""grinnell:11336/"", /""title/"": /""Our First Few Days In China (Sunday, January 23, 2011)/"", /""files/"": [/""grinnell_11336_MODS.xml/"", /""grinnell_11336_RELS-EXT.rdf/""]}, {/""pid/"": /""grinnell:11243/"", /""title/"": /""Wedding Festivities, Part 1 (Wednesday, February 9, 2011)/"", /""files/"": [/""grinnell_11243_MODS.xml/"", /""grinnell_11243_RELS-EXT.rdf/""]}, {/""pid/"": /""grinnell:11244/"", /""title/"": /""Wedding, Part 2 (Friday, February 11, 2011)/"", /""files/"": [/""grinnell_11244_MODS.xml/"", /""grinnell_11244_RELS-EXT.rdf/""]}, {/""pid/"": /""grinnell:11247/"", /""title/"": /""Wedding, Part 3 (Saturday, February 12, 2011)/"", /""files/"": [/""grinnell_11247_MODS.xml/"", /""grinnell_11247_RELS-EXT.rdf/""]}, {/""pid/"": /""grinnell:11250/"", /""title/"": /""Wedding; the Guests (Monday, February 14, 2011)/"", /""files/"": [/""grinnell_11250_MODS.xml/"", /""grinnell_11250_RELS-EXT.rdf/""]}, {/""pid/"": /""grinnell:11251/"", /""title/"": /""Guilin (Wednesday, February 16, 2011)/"", /""files/"": [/""grinnell_11251_MODS.xml/"", /""grinnell_11251_RELS-EXT.rdf/""]}, {/""pid/"": /""grinnell:11252/"", /""title/"": /""What's to see in China? ...Did you say 'IKEA?\\/"" (Monday, February 21, 2011)/"", /""files/"": [/""grinnell_11252_MODS.xml/"", /""grinnell_11252_RELS-EXT.rdf/""]}, {/""pid/"": /""grinnell:11253/"", /""title/"": /""Buildings and history... (Wednesday, February 23, 2011)/"", /""files/"": [/""grinnell_11253_MODS.xml/"", /""grinnell_11253_RELS-EXT.rdf/""]}, {/""pid/"": /""grinnell:11254/"", /""title/"": /""Home Away From Home (Thursday, February 24, 2011)/"", /""files/"": [/""grinnell_11254_MODS.xml/"", /""grinnell_11254_RELS-EXT.rdf/""]}, {/""pid/"": /""grinnell:11257/"", /""title/"": /""In China, It's already February 26 - My Mother's Birthday (Friday, February 25, 2011)/"", /""files/"": [/""grinnell_11257_MODS.xml/"", /""grinnell_11257_RELS-EXT.rdf/""]}, {/""pid/"": /""grinnell:11260/"", /""title/"": /""Teaching Begins (Monday, February 28, 2011)/"", /""files/"": [/""grinnell_11260_MODS.xml/"", /""grinnell_11260_RELS-EXT.rdf/""]}, {/""pid/"": /""grinnell:11262/"", /""title/"": /""Teaching, 2 (Tuesday, March 1, 2011)/"", /""files/"": [/""grinnell_11262_MODS.xml/"", /""grinnell_11262_RELS-EXT.rdf/""]}, {/""pid/"": /""grinnell:11267/"", /""title/"": /""Plum Blossom Festival (Friday, March 4, 2011)/"", /""files/"": [/""grinnell_11267_MODS.xml/"", /""grinnell_11267_RELS-EXT.rdf/""]}, {/""pid/"": /""grinnell:11268/"", /""title/"": /""Nanjing Normal University (Friday, March 4, 2011)/"", /""files/"": [/""grinnell_11268_MODS.xml/"", /""grinnell_11268_RELS-EXT.rdf/""]}, {/""pid/"": /""grinnell:11271/"", /""title/"": /""What's to see in China? Tall Buildings!/"", /""files/"": [/""grinnell_11271_MODS.xml/"", /""grinnell_11271_RELS-EXT.rdf/""]}, {/""pid/"": /""grinnell:11272/"", /""title/"": /""Student Life at Nanjing University (Gulou) (Tuesday, March 8, 2011)/"", /""files/"": [/""grinnell_11272_MODS.xml/"", /""grinnell_11272_RELS-EXT.rdf/""]}, {/""pid/"": /""grinnell:11275/"", /""title/"": /""Roman Catholic Church in Nanjing (Wednesday, March 9, 2011)/"", /""files/"": [/""grinnell_11275_MODS.xml/"", /""grinnell_11275_RELS-EXT.rdf/""]}, {/""pid/"": /""grinnell:11276/"", /""title/"": /""A Sidelight - masks (Saturday, March 12, 2011)/"", /""files/"": [/""grinnell_11276_MODS.xml/"", /""grinnell_11276_RELS-EXT.rdf/""]}, {/""pid/"": /""grinnell:11279/"", /""title/"": /""What would Mao Say? (Monday, March 14, 2011)/"", /""files/"": [/""grinnell_11279_MODS.xml/"", /""grinnell_11279_RELS-EXT.rdf/""]}, {/""pid/"": /""grinnell:11280/"", /""title/"": /""Anticipating Cernobyl's 25th Anniversary (Tuesday, March 15, 2011)/"", /""files/"": [/""grinnell_11280_MODS.xml/"", /""grinnell_11280_RELS-EXT.rdf/""]}, {/""pid/"": /""grinnell:11281/"", /""title/"": /""Xianlin campus, Nanjing University (Wednesday, March 16, 2011)/"", /""files/"": [/""grinnell_11281_MODS.xml/"", /""grinnell_11281_RELS-EXT.rdf/""]}, {/""pid/"": /""grinnell:11282/"", /""title/"": /""St. Paul's Church, Nanjing (Friday, March 18, 2011)/"", /""files/"": [/""grinnell_11282_MODS.xml/"", /""grinnell_11282_RELS-EXT.rdf/""]}, {/""pid/"": /""grinnell:11283/"", /""title/"": /""Nanjing's metro (Saturday, March 19, 2011)/"", /""files/"": [/""grinnell_11283_MODS.xml/"", /""grinnell_11283_RELS-EXT.rdf/""]}, {/""pid/"": /""grinnell:11286/"", /""title/"": /""Nanjing Massacre Museumr (Sunday, March 20, 2011)/"", /""files/"": [/""grinnell_11286_MODS.xml/"", /""grinnell_11286_RELS-EXT.rdf/""]}, {/""pid/"": /""grinnell:11287/"", /""title/"": /""Johns Hopkins - Nanjing University Center (Tuesday, March 22, 2011)/"", /""files/"": [/""grinnell_11287_MODS.xml/"", /""grinnell_11287_RELS-EXT.rdf/""]}, {/""pid/"": /""grinnell:11290/"", /""title/"": /""Kids... (Sunday, March 20, 2011)/"", /""files/"": [/""grinnell_11290_MODS.xml/"", /""grinnell_11290_RELS-EXT.rdf/""]}, {/""pid/"": /""grinnell:11293/"", /""title/"": /""Eating in Nanjing (Thursday, March 31, 2011)/"", /""files/"": [/""grinnell_11293_MODS.xml/"", /""grinnell_11293_RELS-EXT.rdf/""]}], /""paren/"": {/""pid/"": /""grinnell:5000/"", /""title/"": /""China Adventure - A Blog by Professor Daniel Kaiser/"", /""files/"": [/""grinnell_5000_MODS.xml/"", /""grinnell_5000_RELS-EXT.rdf/""]}}"
,,991011507139404641,991011507139404641,parent: grinnell:5000,China Adventure - A Blog by Professor Daniel Kaiser,,,grinnell:5000; grinnell:5000; http://hdl.handle.net/11084/5000; alma:01GCL_INST/bibs/991011507139404641,http://hdl.handle.net/11084/5000,"China Adventure - A Blog by Professor Daniel Kaiser (compound); Our First Few Days In China (Sunday, January 23, 2011) (text); Wedding Festivities, Part 1 (Wednesday, February 9, 2011) (text); Wedding, Part 2 (Friday, February 11, 2011) (text); Wedding, Part 3 (Saturday, February 12, 2011) (text); Wedding; the Guests (Monday, February 14, 2011) (text); Guilin (Wednesday, February 16, 2011) (text); What's to see in China? ...Did you say 'IKEA?/"" (Monday, February 21, 2011) (text); Buildings and history... (Wednesday, February 23, 2011) (text); Home Away From Home (Thursday, February 24, 2011) (text); In China, It's already February 26 - My Mother's Birthday (Friday, February 25, 2011) (text); Teaching Begins (Monday, February 28, 2011) (text); Teaching, 2 (Tuesday, March 1, 2011) (text); Plum Blossom Festival (Friday, March 4, 2011) (text); Nanjing Normal University (Friday, March 4, 2011) (text); What's to see in China? Tall Buildings! (text); Student Life at Nanjing University (Gulou) (Tuesday, March 8, 2011) (text); Roman Catholic Church in Nanjing (Wednesday, March 9, 2011) (text); A Sidelight - masks (Saturday, March 12, 2011) (text); What would Mao Say? (Monday, March 14, 2011) (text); Anticipating Cernobyl's 25th Anniversary (Tuesday, March 15, 2011) (text); Xianlin campus, Nanjing University (Wednesday, March 16, 2011) (text); St. Paul's Church, Nanjing (Friday, March 18, 2011) (text); Nanjing's metro (Saturday, March 19, 2011) (text); Nanjing Massacre Museumr (Sunday, March 20, 2011) (text); Johns Hopkins - Nanjing University Center (Tuesday, March 22, 2011) (text); Kids... (Sunday, March 20, 2011) (text); Eating in Nanjing (Thursday, March 31, 2011) (text)","Kaiser, Daniel H. (Faculty/Staff)",Grinnell College. History,China,,,,,,,,,,,,,"While teaching in Nanjing, Daniel Kaiser, Professor Emeritus of History, kept a blog entitled /""China Adventure/"" that stretched from travel preparations in mid-January to his return to Iowa in late March. Some posts relate directly to teaching and the university; other posts touch on life in China; and several describe the wedding of Dan's son, Andrew (GC 2004).",,,"While teaching in Nanjing, Daniel Kaiser, Professor Emeritus of History, kept a blog entitled /""China Adventure/""",Grinnell College,Grinnell College,2011,2011,2011,,,compound,born digital,27 objects,27 objects,,,,English,,Faculty Scholarship,Faculty Scholarship,Faculty Scholarship,,Nanjing Shi (China),,2011,"Copyright to this work is held by the author(s), in accordance with United States copyright law (USC 17). Readers of this work have certain rights as defined by the law, including but not limited to fair use (17 USC 107 et seq.).",,,,,,,,,,,,,,0242  https://docs.google.com/spreadsheets/d/1JzW8TGU8qJlBAlyoMyDS1mkLTGoaLrsCzVtwQo-4JlU/edit?usp=sharing,"{/""worksheet/"": /""https://docs.google.com/spreadsheets/d/1JzW8TGU8qJlBAlyoMyDS1mkLTGoaLrsCzVtwQo-4JlU#gid=1570273558/"", /""directory/"": /""smb://storage/mediadb/DGingest/Migration-to-Alma/exports/faculty-scholarship/"", /""children/"": [{/""pid/"": /""grinnell:11336/"", /""title/"": /""Our First Few Days In China (Sunday, January 23, 2011)/"", /""files/"": [/""grinnell_11336_MODS.xml/"", /""grinnell_11336_RELS-EXT.rdf/""]}, {/""pid/"": /""grinnell:11243/"", /""title/"": /""Wedding Festivities, Part 1 (Wednesday, February 9, 2011)/"", /""files/"": [/""grinnell_11243_MODS.xml/"", /""grinnell_11243_RELS-EXT.rdf/""]}, {/""pid/"": /""grinnell:11244/"", /""title/"": /""Wedding, Part 2 (Friday, February 11, 2011)/"", /""files/"": [/""grinnell_11244_MODS.xml/"", /""grinnell_11244_RELS-EXT.rdf/""]}, {/""pid/"": /""grinnell:11247/"", /""title/"": /""Wedding, Part 3 (Saturday, February 12, 2011)/"", /""files/"": [/""grinnell_11247_MODS.xml/"", /""grinnell_11247_RELS-EXT.rdf/""]}, {/""pid/"": /""grinnell:11250/"", /""title/"": /""Wedding; the Guests (Monday, February 14, 2011)/"", /""files/"": [/""grinnell_11250_MODS.xml/"", /""grinnell_11250_RELS-EXT.rdf/""]}, {/""pid/"": /""grinnell:11251/"", /""title/"": /""Guilin (Wednesday, February 16, 2011)/"", /""files/"": [/""grinnell_11251_MODS.xml/"", /""grinnell_11251_RELS-EXT.rdf/""]}, {/""pid/"": /""grinnell:11252/"", /""title/"": /""What's to see in China? ...Did you say 'IKEA?\\/"" (Monday, February 21, 2011)/"", /""files/"": [/""grinnell_11252_MODS.xml/"", /""grinnell_11252_RELS-EXT.rdf/""]}, {/""pid/"": /""grinnell:11253/"", /""title/"": /""Buildings and history... (Wednesday, February 23, 2011)/"", /""files/"": [/""grinnell_11253_MODS.xml/"", /""grinnell_11253_RELS-EXT.rdf/""]}, {/""pid/"": /""grinnell:11254/"", /""title/"": /""Home Away From Home (Thursday, February 24, 2011)/"", /""files/"": [/""grinnell_11254_MODS.xml/"", /""grinnell_11254_RELS-EXT.rdf/""]}, {/""pid/"": /""grinnell:11257/"", /""title/"": /""In China, It's already February 26 - My Mother's Birthday (Friday, February 25, 2011)/"", /""files/"": [/""grinnell_11257_MODS.xml/"", /""grinnell_11257_RELS-EXT.rdf/""]}, {/""pid/"": /""grinnell:11260/"", /""title/"": /""Teaching Begins (Monday, February 28, 2011)/"", /""files/"": [/""grinnell_11260_MODS.xml/"", /""grinnell_11260_RELS-EXT.rdf/""]}, {/""pid/"": /""grinnell:11262/"", /""title/"": /""Teaching, 2 (Tuesday, March 1, 2011)/"", /""files/"": [/""grinnell_11262_MODS.xml/"", /""grinnell_11262_RELS-EXT.rdf/""]}, {/""pid/"": /""grinnell:11267/"", /""title/"": /""Plum Blossom Festival (Friday, March 4, 2011)/"", /""files/"": [/""grinnell_11267_MODS.xml/"", /""grinnell_11267_RELS-EXT.rdf/""]}, {/""pid/"": /""grinnell:11268/"", /""title/"": /""Nanjing Normal University (Friday, March 4, 2011)/"", /""files/"": [/""grinnell_11268_MODS.xml/"", /""grinnell_11268_RELS-EXT.rdf/""]}, {/""pid/"": /""grinnell:11271/"", /""title/"": /""What's to see in China? Tall Buildings!/"", /""files/"": [/""grinnell_11271_MODS.xml/"", /""grinnell_11271_RELS-EXT.rdf/""]}, {/""pid/"": /""grinnell:11272/"", /""title/"": /""Student Life at Nanjing University (Gulou) (Tuesday, March 8, 2011)/"", /""files/"": [/""grinnell_11272_MODS.xml/"", /""grinnell_11272_RELS-EXT.rdf/""]}, {/""pid/"": /""grinnell:11275/"", /""title/"": /""Roman Catholic Church in Nanjing (Wednesday, March 9, 2011)/"", /""files/"": [/""grinnell_11275_MODS.xml/"", /""grinnell_11275_RELS-EXT.rdf/""]}, {/""pid/"": /""grinnell:11276/"", /""title/"": /""A Sidelight - masks (Saturday, March 12, 2011)/"", /""files/"": [/""grinnell_11276_MODS.xml/"", /""grinnell_11276_RELS-EXT.rdf/""]}, {/""pid/"": /""grinnell:11279/"", /""title/"": /""What would Mao Say? (Monday, March 14, 2011)/"", /""files/"": [/""grinnell_11279_MODS.xml/"", /""grinnell_11279_RELS-EXT.rdf/""]}, {/""pid/"": /""grinnell:11280/"", /""title/"": /""Anticipating Cernobyl's 25th Anniversary (Tuesday, March 15, 2011)/"", /""files/"": [/""grinnell_11280_MODS.xml/"", /""grinnell_11280_RELS-EXT.rdf/""]}, {/""pid/"": /""grinnell:11281/"", /""title/"": /""Xianlin campus, Nanjing University (Wednesday, March 16, 2011)/"", /""files/"": [/""grinnell_11281_MODS.xml/"", /""grinnell_11281_RELS-EXT.rdf/""]}, {/""pid/"": /""grinnell:11282/"", /""title/"": /""St. Paul's Church, Nanjing (Friday, March 18, 2011)/"", /""files/"": [/""grinnell_11282_MODS.xml/"", /""grinnell_11282_RELS-EXT.rdf/""]}, {/""pid/"": /""grinnell:11283/"", /""title/"": /""Nanjing's metro (Saturday, March 19, 2011)/"", /""files/"": [/""grinnell_11283_MODS.xml/"", /""grinnell_11283_RELS-EXT.rdf/""]}, {/""pid/"": /""grinnell:11286/"", /""title/"": /""Nanjing Massacre Museumr (Sunday, March 20, 2011)/"", /""files/"": [/""grinnell_11286_MODS.xml/"", /""grinnell_11286_RELS-EXT.rdf/""]}, {/""pid/"": /""grinnell:11287/"", /""title/"": /""Johns Hopkins - Nanjing University Center (Tuesday, March 22, 2011)/"", /""files/"": [/""grinnell_11287_MODS.xml/"", /""grinnell_11287_RELS-EXT.rdf/""]}, {/""pid/"": /""grinnell:11290/"", /""title/"": /""Kids... (Sunday, March 20, 2011)/"", /""files/"": [/""grinnell_11290_MODS.xml/"", /""grinnell_11290_RELS-EXT.rdf/""]}, {/""pid/"": /""grinnell:11293/"", /""title/"": /""Eating in Nanjing (Thursday, March 31, 2011)/"", /""files/"": [/""grinnell_11293_MODS.xml/"", /""grinnell_11293_RELS-EXT.rdf/""]}], /""paren/"": {/""pid/"": /""grinnell:5000/"", /""title/"": /""China Adventure - A Blog by Professor Daniel Kaiser/"", /""files/"": [/""grinnell_5000_MODS.xml/"", /""grinnell_5000_RELS-EXT.rdf/""]}}"
,,991011507139404641,991011507139404641,parent: grinnell:5000,China Adventure - A Blog by Professor Daniel Kaiser,,,grinnell:5000; grinnell:5000; http://hdl.handle.net/11084/5000; alma:01GCL_INST/bibs/991011507139404641,http://hdl.handle.net/11084/5000,"China Adventure - A Blog by Professor Daniel Kaiser (compound); Our First Few Days In China (Sunday, January 23, 2011) (text); Wedding Festivities, Part 1 (Wednesday, February 9, 2011) (text); Wedding, Part 2 (Friday, February 11, 2011) (text); Wedding, Part 3 (Saturday, February 12, 2011) (text); Wedding; the Guests (Monday, February 14, 2011) (text); Guilin (Wednesday, February 16, 2011) (text); What's to see in China? ...Did you say 'IKEA?/"" (Monday, February 21, 2011) (text); Buildings and history... (Wednesday, February 23, 2011) (text); Home Away From Home (Thursday, February 24, 2011) (text); In China, It's already February 26 - My Mother's Birthday (Friday, February 25, 2011) (text); Teaching Begins (Monday, February 28, 2011) (text); Teaching, 2 (Tuesday, March 1, 2011) (text); Plum Blossom Festival (Friday, March 4, 2011) (text); Nanjing Normal University (Friday, March 4, 2011) (text); What's to see in China? Tall Buildings! (text); Student Life at Nanjing University (Gulou) (Tuesday, March 8, 2011) (text); Roman Catholic Church in Nanjing (Wednesday, March 9, 2011) (text); A Sidelight - masks (Saturday, March 12, 2011) (text); What would Mao Say? (Monday, March 14, 2011) (text); Anticipating Cernobyl's 25th Anniversary (Tuesday, March 15, 2011) (text); Xianlin campus, Nanjing University (Wednesday, March 16, 2011) (text); St. Paul's Church, Nanjing (Friday, March 18, 2011) (text); Nanjing's metro (Saturday, March 19, 2011) (text); Nanjing Massacre Museumr (Sunday, March 20, 2011) (text); Johns Hopkins - Nanjing University Center (Tuesday, March 22, 2011) (text); Kids... (Sunday, March 20, 2011) (text); Eating in Nanjing (Thursday, March 31, 2011) (text)","Kaiser, Daniel H. (Faculty/Staff)",Grinnell College. History,China,,,,,,,,,,,,,"While teaching in Nanjing, Daniel Kaiser, Professor Emeritus of History, kept a blog entitled /""China Adventure/"" that stretched from travel preparations in mid-January to his return to Iowa in late March. Some posts relate directly to teaching and the university; other posts touch on life in China; and several describe the wedding of Dan's son, Andrew (GC 2004).",,,"While teaching in Nanjing, Daniel Kaiser, Professor Emeritus of History, kept a blog entitled /""China Adventure/""",Grinnell College,Grinnell College,2011,2011,2011,,,compound,born digital,27 objects,27 objects,,,,English,,Faculty Scholarship,Faculty Scholarship,Faculty Scholarship,,Nanjing Shi (China),,2011,"Copyright to this work is held by the author(s), in accordance with United States copyright law (USC 17). Readers of this work have certain rights as defined by the law, including but not limited to fair use (17 USC 107 et seq.).",,,,,,,,,,,,,,0242  https://docs.google.com/spreadsheets/d/1JzW8TGU8qJlBAlyoMyDS1mkLTGoaLrsCzVtwQo-4JlU/edit?usp=sharing,"{/""worksheet/"": /""https://docs.google.com/spreadsheets/d/1JzW8TGU8qJlBAlyoMyDS1mkLTGoaLrsCzVtwQo-4JlU#gid=1570273558/"", /""directory/"": /""smb://storage/mediadb/DGingest/Migration-to-Alma/exports/faculty-scholarship/"", /""children/"": [{/""pid/"": /""grinnell:11336/"", /""title/"": /""Our First Few Days In China (Sunday, January 23, 2011)/"", /""files/"": [/""grinnell_11336_MODS.xml/"", /""grinnell_11336_RELS-EXT.rdf/""]}, {/""pid/"": /""grinnell:11243/"", /""title/"": /""Wedding Festivities, Part 1 (Wednesday, February 9, 2011)/"", /""files/"": [/""grinnell_11243_MODS.xml/"", /""grinnell_11243_RELS-EXT.rdf/""]}, {/""pid/"": /""grinnell:11244/"", /""title/"": /""Wedding, Part 2 (Friday, February 11, 2011)/"", /""files/"": [/""grinnell_11244_MODS.xml/"", /""grinnell_11244_RELS-EXT.rdf/""]}, {/""pid/"": /""grinnell:11247/"", /""title/"": /""Wedding, Part 3 (Saturday, February 12, 2011)/"", /""files/"": [/""grinnell_11247_MODS.xml/"", /""grinnell_11247_RELS-EXT.rdf/""]}, {/""pid/"": /""grinnell:11250/"", /""title/"": /""Wedding; the Guests (Monday, February 14, 2011)/"", /""files/"": [/""grinnell_11250_MODS.xml/"", /""grinnell_11250_RELS-EXT.rdf/""]}, {/""pid/"": /""grinnell:11251/"", /""title/"": /""Guilin (Wednesday, February 16, 2011)/"", /""files/"": [/""grinnell_11251_MODS.xml/"", /""grinnell_11251_RELS-EXT.rdf/""]}, {/""pid/"": /""grinnell:11252/"", /""title/"": /""What's to see in China? ...Did you say 'IKEA?\\/"" (Monday, February 21, 2011)/"", /""files/"": [/""grinnell_11252_MODS.xml/"", /""grinnell_11252_RELS-EXT.rdf/""]}, {/""pid/"": /""grinnell:11253/"", /""title/"": /""Buildings and history... (Wednesday, February 23, 2011)/"", /""files/"": [/""grinnell_11253_MODS.xml/"", /""grinnell_11253_RELS-EXT.rdf/""]}, {/""pid/"": /""grinnell:11254/"", /""title/"": /""Home Away From Home (Thursday, February 24, 2011)/"", /""files/"": [/""grinnell_11254_MODS.xml/"", /""grinnell_11254_RELS-EXT.rdf/""]}, {/""pid/"": /""grinnell:11257/"", /""title/"": /""In China, It's already February 26 - My Mother's Birthday (Friday, February 25, 2011)/"", /""files/"": [/""grinnell_11257_MODS.xml/"", /""grinnell_11257_RELS-EXT.rdf/""]}, {/""pid/"": /""grinnell:11260/"", /""title/"": /""Teaching Begins (Monday, February 28, 2011)/"", /""files/"": [/""grinnell_11260_MODS.xml/"", /""grinnell_11260_RELS-EXT.rdf/""]}, {/""pid/"": /""grinnell:11262/"", /""title/"": /""Teaching, 2 (Tuesday, March 1, 2011)/"", /""files/"": [/""grinnell_11262_MODS.xml/"", /""grinnell_11262_RELS-EXT.rdf/""]}, {/""pid/"": /""grinnell:11267/"", /""title/"": /""Plum Blossom Festival (Friday, March 4, 2011)/"", /""files/"": [/""grinnell_11267_MODS.xml/"", /""grinnell_11267_RELS-EXT.rdf/""]}, {/""pid/"": /""grinnell:11268/"", /""title/"": /""Nanjing Normal University (Friday, March 4, 2011)/"", /""files/"": [/""grinnell_11268_MODS.xml/"", /""grinnell_11268_RELS-EXT.rdf/""]}, {/""pid/"": /""grinnell:11271/"", /""title/"": /""What's to see in China? Tall Buildings!/"", /""files/"": [/""grinnell_11271_MODS.xml/"", /""grinnell_11271_RELS-EXT.rdf/""]}, {/""pid/"": /""grinnell:11272/"", /""title/"": /""Student Life at Nanjing University (Gulou) (Tuesday, March 8, 2011)/"", /""files/"": [/""grinnell_11272_MODS.xml/"", /""grinnell_11272_RELS-EXT.rdf/""]}, {/""pid/"": /""grinnell:11275/"", /""title/"": /""Roman Catholic Church in Nanjing (Wednesday, March 9, 2011)/"", /""files/"": [/""grinnell_11275_MODS.xml/"", /""grinnell_11275_RELS-EXT.rdf/""]}, {/""pid/"": /""grinnell:11276/"", /""title/"": /""A Sidelight - masks (Saturday, March 12, 2011)/"", /""files/"": [/""grinnell_11276_MODS.xml/"", /""grinnell_11276_RELS-EXT.rdf/""]}, {/""pid/"": /""grinnell:11279/"", /""title/"": /""What would Mao Say? (Monday, March 14, 2011)/"", /""files/"": [/""grinnell_11279_MODS.xml/"", /""grinnell_11279_RELS-EXT.rdf/""]}, {/""pid/"": /""grinnell:11280/"", /""title/"": /""Anticipating Cernobyl's 25th Anniversary (Tuesday, March 15, 2011)/"", /""files/"": [/""grinnell_11280_MODS.xml/"", /""grinnell_11280_RELS-EXT.rdf/""]}, {/""pid/"": /""grinnell:11281/"", /""title/"": /""Xianlin campus, Nanjing University (Wednesday, March 16, 2011)/"", /""files/"": [/""grinnell_11281_MODS.xml/"", /""grinnell_11281_RELS-EXT.rdf/""]}, {/""pid/"": /""grinnell:11282/"", /""title/"": /""St. Paul's Church, Nanjing (Friday, March 18, 2011)/"", /""files/"": [/""grinnell_11282_MODS.xml/"", /""grinnell_11282_RELS-EXT.rdf/""]}, {/""pid/"": /""grinnell:11283/"", /""title/"": /""Nanjing's metro (Saturday, March 19, 2011)/"", /""files/"": [/""grinnell_11283_MODS.xml/"", /""grinnell_11283_RELS-EXT.rdf/""]}, {/""pid/"": /""grinnell:11286/"", /""title/"": /""Nanjing Massacre Museumr (Sunday, March 20, 2011)/"", /""files/"": [/""grinnell_11286_MODS.xml/"", /""grinnell_11286_RELS-EXT.rdf/""]}, {/""pid/"": /""grinnell:11287/"", /""title/"": /""Johns Hopkins - Nanjing University Center (Tuesday, March 22, 2011)/"", /""files/"": [/""grinnell_11287_MODS.xml/"", /""grinnell_11287_RELS-EXT.rdf/""]}, {/""pid/"": /""grinnell:11290/"", /""title/"": /""Kids... (Sunday, March 20, 2011)/"", /""files/"": [/""grinnell_11290_MODS.xml/"", /""grinnell_11290_RELS-EXT.rdf/""]}, {/""pid/"": /""grinnell:11293/"", /""title/"": /""Eating in Nanjing (Thursday, March 31, 2011)/"", /""files/"": [/""grinnell_11293_MODS.xml/"", /""grinnell_11293_RELS-EXT.rdf/""]}], /""paren/"": {/""pid/"": /""grinnell:5000/"", /""title/"": /""China Adventure - A Blog by Professor Daniel Kaiser/"", /""files/"": [/""grinnell_5000_MODS.xml/"", /""grinnell_5000_RELS-EXT.rdf/""]}}"
,,991011507139404641,991011507139404641,parent: grinnell:5000,China Adventure - A Blog by Professor Daniel Kaiser,,,grinnell:5000; grinnell:5000; http://hdl.handle.net/11084/5000; alma:01GCL_INST/bibs/991011507139404641,http://hdl.handle.net/11084/5000,"China Adventure - A Blog by Professor Daniel Kaiser (compound); Our First Few Days In China (Sunday, January 23, 2011) (text); Wedding Festivities, Part 1 (Wednesday, February 9, 2011) (text); Wedding, Part 2 (Friday, February 11, 2011) (text); Wedding, Part 3 (Saturday, February 12, 2011) (text); Wedding; the Guests (Monday, February 14, 2011) (text); Guilin (Wednesday, February 16, 2011) (text); What's to see in China? ...Did you say 'IKEA?/"" (Monday, February 21, 2011) (text); Buildings and history... (Wednesday, February 23, 2011) (text); Home Away From Home (Thursday, February 24, 2011) (text); In China, It's already February 26 - My Mother's Birthday (Friday, February 25, 2011) (text); Teaching Begins (Monday, February 28, 2011) (text); Teaching, 2 (Tuesday, March 1, 2011) (text); Plum Blossom Festival (Friday, March 4, 2011) (text); Nanjing Normal University (Friday, March 4, 2011) (text); What's to see in China? Tall Buildings! (text); Student Life at Nanjing University (Gulou) (Tuesday, March 8, 2011) (text); Roman Catholic Church in Nanjing (Wednesday, March 9, 2011) (text); A Sidelight - masks (Saturday, March 12, 2011) (text); What would Mao Say? (Monday, March 14, 2011) (text); Anticipating Cernobyl's 25th Anniversary (Tuesday, March 15, 2011) (text); Xianlin campus, Nanjing University (Wednesday, March 16, 2011) (text); St. Paul's Church, Nanjing (Friday, March 18, 2011) (text); Nanjing's metro (Saturday, March 19, 2011) (text); Nanjing Massacre Museumr (Sunday, March 20, 2011) (text); Johns Hopkins - Nanjing University Center (Tuesday, March 22, 2011) (text); Kids... (Sunday, March 20, 2011) (text); Eating in Nanjing (Thursday, March 31, 2011) (text)","Kaiser, Daniel H. (Faculty/Staff)",Grinnell College. History,China,,,,,,,,,,,,,"While teaching in Nanjing, Daniel Kaiser, Professor Emeritus of History, kept a blog entitled /""China Adventure/"" that stretched from travel preparations in mid-January to his return to Iowa in late March. Some posts relate directly to teaching and the university; other posts touch on life in China; and several describe the wedding of Dan's son, Andrew (GC 2004).",,,"While teaching in Nanjing, Daniel Kaiser, Professor Emeritus of History, kept a blog entitled /""China Adventure/""",Grinnell College,Grinnell College,2011,2011,2011,,,compound,born digital,27 objects,27 objects,,,,English,,Faculty Scholarship,Faculty Scholarship,Faculty Scholarship,,Nanjing Shi (China),,2011,"Copyright to this work is held by the author(s), in accordance with United States copyright law (USC 17). Readers of this work have certain rights as defined by the law, including but not limited to fair use (17 USC 107 et seq.).",,,,,,,,,,,,,,0242  https://docs.google.com/spreadsheets/d/1JzW8TGU8qJlBAlyoMyDS1mkLTGoaLrsCzVtwQo-4JlU/edit?usp=sharing,"{/""worksheet/"": /""https://docs.google.com/spreadsheets/d/1JzW8TGU8qJlBAlyoMyDS1mkLTGoaLrsCzVtwQo-4JlU#gid=1570273558/"", /""directory/"": /""smb://storage/mediadb/DGingest/Migration-to-Alma/exports/faculty-scholarship/"", /""children/"": [{/""pid/"": /""grinnell:11336/"", /""title/"": /""Our First Few Days In China (Sunday, January 23, 2011)/"", /""files/"": [/""grinnell_11336_MODS.xml/"", /""grinnell_11336_RELS-EXT.rdf/""]}, {/""pid/"": /""grinnell:11243/"", /""title/"": /""Wedding Festivities, Part 1 (Wednesday, February 9, 2011)/"", /""files/"": [/""grinnell_11243_MODS.xml/"", /""grinnell_11243_RELS-EXT.rdf/""]}, {/""pid/"": /""grinnell:11244/"", /""title/"": /""Wedding, Part 2 (Friday, February 11, 2011)/"", /""files/"": [/""grinnell_11244_MODS.xml/"", /""grinnell_11244_RELS-EXT.rdf/""]}, {/""pid/"": /""grinnell:11247/"", /""title/"": /""Wedding, Part 3 (Saturday, February 12, 2011)/"", /""files/"": [/""grinnell_11247_MODS.xml/"", /""grinnell_11247_RELS-EXT.rdf/""]}, {/""pid/"": /""grinnell:11250/"", /""title/"": /""Wedding; the Guests (Monday, February 14, 2011)/"", /""files/"": [/""grinnell_11250_MODS.xml/"", /""grinnell_11250_RELS-EXT.rdf/""]}, {/""pid/"": /""grinnell:11251/"", /""title/"": /""Guilin (Wednesday, February 16, 2011)/"", /""files/"": [/""grinnell_11251_MODS.xml/"", /""grinnell_11251_RELS-EXT.rdf/""]}, {/""pid/"": /""grinnell:11252/"", /""title/"": /""What's to see in China? ...Did you say 'IKEA?\\/"" (Monday, February 21, 2011)/"", /""files/"": [/""grinnell_11252_MODS.xml/"", /""grinnell_11252_RELS-EXT.rdf/""]}, {/""pid/"": /""grinnell:11253/"", /""title/"": /""Buildings and history... (Wednesday, February 23, 2011)/"", /""files/"": [/""grinnell_11253_MODS.xml/"", /""grinnell_11253_RELS-EXT.rdf/""]}, {/""pid/"": /""grinnell:11254/"", /""title/"": /""Home Away From Home (Thursday, February 24, 2011)/"", /""files/"": [/""grinnell_11254_MODS.xml/"", /""grinnell_11254_RELS-EXT.rdf/""]}, {/""pid/"": /""grinnell:11257/"", /""title/"": /""In China, It's already February 26 - My Mother's Birthday (Friday, February 25, 2011)/"", /""files/"": [/""grinnell_11257_MODS.xml/"", /""grinnell_11257_RELS-EXT.rdf/""]}, {/""pid/"": /""grinnell:11260/"", /""title/"": /""Teaching Begins (Monday, February 28, 2011)/"", /""files/"": [/""grinnell_11260_MODS.xml/"", /""grinnell_11260_RELS-EXT.rdf/""]}, {/""pid/"": /""grinnell:11262/"", /""title/"": /""Teaching, 2 (Tuesday, March 1, 2011)/"", /""files/"": [/""grinnell_11262_MODS.xml/"", /""grinnell_11262_RELS-EXT.rdf/""]}, {/""pid/"": /""grinnell:11267/"", /""title/"": /""Plum Blossom Festival (Friday, March 4, 2011)/"", /""files/"": [/""grinnell_11267_MODS.xml/"", /""grinnell_11267_RELS-EXT.rdf/""]}, {/""pid/"": /""grinnell:11268/"", /""title/"": /""Nanjing Normal University (Friday, March 4, 2011)/"", /""files/"": [/""grinnell_11268_MODS.xml/"", /""grinnell_11268_RELS-EXT.rdf/""]}, {/""pid/"": /""grinnell:11271/"", /""title/"": /""What's to see in China? Tall Buildings!/"", /""files/"": [/""grinnell_11271_MODS.xml/"", /""grinnell_11271_RELS-EXT.rdf/""]}, {/""pid/"": /""grinnell:11272/"", /""title/"": /""Student Life at Nanjing University (Gulou) (Tuesday, March 8, 2011)/"", /""files/"": [/""grinnell_11272_MODS.xml/"", /""grinnell_11272_RELS-EXT.rdf/""]}, {/""pid/"": /""grinnell:11275/"", /""title/"": /""Roman Catholic Church in Nanjing (Wednesday, March 9, 2011)/"", /""files/"": [/""grinnell_11275_MODS.xml/"", /""grinnell_11275_RELS-EXT.rdf/""]}, {/""pid/"": /""grinnell:11276/"", /""title/"": /""A Sidelight - masks (Saturday, March 12, 2011)/"", /""files/"": [/""grinnell_11276_MODS.xml/"", /""grinnell_11276_RELS-EXT.rdf/""]}, {/""pid/"": /""grinnell:11279/"", /""title/"": /""What would Mao Say? (Monday, March 14, 2011)/"", /""files/"": [/""grinnell_11279_MODS.xml/"", /""grinnell_11279_RELS-EXT.rdf/""]}, {/""pid/"": /""grinnell:11280/"", /""title/"": /""Anticipating Cernobyl's 25th Anniversary (Tuesday, March 15, 2011)/"", /""files/"": [/""grinnell_11280_MODS.xml/"", /""grinnell_11280_RELS-EXT.rdf/""]}, {/""pid/"": /""grinnell:11281/"", /""title/"": /""Xianlin campus, Nanjing University (Wednesday, March 16, 2011)/"", /""files/"": [/""grinnell_11281_MODS.xml/"", /""grinnell_11281_RELS-EXT.rdf/""]}, {/""pid/"": /""grinnell:11282/"", /""title/"": /""St. Paul's Church, Nanjing (Friday, March 18, 2011)/"", /""files/"": [/""grinnell_11282_MODS.xml/"", /""grinnell_11282_RELS-EXT.rdf/""]}, {/""pid/"": /""grinnell:11283/"", /""title/"": /""Nanjing's metro (Saturday, March 19, 2011)/"", /""files/"": [/""grinnell_11283_MODS.xml/"", /""grinnell_11283_RELS-EXT.rdf/""]}, {/""pid/"": /""grinnell:11286/"", /""title/"": /""Nanjing Massacre Museumr (Sunday, March 20, 2011)/"", /""files/"": [/""grinnell_11286_MODS.xml/"", /""grinnell_11286_RELS-EXT.rdf/""]}, {/""pid/"": /""grinnell:11287/"", /""title/"": /""Johns Hopkins - Nanjing University Center (Tuesday, March 22, 2011)/"", /""files/"": [/""grinnell_11287_MODS.xml/"", /""grinnell_11287_RELS-EXT.rdf/""]}, {/""pid/"": /""grinnell:11290/"", /""title/"": /""Kids... (Sunday, March 20, 2011)/"", /""files/"": [/""grinnell_11290_MODS.xml/"", /""grinnell_11290_RELS-EXT.rdf/""]}, {/""pid/"": /""grinnell:11293/"", /""title/"": /""Eating in Nanjing (Thursday, March 31, 2011)/"", /""files/"": [/""grinnell_11293_MODS.xml/"", /""grinnell_11293_RELS-EXT.rdf/""]}], /""paren/"": {/""pid/"": /""grinnell:5000/"", /""title/"": /""China Adventure - A Blog by Professor Daniel Kaiser/"", /""files/"": [/""grinnell_5000_MODS.xml/"", /""grinnell_5000_RELS-EXT.rdf/""]}}"
,,991011507139404641,991011507139404641,parent: grinnell:5000,China Adventure - A Blog by Professor Daniel Kaiser,,,grinnell:5000; grinnell:5000; http://hdl.handle.net/11084/5000; alma:01GCL_INST/bibs/991011507139404641,http://hdl.handle.net/11084/5000,"China Adventure - A Blog by Professor Daniel Kaiser (compound); Our First Few Days In China (Sunday, January 23, 2011) (text); Wedding Festivities, Part 1 (Wednesday, February 9, 2011) (text); Wedding, Part 2 (Friday, February 11, 2011) (text); Wedding, Part 3 (Saturday, February 12, 2011) (text); Wedding; the Guests (Monday, February 14, 2011) (text); Guilin (Wednesday, February 16, 2011) (text); What's to see in China? ...Did you say 'IKEA?/"" (Monday, February 21, 2011) (text); Buildings and history... (Wednesday, February 23, 2011) (text); Home Away From Home (Thursday, February 24, 2011) (text); In China, It's already February 26 - My Mother's Birthday (Friday, February 25, 2011) (text); Teaching Begins (Monday, February 28, 2011) (text); Teaching, 2 (Tuesday, March 1, 2011) (text); Plum Blossom Festival (Friday, March 4, 2011) (text); Nanjing Normal University (Friday, March 4, 2011) (text); What's to see in China? Tall Buildings! (text); Student Life at Nanjing University (Gulou) (Tuesday, March 8, 2011) (text); Roman Catholic Church in Nanjing (Wednesday, March 9, 2011) (text); A Sidelight - masks (Saturday, March 12, 2011) (text); What would Mao Say? (Monday, March 14, 2011) (text); Anticipating Cernobyl's 25th Anniversary (Tuesday, March 15, 2011) (text); Xianlin campus, Nanjing University (Wednesday, March 16, 2011) (text); St. Paul's Church, Nanjing (Friday, March 18, 2011) (text); Nanjing's metro (Saturday, March 19, 2011) (text); Nanjing Massacre Museumr (Sunday, March 20, 2011) (text); Johns Hopkins - Nanjing University Center (Tuesday, March 22, 2011) (text); Kids... (Sunday, March 20, 2011) (text); Eating in Nanjing (Thursday, March 31, 2011) (text)","Kaiser, Daniel H. (Faculty/Staff)",Grinnell College. History,China,,,,,,,,,,,,,"While teaching in Nanjing, Daniel Kaiser, Professor Emeritus of History, kept a blog entitled /""China Adventure/"" that stretched from travel preparations in mid-January to his return to Iowa in late March. Some posts relate directly to teaching and the university; other posts touch on life in China; and several describe the wedding of Dan's son, Andrew (GC 2004).",,,"While teaching in Nanjing, Daniel Kaiser, Professor Emeritus of History, kept a blog entitled /""China Adventure/""",Grinnell College,Grinnell College,2011,2011,2011,,,compound,born digital,27 objects,27 objects,,,,English,,Faculty Scholarship,Faculty Scholarship,Faculty Scholarship,,Nanjing Shi (China),,2011,"Copyright to this work is held by the author(s), in accordance with United States copyright law (USC 17). Readers of this work have certain rights as defined by the law, including but not limited to fair use (17 USC 107 et seq.).",,,,,,,,,,,,,,0242  https://docs.google.com/spreadsheets/d/1JzW8TGU8qJlBAlyoMyDS1mkLTGoaLrsCzVtwQo-4JlU/edit?usp=sharing,"{/""worksheet/"": /""https://docs.google.com/spreadsheets/d/1JzW8TGU8qJlBAlyoMyDS1mkLTGoaLrsCzVtwQo-4JlU#gid=1570273558/"", /""directory/"": /""smb://storage/mediadb/DGingest/Migration-to-Alma/exports/faculty-scholarship/"", /""children/"": [{/""pid/"": /""grinnell:11336/"", /""title/"": /""Our First Few Days In China (Sunday, January 23, 2011)/"", /""files/"": [/""grinnell_11336_MODS.xml/"", /""grinnell_11336_RELS-EXT.rdf/""]}, {/""pid/"": /""grinnell:11243/"", /""title/"": /""Wedding Festivities, Part 1 (Wednesday, February 9, 2011)/"", /""files/"": [/""grinnell_11243_MODS.xml/"", /""grinnell_11243_RELS-EXT.rdf/""]}, {/""pid/"": /""grinnell:11244/"", /""title/"": /""Wedding, Part 2 (Friday, February 11, 2011)/"", /""files/"": [/""grinnell_11244_MODS.xml/"", /""grinnell_11244_RELS-EXT.rdf/""]}, {/""pid/"": /""grinnell:11247/"", /""title/"": /""Wedding, Part 3 (Saturday, February 12, 2011)/"", /""files/"": [/""grinnell_11247_MODS.xml/"", /""grinnell_11247_RELS-EXT.rdf/""]}, {/""pid/"": /""grinnell:11250/"", /""title/"": /""Wedding; the Guests (Monday, February 14, 2011)/"", /""files/"": [/""grinnell_11250_MODS.xml/"", /""grinnell_11250_RELS-EXT.rdf/""]}, {/""pid/"": /""grinnell:11251/"", /""title/"": /""Guilin (Wednesday, February 16, 2011)/"", /""files/"": [/""grinnell_11251_MODS.xml/"", /""grinnell_11251_RELS-EXT.rdf/""]}, {/""pid/"": /""grinnell:11252/"", /""title/"": /""What's to see in China? ...Did you say 'IKEA?\\/"" (Monday, February 21, 2011)/"", /""files/"": [/""grinnell_11252_MODS.xml/"", /""grinnell_11252_RELS-EXT.rdf/""]}, {/""pid/"": /""grinnell:11253/"", /""title/"": /""Buildings and history... (Wednesday, February 23, 2011)/"", /""files/"": [/""grinnell_11253_MODS.xml/"", /""grinnell_11253_RELS-EXT.rdf/""]}, {/""pid/"": /""grinnell:11254/"", /""title/"": /""Home Away From Home (Thursday, February 24, 2011)/"", /""files/"": [/""grinnell_11254_MODS.xml/"", /""grinnell_11254_RELS-EXT.rdf/""]}, {/""pid/"": /""grinnell:11257/"", /""title/"": /""In China, It's already February 26 - My Mother's Birthday (Friday, February 25, 2011)/"", /""files/"": [/""grinnell_11257_MODS.xml/"", /""grinnell_11257_RELS-EXT.rdf/""]}, {/""pid/"": /""grinnell:11260/"", /""title/"": /""Teaching Begins (Monday, February 28, 2011)/"", /""files/"": [/""grinnell_11260_MODS.xml/"", /""grinnell_11260_RELS-EXT.rdf/""]}, {/""pid/"": /""grinnell:11262/"", /""title/"": /""Teaching, 2 (Tuesday, March 1, 2011)/"", /""files/"": [/""grinnell_11262_MODS.xml/"", /""grinnell_11262_RELS-EXT.rdf/""]}, {/""pid/"": /""grinnell:11267/"", /""title/"": /""Plum Blossom Festival (Friday, March 4, 2011)/"", /""files/"": [/""grinnell_11267_MODS.xml/"", /""grinnell_11267_RELS-EXT.rdf/""]}, {/""pid/"": /""grinnell:11268/"", /""title/"": /""Nanjing Normal University (Friday, March 4, 2011)/"", /""files/"": [/""grinnell_11268_MODS.xml/"", /""grinnell_11268_RELS-EXT.rdf/""]}, {/""pid/"": /""grinnell:11271/"", /""title/"": /""What's to see in China? Tall Buildings!/"", /""files/"": [/""grinnell_11271_MODS.xml/"", /""grinnell_11271_RELS-EXT.rdf/""]}, {/""pid/"": /""grinnell:11272/"", /""title/"": /""Student Life at Nanjing University (Gulou) (Tuesday, March 8, 2011)/"", /""files/"": [/""grinnell_11272_MODS.xml/"", /""grinnell_11272_RELS-EXT.rdf/""]}, {/""pid/"": /""grinnell:11275/"", /""title/"": /""Roman Catholic Church in Nanjing (Wednesday, March 9, 2011)/"", /""files/"": [/""grinnell_11275_MODS.xml/"", /""grinnell_11275_RELS-EXT.rdf/""]}, {/""pid/"": /""grinnell:11276/"", /""title/"": /""A Sidelight - masks (Saturday, March 12, 2011)/"", /""files/"": [/""grinnell_11276_MODS.xml/"", /""grinnell_11276_RELS-EXT.rdf/""]}, {/""pid/"": /""grinnell:11279/"", /""title/"": /""What would Mao Say? (Monday, March 14, 2011)/"", /""files/"": [/""grinnell_11279_MODS.xml/"", /""grinnell_11279_RELS-EXT.rdf/""]}, {/""pid/"": /""grinnell:11280/"", /""title/"": /""Anticipating Cernobyl's 25th Anniversary (Tuesday, March 15, 2011)/"", /""files/"": [/""grinnell_11280_MODS.xml/"", /""grinnell_11280_RELS-EXT.rdf/""]}, {/""pid/"": /""grinnell:11281/"", /""title/"": /""Xianlin campus, Nanjing University (Wednesday, March 16, 2011)/"", /""files/"": [/""grinnell_11281_MODS.xml/"", /""grinnell_11281_RELS-EXT.rdf/""]}, {/""pid/"": /""grinnell:11282/"", /""title/"": /""St. Paul's Church, Nanjing (Friday, March 18, 2011)/"", /""files/"": [/""grinnell_11282_MODS.xml/"", /""grinnell_11282_RELS-EXT.rdf/""]}, {/""pid/"": /""grinnell:11283/"", /""title/"": /""Nanjing's metro (Saturday, March 19, 2011)/"", /""files/"": [/""grinnell_11283_MODS.xml/"", /""grinnell_11283_RELS-EXT.rdf/""]}, {/""pid/"": /""grinnell:11286/"", /""title/"": /""Nanjing Massacre Museumr (Sunday, March 20, 2011)/"", /""files/"": [/""grinnell_11286_MODS.xml/"", /""grinnell_11286_RELS-EXT.rdf/""]}, {/""pid/"": /""grinnell:11287/"", /""title/"": /""Johns Hopkins - Nanjing University Center (Tuesday, March 22, 2011)/"", /""files/"": [/""grinnell_11287_MODS.xml/"", /""grinnell_11287_RELS-EXT.rdf/""]}, {/""pid/"": /""grinnell:11290/"", /""title/"": /""Kids... (Sunday, March 20, 2011)/"", /""files/"": [/""grinnell_11290_MODS.xml/"", /""grinnell_11290_RELS-EXT.rdf/""]}, {/""pid/"": /""grinnell:11293/"", /""title/"": /""Eating in Nanjing (Thursday, March 31, 2011)/"", /""files/"": [/""grinnell_11293_MODS.xml/"", /""grinnell_11293_RELS-EXT.rdf/""]}], /""paren/"": {/""pid/"": /""grinnell:5000/"", /""title/"": /""China Adventure - A Blog by Professor Daniel Kaiser/"", /""files/"": [/""grinnell_5000_MODS.xml/"", /""grinnell_5000_RELS-EXT.rdf/""]}}"
,,991011507139404641,991011507139404641,parent: grinnell:5000,China Adventure - A Blog by Professor Daniel Kaiser,,,grinnell:5000; grinnell:5000; http://hdl.handle.net/11084/5000; alma:01GCL_INST/bibs/991011507139404641,http://hdl.handle.net/11084/5000,"China Adventure - A Blog by Professor Daniel Kaiser (compound); Our First Few Days In China (Sunday, January 23, 2011) (text); Wedding Festivities, Part 1 (Wednesday, February 9, 2011) (text); Wedding, Part 2 (Friday, February 11, 2011) (text); Wedding, Part 3 (Saturday, February 12, 2011) (text); Wedding; the Guests (Monday, February 14, 2011) (text); Guilin (Wednesday, February 16, 2011) (text); What's to see in China? ...Did you say 'IKEA?/"" (Monday, February 21, 2011) (text); Buildings and history... (Wednesday, February 23, 2011) (text); Home Away From Home (Thursday, February 24, 2011) (text); In China, It's already February 26 - My Mother's Birthday (Friday, February 25, 2011) (text); Teaching Begins (Monday, February 28, 2011) (text); Teaching, 2 (Tuesday, March 1, 2011) (text); Plum Blossom Festival (Friday, March 4, 2011) (text); Nanjing Normal University (Friday, March 4, 2011) (text); What's to see in China? Tall Buildings! (text); Student Life at Nanjing University (Gulou) (Tuesday, March 8, 2011) (text); Roman Catholic Church in Nanjing (Wednesday, March 9, 2011) (text); A Sidelight - masks (Saturday, March 12, 2011) (text); What would Mao Say? (Monday, March 14, 2011) (text); Anticipating Cernobyl's 25th Anniversary (Tuesday, March 15, 2011) (text); Xianlin campus, Nanjing University (Wednesday, March 16, 2011) (text); St. Paul's Church, Nanjing (Friday, March 18, 2011) (text); Nanjing's metro (Saturday, March 19, 2011) (text); Nanjing Massacre Museumr (Sunday, March 20, 2011) (text); Johns Hopkins - Nanjing University Center (Tuesday, March 22, 2011) (text); Kids... (Sunday, March 20, 2011) (text); Eating in Nanjing (Thursday, March 31, 2011) (text)","Kaiser, Daniel H. (Faculty/Staff)",Grinnell College. History,China,,,,,,,,,,,,,"While teaching in Nanjing, Daniel Kaiser, Professor Emeritus of History, kept a blog entitled /""China Adventure/"" that stretched from travel preparations in mid-January to his return to Iowa in late March. Some posts relate directly to teaching and the university; other posts touch on life in China; and several describe the wedding of Dan's son, Andrew (GC 2004).",,,"While teaching in Nanjing, Daniel Kaiser, Professor Emeritus of History, kept a blog entitled /""China Adventure/""",Grinnell College,Grinnell College,2011,2011,2011,,,compound,born digital,27 objects,27 objects,,,,English,,Faculty Scholarship,Faculty Scholarship,Faculty Scholarship,,Nanjing Shi (China),,2011,"Copyright to this work is held by the author(s), in accordance with United States copyright law (USC 17). Readers of this work have certain rights as defined by the law, including but not limited to fair use (17 USC 107 et seq.).",,,,,,,,,,,,,,0242  https://docs.google.com/spreadsheets/d/1JzW8TGU8qJlBAlyoMyDS1mkLTGoaLrsCzVtwQo-4JlU/edit?usp=sharing,"{/""worksheet/"": /""https://docs.google.com/spreadsheets/d/1JzW8TGU8qJlBAlyoMyDS1mkLTGoaLrsCzVtwQo-4JlU#gid=1570273558/"", /""directory/"": /""smb://storage/mediadb/DGingest/Migration-to-Alma/exports/faculty-scholarship/"", /""children/"": [{/""pid/"": /""grinnell:11336/"", /""title/"": /""Our First Few Days In China (Sunday, January 23, 2011)/"", /""files/"": [/""grinnell_11336_MODS.xml/"", /""grinnell_11336_RELS-EXT.rdf/""]}, {/""pid/"": /""grinnell:11243/"", /""title/"": /""Wedding Festivities, Part 1 (Wednesday, February 9, 2011)/"", /""files/"": [/""grinnell_11243_MODS.xml/"", /""grinnell_11243_RELS-EXT.rdf/""]}, {/""pid/"": /""grinnell:11244/"", /""title/"": /""Wedding, Part 2 (Friday, February 11, 2011)/"", /""files/"": [/""grinnell_11244_MODS.xml/"", /""grinnell_11244_RELS-EXT.rdf/""]}, {/""pid/"": /""grinnell:11247/"", /""title/"": /""Wedding, Part 3 (Saturday, February 12, 2011)/"", /""files/"": [/""grinnell_11247_MODS.xml/"", /""grinnell_11247_RELS-EXT.rdf/""]}, {/""pid/"": /""grinnell:11250/"", /""title/"": /""Wedding; the Guests (Monday, February 14, 2011)/"", /""files/"": [/""grinnell_11250_MODS.xml/"", /""grinnell_11250_RELS-EXT.rdf/""]}, {/""pid/"": /""grinnell:11251/"", /""title/"": /""Guilin (Wednesday, February 16, 2011)/"", /""files/"": [/""grinnell_11251_MODS.xml/"", /""grinnell_11251_RELS-EXT.rdf/""]}, {/""pid/"": /""grinnell:11252/"", /""title/"": /""What's to see in China? ...Did you say 'IKEA?\\/"" (Monday, February 21, 2011)/"", /""files/"": [/""grinnell_11252_MODS.xml/"", /""grinnell_11252_RELS-EXT.rdf/""]}, {/""pid/"": /""grinnell:11253/"", /""title/"": /""Buildings and history... (Wednesday, February 23, 2011)/"", /""files/"": [/""grinnell_11253_MODS.xml/"", /""grinnell_11253_RELS-EXT.rdf/""]}, {/""pid/"": /""grinnell:11254/"", /""title/"": /""Home Away From Home (Thursday, February 24, 2011)/"", /""files/"": [/""grinnell_11254_MODS.xml/"", /""grinnell_11254_RELS-EXT.rdf/""]}, {/""pid/"": /""grinnell:11257/"", /""title/"": /""In China, It's already February 26 - My Mother's Birthday (Friday, February 25, 2011)/"", /""files/"": [/""grinnell_11257_MODS.xml/"", /""grinnell_11257_RELS-EXT.rdf/""]}, {/""pid/"": /""grinnell:11260/"", /""title/"": /""Teaching Begins (Monday, February 28, 2011)/"", /""files/"": [/""grinnell_11260_MODS.xml/"", /""grinnell_11260_RELS-EXT.rdf/""]}, {/""pid/"": /""grinnell:11262/"", /""title/"": /""Teaching, 2 (Tuesday, March 1, 2011)/"", /""files/"": [/""grinnell_11262_MODS.xml/"", /""grinnell_11262_RELS-EXT.rdf/""]}, {/""pid/"": /""grinnell:11267/"", /""title/"": /""Plum Blossom Festival (Friday, March 4, 2011)/"", /""files/"": [/""grinnell_11267_MODS.xml/"", /""grinnell_11267_RELS-EXT.rdf/""]}, {/""pid/"": /""grinnell:11268/"", /""title/"": /""Nanjing Normal University (Friday, March 4, 2011)/"", /""files/"": [/""grinnell_11268_MODS.xml/"", /""grinnell_11268_RELS-EXT.rdf/""]}, {/""pid/"": /""grinnell:11271/"", /""title/"": /""What's to see in China? Tall Buildings!/"", /""files/"": [/""grinnell_11271_MODS.xml/"", /""grinnell_11271_RELS-EXT.rdf/""]}, {/""pid/"": /""grinnell:11272/"", /""title/"": /""Student Life at Nanjing University (Gulou) (Tuesday, March 8, 2011)/"", /""files/"": [/""grinnell_11272_MODS.xml/"", /""grinnell_11272_RELS-EXT.rdf/""]}, {/""pid/"": /""grinnell:11275/"", /""title/"": /""Roman Catholic Church in Nanjing (Wednesday, March 9, 2011)/"", /""files/"": [/""grinnell_11275_MODS.xml/"", /""grinnell_11275_RELS-EXT.rdf/""]}, {/""pid/"": /""grinnell:11276/"", /""title/"": /""A Sidelight - masks (Saturday, March 12, 2011)/"", /""files/"": [/""grinnell_11276_MODS.xml/"", /""grinnell_11276_RELS-EXT.rdf/""]}, {/""pid/"": /""grinnell:11279/"", /""title/"": /""What would Mao Say? (Monday, March 14, 2011)/"", /""files/"": [/""grinnell_11279_MODS.xml/"", /""grinnell_11279_RELS-EXT.rdf/""]}, {/""pid/"": /""grinnell:11280/"", /""title/"": /""Anticipating Cernobyl's 25th Anniversary (Tuesday, March 15, 2011)/"", /""files/"": [/""grinnell_11280_MODS.xml/"", /""grinnell_11280_RELS-EXT.rdf/""]}, {/""pid/"": /""grinnell:11281/"", /""title/"": /""Xianlin campus, Nanjing University (Wednesday, March 16, 2011)/"", /""files/"": [/""grinnell_11281_MODS.xml/"", /""grinnell_11281_RELS-EXT.rdf/""]}, {/""pid/"": /""grinnell:11282/"", /""title/"": /""St. Paul's Church, Nanjing (Friday, March 18, 2011)/"", /""files/"": [/""grinnell_11282_MODS.xml/"", /""grinnell_11282_RELS-EXT.rdf/""]}, {/""pid/"": /""grinnell:11283/"", /""title/"": /""Nanjing's metro (Saturday, March 19, 2011)/"", /""files/"": [/""grinnell_11283_MODS.xml/"", /""grinnell_11283_RELS-EXT.rdf/""]}, {/""pid/"": /""grinnell:11286/"", /""title/"": /""Nanjing Massacre Museumr (Sunday, March 20, 2011)/"", /""files/"": [/""grinnell_11286_MODS.xml/"", /""grinnell_11286_RELS-EXT.rdf/""]}, {/""pid/"": /""grinnell:11287/"", /""title/"": /""Johns Hopkins - Nanjing University Center (Tuesday, March 22, 2011)/"", /""files/"": [/""grinnell_11287_MODS.xml/"", /""grinnell_11287_RELS-EXT.rdf/""]}, {/""pid/"": /""grinnell:11290/"", /""title/"": /""Kids... (Sunday, March 20, 2011)/"", /""files/"": [/""grinnell_11290_MODS.xml/"", /""grinnell_11290_RELS-EXT.rdf/""]}, {/""pid/"": /""grinnell:11293/"", /""title/"": /""Eating in Nanjing (Thursday, March 31, 2011)/"", /""files/"": [/""grinnell_11293_MODS.xml/"", /""grinnell_11293_RELS-EXT.rdf/""]}], /""paren/"": {/""pid/"": /""grinnell:5000/"", /""title/"": /""China Adventure - A Blog by Professor Daniel Kaiser/"", /""files/"": [/""grinnell_5000_MODS.xml/"", /""grinnell_5000_RELS-EXT.rdf/""]}}"
,,991011507139404641,991011507139404641,parent: grinnell:5000,China Adventure - A Blog by Professor Daniel Kaiser,,,grinnell:5000; grinnell:5000; http://hdl.handle.net/11084/5000; alma:01GCL_INST/bibs/991011507139404641,http://hdl.handle.net/11084/5000,"China Adventure - A Blog by Professor Daniel Kaiser (compound); Our First Few Days In China (Sunday, January 23, 2011) (text); Wedding Festivities, Part 1 (Wednesday, February 9, 2011) (text); Wedding, Part 2 (Friday, February 11, 2011) (text); Wedding, Part 3 (Saturday, February 12, 2011) (text); Wedding; the Guests (Monday, February 14, 2011) (text); Guilin (Wednesday, February 16, 2011) (text); What's to see in China? ...Did you say 'IKEA?/"" (Monday, February 21, 2011) (text); Buildings and history... (Wednesday, February 23, 2011) (text); Home Away From Home (Thursday, February 24, 2011) (text); In China, It's already February 26 - My Mother's Birthday (Friday, February 25, 2011) (text); Teaching Begins (Monday, February 28, 2011) (text); Teaching, 2 (Tuesday, March 1, 2011) (text); Plum Blossom Festival (Friday, March 4, 2011) (text); Nanjing Normal University (Friday, March 4, 2011) (text); What's to see in China? Tall Buildings! (text); Student Life at Nanjing University (Gulou) (Tuesday, March 8, 2011) (text); Roman Catholic Church in Nanjing (Wednesday, March 9, 2011) (text); A Sidelight - masks (Saturday, March 12, 2011) (text); What would Mao Say? (Monday, March 14, 2011) (text); Anticipating Cernobyl's 25th Anniversary (Tuesday, March 15, 2011) (text); Xianlin campus, Nanjing University (Wednesday, March 16, 2011) (text); St. Paul's Church, Nanjing (Friday, March 18, 2011) (text); Nanjing's metro (Saturday, March 19, 2011) (text); Nanjing Massacre Museumr (Sunday, March 20, 2011) (text); Johns Hopkins - Nanjing University Center (Tuesday, March 22, 2011) (text); Kids... (Sunday, March 20, 2011) (text); Eating in Nanjing (Thursday, March 31, 2011) (text)","Kaiser, Daniel H. (Faculty/Staff)",Grinnell College. History,China,,,,,,,,,,,,,"While teaching in Nanjing, Daniel Kaiser, Professor Emeritus of History, kept a blog entitled /""China Adventure/"" that stretched from travel preparations in mid-January to his return to Iowa in late March. Some posts relate directly to teaching and the university; other posts touch on life in China; and several describe the wedding of Dan's son, Andrew (GC 2004).",,,"While teaching in Nanjing, Daniel Kaiser, Professor Emeritus of History, kept a blog entitled /""China Adventure/""",Grinnell College,Grinnell College,2011,2011,2011,,,compound,born digital,27 objects,27 objects,,,,English,,Faculty Scholarship,Faculty Scholarship,Faculty Scholarship,,Nanjing Shi (China),,2011,"Copyright to this work is held by the author(s), in accordance with United States copyright law (USC 17). Readers of this work have certain rights as defined by the law, including but not limited to fair use (17 USC 107 et seq.).",,,,,,,,,,,,,,0242  https://docs.google.com/spreadsheets/d/1JzW8TGU8qJlBAlyoMyDS1mkLTGoaLrsCzVtwQo-4JlU/edit?usp=sharing,"{/""worksheet/"": /""https://docs.google.com/spreadsheets/d/1JzW8TGU8qJlBAlyoMyDS1mkLTGoaLrsCzVtwQo-4JlU#gid=1570273558/"", /""directory/"": /""smb://storage/mediadb/DGingest/Migration-to-Alma/exports/faculty-scholarship/"", /""children/"": [{/""pid/"": /""grinnell:11336/"", /""title/"": /""Our First Few Days In China (Sunday, January 23, 2011)/"", /""files/"": [/""grinnell_11336_MODS.xml/"", /""grinnell_11336_RELS-EXT.rdf/""]}, {/""pid/"": /""grinnell:11243/"", /""title/"": /""Wedding Festivities, Part 1 (Wednesday, February 9, 2011)/"", /""files/"": [/""grinnell_11243_MODS.xml/"", /""grinnell_11243_RELS-EXT.rdf/""]}, {/""pid/"": /""grinnell:11244/"", /""title/"": /""Wedding, Part 2 (Friday, February 11, 2011)/"", /""files/"": [/""grinnell_11244_MODS.xml/"", /""grinnell_11244_RELS-EXT.rdf/""]}, {/""pid/"": /""grinnell:11247/"", /""title/"": /""Wedding, Part 3 (Saturday, February 12, 2011)/"", /""files/"": [/""grinnell_11247_MODS.xml/"", /""grinnell_11247_RELS-EXT.rdf/""]}, {/""pid/"": /""grinnell:11250/"", /""title/"": /""Wedding; the Guests (Monday, February 14, 2011)/"", /""files/"": [/""grinnell_11250_MODS.xml/"", /""grinnell_11250_RELS-EXT.rdf/""]}, {/""pid/"": /""grinnell:11251/"", /""title/"": /""Guilin (Wednesday, February 16, 2011)/"", /""files/"": [/""grinnell_11251_MODS.xml/"", /""grinnell_11251_RELS-EXT.rdf/""]}, {/""pid/"": /""grinnell:11252/"", /""title/"": /""What's to see in China? ...Did you say 'IKEA?\\/"" (Monday, February 21, 2011)/"", /""files/"": [/""grinnell_11252_MODS.xml/"", /""grinnell_11252_RELS-EXT.rdf/""]}, {/""pid/"": /""grinnell:11253/"", /""title/"": /""Buildings and history... (Wednesday, February 23, 2011)/"", /""files/"": [/""grinnell_11253_MODS.xml/"", /""grinnell_11253_RELS-EXT.rdf/""]}, {/""pid/"": /""grinnell:11254/"", /""title/"": /""Home Away From Home (Thursday, February 24, 2011)/"", /""files/"": [/""grinnell_11254_MODS.xml/"", /""grinnell_11254_RELS-EXT.rdf/""]}, {/""pid/"": /""grinnell:11257/"", /""title/"": /""In China, It's already February 26 - My Mother's Birthday (Friday, February 25, 2011)/"", /""files/"": [/""grinnell_11257_MODS.xml/"", /""grinnell_11257_RELS-EXT.rdf/""]}, {/""pid/"": /""grinnell:11260/"", /""title/"": /""Teaching Begins (Monday, February 28, 2011)/"", /""files/"": [/""grinnell_11260_MODS.xml/"", /""grinnell_11260_RELS-EXT.rdf/""]}, {/""pid/"": /""grinnell:11262/"", /""title/"": /""Teaching, 2 (Tuesday, March 1, 2011)/"", /""files/"": [/""grinnell_11262_MODS.xml/"", /""grinnell_11262_RELS-EXT.rdf/""]}, {/""pid/"": /""grinnell:11267/"", /""title/"": /""Plum Blossom Festival (Friday, March 4, 2011)/"", /""files/"": [/""grinnell_11267_MODS.xml/"", /""grinnell_11267_RELS-EXT.rdf/""]}, {/""pid/"": /""grinnell:11268/"", /""title/"": /""Nanjing Normal University (Friday, March 4, 2011)/"", /""files/"": [/""grinnell_11268_MODS.xml/"", /""grinnell_11268_RELS-EXT.rdf/""]}, {/""pid/"": /""grinnell:11271/"", /""title/"": /""What's to see in China? Tall Buildings!/"", /""files/"": [/""grinnell_11271_MODS.xml/"", /""grinnell_11271_RELS-EXT.rdf/""]}, {/""pid/"": /""grinnell:11272/"", /""title/"": /""Student Life at Nanjing University (Gulou) (Tuesday, March 8, 2011)/"", /""files/"": [/""grinnell_11272_MODS.xml/"", /""grinnell_11272_RELS-EXT.rdf/""]}, {/""pid/"": /""grinnell:11275/"", /""title/"": /""Roman Catholic Church in Nanjing (Wednesday, March 9, 2011)/"", /""files/"": [/""grinnell_11275_MODS.xml/"", /""grinnell_11275_RELS-EXT.rdf/""]}, {/""pid/"": /""grinnell:11276/"", /""title/"": /""A Sidelight - masks (Saturday, March 12, 2011)/"", /""files/"": [/""grinnell_11276_MODS.xml/"", /""grinnell_11276_RELS-EXT.rdf/""]}, {/""pid/"": /""grinnell:11279/"", /""title/"": /""What would Mao Say? (Monday, March 14, 2011)/"", /""files/"": [/""grinnell_11279_MODS.xml/"", /""grinnell_11279_RELS-EXT.rdf/""]}, {/""pid/"": /""grinnell:11280/"", /""title/"": /""Anticipating Cernobyl's 25th Anniversary (Tuesday, March 15, 2011)/"", /""files/"": [/""grinnell_11280_MODS.xml/"", /""grinnell_11280_RELS-EXT.rdf/""]}, {/""pid/"": /""grinnell:11281/"", /""title/"": /""Xianlin campus, Nanjing University (Wednesday, March 16, 2011)/"", /""files/"": [/""grinnell_11281_MODS.xml/"", /""grinnell_11281_RELS-EXT.rdf/""]}, {/""pid/"": /""grinnell:11282/"", /""title/"": /""St. Paul's Church, Nanjing (Friday, March 18, 2011)/"", /""files/"": [/""grinnell_11282_MODS.xml/"", /""grinnell_11282_RELS-EXT.rdf/""]}, {/""pid/"": /""grinnell:11283/"", /""title/"": /""Nanjing's metro (Saturday, March 19, 2011)/"", /""files/"": [/""grinnell_11283_MODS.xml/"", /""grinnell_11283_RELS-EXT.rdf/""]}, {/""pid/"": /""grinnell:11286/"", /""title/"": /""Nanjing Massacre Museumr (Sunday, March 20, 2011)/"", /""files/"": [/""grinnell_11286_MODS.xml/"", /""grinnell_11286_RELS-EXT.rdf/""]}, {/""pid/"": /""grinnell:11287/"", /""title/"": /""Johns Hopkins - Nanjing University Center (Tuesday, March 22, 2011)/"", /""files/"": [/""grinnell_11287_MODS.xml/"", /""grinnell_11287_RELS-EXT.rdf/""]}, {/""pid/"": /""grinnell:11290/"", /""title/"": /""Kids... (Sunday, March 20, 2011)/"", /""files/"": [/""grinnell_11290_MODS.xml/"", /""grinnell_11290_RELS-EXT.rdf/""]}, {/""pid/"": /""grinnell:11293/"", /""title/"": /""Eating in Nanjing (Thursday, March 31, 2011)/"", /""files/"": [/""grinnell_11293_MODS.xml/"", /""grinnell_11293_RELS-EXT.rdf/""]}], /""paren/"": {/""pid/"": /""grinnell:5000/"", /""title/"": /""China Adventure - A Blog by Professor Daniel Kaiser/"", /""files/"": [/""grinnell_5000_MODS.xml/"", /""grinnell_5000_RELS-EXT.rdf/""]}}"
,,991011507139404641,991011507139404641,parent: grinnell:5000,China Adventure - A Blog by Professor Daniel Kaiser,,,grinnell:5000; grinnell:5000; http://hdl.handle.net/11084/5000; alma:01GCL_INST/bibs/991011507139404641,http://hdl.handle.net/11084/5000,"China Adventure - A Blog by Professor Daniel Kaiser (compound); Our First Few Days In China (Sunday, January 23, 2011) (text); Wedding Festivities, Part 1 (Wednesday, February 9, 2011) (text); Wedding, Part 2 (Friday, February 11, 2011) (text); Wedding, Part 3 (Saturday, February 12, 2011) (text); Wedding; the Guests (Monday, February 14, 2011) (text); Guilin (Wednesday, February 16, 2011) (text); What's to see in China? ...Did you say 'IKEA?/"" (Monday, February 21, 2011) (text); Buildings and history... (Wednesday, February 23, 2011) (text); Home Away From Home (Thursday, February 24, 2011) (text); In China, It's already February 26 - My Mother's Birthday (Friday, February 25, 2011) (text); Teaching Begins (Monday, February 28, 2011) (text); Teaching, 2 (Tuesday, March 1, 2011) (text); Plum Blossom Festival (Friday, March 4, 2011) (text); Nanjing Normal University (Friday, March 4, 2011) (text); What's to see in China? Tall Buildings! (text); Student Life at Nanjing University (Gulou) (Tuesday, March 8, 2011) (text); Roman Catholic Church in Nanjing (Wednesday, March 9, 2011) (text); A Sidelight - masks (Saturday, March 12, 2011) (text); What would Mao Say? (Monday, March 14, 2011) (text); Anticipating Cernobyl's 25th Anniversary (Tuesday, March 15, 2011) (text); Xianlin campus, Nanjing University (Wednesday, March 16, 2011) (text); St. Paul's Church, Nanjing (Friday, March 18, 2011) (text); Nanjing's metro (Saturday, March 19, 2011) (text); Nanjing Massacre Museumr (Sunday, March 20, 2011) (text); Johns Hopkins - Nanjing University Center (Tuesday, March 22, 2011) (text); Kids... (Sunday, March 20, 2011) (text); Eating in Nanjing (Thursday, March 31, 2011) (text)","Kaiser, Daniel H. (Faculty/Staff)",Grinnell College. History,China,,,,,,,,,,,,,"While teaching in Nanjing, Daniel Kaiser, Professor Emeritus of History, kept a blog entitled /""China Adventure/"" that stretched from travel preparations in mid-January to his return to Iowa in late March. Some posts relate directly to teaching and the university; other posts touch on life in China; and several describe the wedding of Dan's son, Andrew (GC 2004).",,,"While teaching in Nanjing, Daniel Kaiser, Professor Emeritus of History, kept a blog entitled /""China Adventure/""",Grinnell College,Grinnell College,2011,2011,2011,,,compound,born digital,27 objects,27 objects,,,,English,,Faculty Scholarship,Faculty Scholarship,Faculty Scholarship,,Nanjing Shi (China),,2011,"Copyright to this work is held by the author(s), in accordance with United States copyright law (USC 17). Readers of this work have certain rights as defined by the law, including but not limited to fair use (17 USC 107 et seq.).",,,,,,,,,,,,,,0242  https://docs.google.com/spreadsheets/d/1JzW8TGU8qJlBAlyoMyDS1mkLTGoaLrsCzVtwQo-4JlU/edit?usp=sharing,"{/""worksheet/"": /""https://docs.google.com/spreadsheets/d/1JzW8TGU8qJlBAlyoMyDS1mkLTGoaLrsCzVtwQo-4JlU#gid=1570273558/"", /""directory/"": /""smb://storage/mediadb/DGingest/Migration-to-Alma/exports/faculty-scholarship/"", /""children/"": [{/""pid/"": /""grinnell:11336/"", /""title/"": /""Our First Few Days In China (Sunday, January 23, 2011)/"", /""files/"": [/""grinnell_11336_MODS.xml/"", /""grinnell_11336_RELS-EXT.rdf/""]}, {/""pid/"": /""grinnell:11243/"", /""title/"": /""Wedding Festivities, Part 1 (Wednesday, February 9, 2011)/"", /""files/"": [/""grinnell_11243_MODS.xml/"", /""grinnell_11243_RELS-EXT.rdf/""]}, {/""pid/"": /""grinnell:11244/"", /""title/"": /""Wedding, Part 2 (Friday, February 11, 2011)/"", /""files/"": [/""grinnell_11244_MODS.xml/"", /""grinnell_11244_RELS-EXT.rdf/""]}, {/""pid/"": /""grinnell:11247/"", /""title/"": /""Wedding, Part 3 (Saturday, February 12, 2011)/"", /""files/"": [/""grinnell_11247_MODS.xml/"", /""grinnell_11247_RELS-EXT.rdf/""]}, {/""pid/"": /""grinnell:11250/"", /""title/"": /""Wedding; the Guests (Monday, February 14, 2011)/"", /""files/"": [/""grinnell_11250_MODS.xml/"", /""grinnell_11250_RELS-EXT.rdf/""]}, {/""pid/"": /""grinnell:11251/"", /""title/"": /""Guilin (Wednesday, February 16, 2011)/"", /""files/"": [/""grinnell_11251_MODS.xml/"", /""grinnell_11251_RELS-EXT.rdf/""]}, {/""pid/"": /""grinnell:11252/"", /""title/"": /""What's to see in China? ...Did you say 'IKEA?\\/"" (Monday, February 21, 2011)/"", /""files/"": [/""grinnell_11252_MODS.xml/"", /""grinnell_11252_RELS-EXT.rdf/""]}, {/""pid/"": /""grinnell:11253/"", /""title/"": /""Buildings and history... (Wednesday, February 23, 2011)/"", /""files/"": [/""grinnell_11253_MODS.xml/"", /""grinnell_11253_RELS-EXT.rdf/""]}, {/""pid/"": /""grinnell:11254/"", /""title/"": /""Home Away From Home (Thursday, February 24, 2011)/"", /""files/"": [/""grinnell_11254_MODS.xml/"", /""grinnell_11254_RELS-EXT.rdf/""]}, {/""pid/"": /""grinnell:11257/"", /""title/"": /""In China, It's already February 26 - My Mother's Birthday (Friday, February 25, 2011)/"", /""files/"": [/""grinnell_11257_MODS.xml/"", /""grinnell_11257_RELS-EXT.rdf/""]}, {/""pid/"": /""grinnell:11260/"", /""title/"": /""Teaching Begins (Monday, February 28, 2011)/"", /""files/"": [/""grinnell_11260_MODS.xml/"", /""grinnell_11260_RELS-EXT.rdf/""]}, {/""pid/"": /""grinnell:11262/"", /""title/"": /""Teaching, 2 (Tuesday, March 1, 2011)/"", /""files/"": [/""grinnell_11262_MODS.xml/"", /""grinnell_11262_RELS-EXT.rdf/""]}, {/""pid/"": /""grinnell:11267/"", /""title/"": /""Plum Blossom Festival (Friday, March 4, 2011)/"", /""files/"": [/""grinnell_11267_MODS.xml/"", /""grinnell_11267_RELS-EXT.rdf/""]}, {/""pid/"": /""grinnell:11268/"", /""title/"": /""Nanjing Normal University (Friday, March 4, 2011)/"", /""files/"": [/""grinnell_11268_MODS.xml/"", /""grinnell_11268_RELS-EXT.rdf/""]}, {/""pid/"": /""grinnell:11271/"", /""title/"": /""What's to see in China? Tall Buildings!/"", /""files/"": [/""grinnell_11271_MODS.xml/"", /""grinnell_11271_RELS-EXT.rdf/""]}, {/""pid/"": /""grinnell:11272/"", /""title/"": /""Student Life at Nanjing University (Gulou) (Tuesday, March 8, 2011)/"", /""files/"": [/""grinnell_11272_MODS.xml/"", /""grinnell_11272_RELS-EXT.rdf/""]}, {/""pid/"": /""grinnell:11275/"", /""title/"": /""Roman Catholic Church in Nanjing (Wednesday, March 9, 2011)/"", /""files/"": [/""grinnell_11275_MODS.xml/"", /""grinnell_11275_RELS-EXT.rdf/""]}, {/""pid/"": /""grinnell:11276/"", /""title/"": /""A Sidelight - masks (Saturday, March 12, 2011)/"", /""files/"": [/""grinnell_11276_MODS.xml/"", /""grinnell_11276_RELS-EXT.rdf/""]}, {/""pid/"": /""grinnell:11279/"", /""title/"": /""What would Mao Say? (Monday, March 14, 2011)/"", /""files/"": [/""grinnell_11279_MODS.xml/"", /""grinnell_11279_RELS-EXT.rdf/""]}, {/""pid/"": /""grinnell:11280/"", /""title/"": /""Anticipating Cernobyl's 25th Anniversary (Tuesday, March 15, 2011)/"", /""files/"": [/""grinnell_11280_MODS.xml/"", /""grinnell_11280_RELS-EXT.rdf/""]}, {/""pid/"": /""grinnell:11281/"", /""title/"": /""Xianlin campus, Nanjing University (Wednesday, March 16, 2011)/"", /""files/"": [/""grinnell_11281_MODS.xml/"", /""grinnell_11281_RELS-EXT.rdf/""]}, {/""pid/"": /""grinnell:11282/"", /""title/"": /""St. Paul's Church, Nanjing (Friday, March 18, 2011)/"", /""files/"": [/""grinnell_11282_MODS.xml/"", /""grinnell_11282_RELS-EXT.rdf/""]}, {/""pid/"": /""grinnell:11283/"", /""title/"": /""Nanjing's metro (Saturday, March 19, 2011)/"", /""files/"": [/""grinnell_11283_MODS.xml/"", /""grinnell_11283_RELS-EXT.rdf/""]}, {/""pid/"": /""grinnell:11286/"", /""title/"": /""Nanjing Massacre Museumr (Sunday, March 20, 2011)/"", /""files/"": [/""grinnell_11286_MODS.xml/"", /""grinnell_11286_RELS-EXT.rdf/""]}, {/""pid/"": /""grinnell:11287/"", /""title/"": /""Johns Hopkins - Nanjing University Center (Tuesday, March 22, 2011)/"", /""files/"": [/""grinnell_11287_MODS.xml/"", /""grinnell_11287_RELS-EXT.rdf/""]}, {/""pid/"": /""grinnell:11290/"", /""title/"": /""Kids... (Sunday, March 20, 2011)/"", /""files/"": [/""grinnell_11290_MODS.xml/"", /""grinnell_11290_RELS-EXT.rdf/""]}, {/""pid/"": /""grinnell:11293/"", /""title/"": /""Eating in Nanjing (Thursday, March 31, 2011)/"", /""files/"": [/""grinnell_11293_MODS.xml/"", /""grinnell_11293_RELS-EXT.rdf/""]}], /""paren/"": {/""pid/"": /""grinnell:5000/"", /""title/"": /""China Adventure - A Blog by Professor Daniel Kaiser/"", /""files/"": [/""grinnell_5000_MODS.xml/"", /""grinnell_5000_RELS-EXT.rdf/""]}}"
,,991011507139404641,991011507139404641,parent: grinnell:5000,China Adventure - A Blog by Professor Daniel Kaiser,,,grinnell:5000; grinnell:5000; http://hdl.handle.net/11084/5000; alma:01GCL_INST/bibs/991011507139404641,http://hdl.handle.net/11084/5000,"China Adventure - A Blog by Professor Daniel Kaiser (compound); Our First Few Days In China (Sunday, January 23, 2011) (text); Wedding Festivities, Part 1 (Wednesday, February 9, 2011) (text); Wedding, Part 2 (Friday, February 11, 2011) (text); Wedding, Part 3 (Saturday, February 12, 2011) (text); Wedding; the Guests (Monday, February 14, 2011) (text); Guilin (Wednesday, February 16, 2011) (text); What's to see in China? ...Did you say 'IKEA?/"" (Monday, February 21, 2011) (text); Buildings and history... (Wednesday, February 23, 2011) (text); Home Away From Home (Thursday, February 24, 2011) (text); In China, It's already February 26 - My Mother's Birthday (Friday, February 25, 2011) (text); Teaching Begins (Monday, February 28, 2011) (text); Teaching, 2 (Tuesday, March 1, 2011) (text); Plum Blossom Festival (Friday, March 4, 2011) (text); Nanjing Normal University (Friday, March 4, 2011) (text); What's to see in China? Tall Buildings! (text); Student Life at Nanjing University (Gulou) (Tuesday, March 8, 2011) (text); Roman Catholic Church in Nanjing (Wednesday, March 9, 2011) (text); A Sidelight - masks (Saturday, March 12, 2011) (text); What would Mao Say? (Monday, March 14, 2011) (text); Anticipating Cernobyl's 25th Anniversary (Tuesday, March 15, 2011) (text); Xianlin campus, Nanjing University (Wednesday, March 16, 2011) (text); St. Paul's Church, Nanjing (Friday, March 18, 2011) (text); Nanjing's metro (Saturday, March 19, 2011) (text); Nanjing Massacre Museumr (Sunday, March 20, 2011) (text); Johns Hopkins - Nanjing University Center (Tuesday, March 22, 2011) (text); Kids... (Sunday, March 20, 2011) (text); Eating in Nanjing (Thursday, March 31, 2011) (text)","Kaiser, Daniel H. (Faculty/Staff)",Grinnell College. History,China,,,,,,,,,,,,,"While teaching in Nanjing, Daniel Kaiser, Professor Emeritus of History, kept a blog entitled /""China Adventure/"" that stretched from travel preparations in mid-January to his return to Iowa in late March. Some posts relate directly to teaching and the university; other posts touch on life in China; and several describe the wedding of Dan's son, Andrew (GC 2004).",,,"While teaching in Nanjing, Daniel Kaiser, Professor Emeritus of History, kept a blog entitled /""China Adventure/""",Grinnell College,Grinnell College,2011,2011,2011,,,compound,born digital,27 objects,27 objects,,,,English,,Faculty Scholarship,Faculty Scholarship,Faculty Scholarship,,Nanjing Shi (China),,2011,"Copyright to this work is held by the author(s), in accordance with United States copyright law (USC 17). Readers of this work have certain rights as defined by the law, including but not limited to fair use (17 USC 107 et seq.).",,,,,,,,,,,,,,0242  https://docs.google.com/spreadsheets/d/1JzW8TGU8qJlBAlyoMyDS1mkLTGoaLrsCzVtwQo-4JlU/edit?usp=sharing,"{/""worksheet/"": /""https://docs.google.com/spreadsheets/d/1JzW8TGU8qJlBAlyoMyDS1mkLTGoaLrsCzVtwQo-4JlU#gid=1570273558/"", /""directory/"": /""smb://storage/mediadb/DGingest/Migration-to-Alma/exports/faculty-scholarship/"", /""children/"": [{/""pid/"": /""grinnell:11336/"", /""title/"": /""Our First Few Days In China (Sunday, January 23, 2011)/"", /""files/"": [/""grinnell_11336_MODS.xml/"", /""grinnell_11336_RELS-EXT.rdf/""]}, {/""pid/"": /""grinnell:11243/"", /""title/"": /""Wedding Festivities, Part 1 (Wednesday, February 9, 2011)/"", /""files/"": [/""grinnell_11243_MODS.xml/"", /""grinnell_11243_RELS-EXT.rdf/""]}, {/""pid/"": /""grinnell:11244/"", /""title/"": /""Wedding, Part 2 (Friday, February 11, 2011)/"", /""files/"": [/""grinnell_11244_MODS.xml/"", /""grinnell_11244_RELS-EXT.rdf/""]}, {/""pid/"": /""grinnell:11247/"", /""title/"": /""Wedding, Part 3 (Saturday, February 12, 2011)/"", /""files/"": [/""grinnell_11247_MODS.xml/"", /""grinnell_11247_RELS-EXT.rdf/""]}, {/""pid/"": /""grinnell:11250/"", /""title/"": /""Wedding; the Guests (Monday, February 14, 2011)/"", /""files/"": [/""grinnell_11250_MODS.xml/"", /""grinnell_11250_RELS-EXT.rdf/""]}, {/""pid/"": /""grinnell:11251/"", /""title/"": /""Guilin (Wednesday, February 16, 2011)/"", /""files/"": [/""grinnell_11251_MODS.xml/"", /""grinnell_11251_RELS-EXT.rdf/""]}, {/""pid/"": /""grinnell:11252/"", /""title/"": /""What's to see in China? ...Did you say 'IKEA?\\/"" (Monday, February 21, 2011)/"", /""files/"": [/""grinnell_11252_MODS.xml/"", /""grinnell_11252_RELS-EXT.rdf/""]}, {/""pid/"": /""grinnell:11253/"", /""title/"": /""Buildings and history... (Wednesday, February 23, 2011)/"", /""files/"": [/""grinnell_11253_MODS.xml/"", /""grinnell_11253_RELS-EXT.rdf/""]}, {/""pid/"": /""grinnell:11254/"", /""title/"": /""Home Away From Home (Thursday, February 24, 2011)/"", /""files/"": [/""grinnell_11254_MODS.xml/"", /""grinnell_11254_RELS-EXT.rdf/""]}, {/""pid/"": /""grinnell:11257/"", /""title/"": /""In China, It's already February 26 - My Mother's Birthday (Friday, February 25, 2011)/"", /""files/"": [/""grinnell_11257_MODS.xml/"", /""grinnell_11257_RELS-EXT.rdf/""]}, {/""pid/"": /""grinnell:11260/"", /""title/"": /""Teaching Begins (Monday, February 28, 2011)/"", /""files/"": [/""grinnell_11260_MODS.xml/"", /""grinnell_11260_RELS-EXT.rdf/""]}, {/""pid/"": /""grinnell:11262/"", /""title/"": /""Teaching, 2 (Tuesday, March 1, 2011)/"", /""files/"": [/""grinnell_11262_MODS.xml/"", /""grinnell_11262_RELS-EXT.rdf/""]}, {/""pid/"": /""grinnell:11267/"", /""title/"": /""Plum Blossom Festival (Friday, March 4, 2011)/"", /""files/"": [/""grinnell_11267_MODS.xml/"", /""grinnell_11267_RELS-EXT.rdf/""]}, {/""pid/"": /""grinnell:11268/"", /""title/"": /""Nanjing Normal University (Friday, March 4, 2011)/"", /""files/"": [/""grinnell_11268_MODS.xml/"", /""grinnell_11268_RELS-EXT.rdf/""]}, {/""pid/"": /""grinnell:11271/"", /""title/"": /""What's to see in China? Tall Buildings!/"", /""files/"": [/""grinnell_11271_MODS.xml/"", /""grinnell_11271_RELS-EXT.rdf/""]}, {/""pid/"": /""grinnell:11272/"", /""title/"": /""Student Life at Nanjing University (Gulou) (Tuesday, March 8, 2011)/"", /""files/"": [/""grinnell_11272_MODS.xml/"", /""grinnell_11272_RELS-EXT.rdf/""]}, {/""pid/"": /""grinnell:11275/"", /""title/"": /""Roman Catholic Church in Nanjing (Wednesday, March 9, 2011)/"", /""files/"": [/""grinnell_11275_MODS.xml/"", /""grinnell_11275_RELS-EXT.rdf/""]}, {/""pid/"": /""grinnell:11276/"", /""title/"": /""A Sidelight - masks (Saturday, March 12, 2011)/"", /""files/"": [/""grinnell_11276_MODS.xml/"", /""grinnell_11276_RELS-EXT.rdf/""]}, {/""pid/"": /""grinnell:11279/"", /""title/"": /""What would Mao Say? (Monday, March 14, 2011)/"", /""files/"": [/""grinnell_11279_MODS.xml/"", /""grinnell_11279_RELS-EXT.rdf/""]}, {/""pid/"": /""grinnell:11280/"", /""title/"": /""Anticipating Cernobyl's 25th Anniversary (Tuesday, March 15, 2011)/"", /""files/"": [/""grinnell_11280_MODS.xml/"", /""grinnell_11280_RELS-EXT.rdf/""]}, {/""pid/"": /""grinnell:11281/"", /""title/"": /""Xianlin campus, Nanjing University (Wednesday, March 16, 2011)/"", /""files/"": [/""grinnell_11281_MODS.xml/"", /""grinnell_11281_RELS-EXT.rdf/""]}, {/""pid/"": /""grinnell:11282/"", /""title/"": /""St. Paul's Church, Nanjing (Friday, March 18, 2011)/"", /""files/"": [/""grinnell_11282_MODS.xml/"", /""grinnell_11282_RELS-EXT.rdf/""]}, {/""pid/"": /""grinnell:11283/"", /""title/"": /""Nanjing's metro (Saturday, March 19, 2011)/"", /""files/"": [/""grinnell_11283_MODS.xml/"", /""grinnell_11283_RELS-EXT.rdf/""]}, {/""pid/"": /""grinnell:11286/"", /""title/"": /""Nanjing Massacre Museumr (Sunday, March 20, 2011)/"", /""files/"": [/""grinnell_11286_MODS.xml/"", /""grinnell_11286_RELS-EXT.rdf/""]}, {/""pid/"": /""grinnell:11287/"", /""title/"": /""Johns Hopkins - Nanjing University Center (Tuesday, March 22, 2011)/"", /""files/"": [/""grinnell_11287_MODS.xml/"", /""grinnell_11287_RELS-EXT.rdf/""]}, {/""pid/"": /""grinnell:11290/"", /""title/"": /""Kids... (Sunday, March 20, 2011)/"", /""files/"": [/""grinnell_11290_MODS.xml/"", /""grinnell_11290_RELS-EXT.rdf/""]}, {/""pid/"": /""grinnell:11293/"", /""title/"": /""Eating in Nanjing (Thursday, March 31, 2011)/"", /""files/"": [/""grinnell_11293_MODS.xml/"", /""grinnell_11293_RELS-EXT.rdf/""]}], /""paren/"": {/""pid/"": /""grinnell:5000/"", /""title/"": /""China Adventure - A Blog by Professor Daniel Kaiser/"", /""files/"": [/""grinnell_5000_MODS.xml/"", /""grinnell_5000_RELS-EXT.rdf/""]}}"
,,991011507139404641,991011507139404641,parent: grinnell:5000,China Adventure - A Blog by Professor Daniel Kaiser,,,grinnell:5000; grinnell:5000; http://hdl.handle.net/11084/5000; alma:01GCL_INST/bibs/991011507139404641,http://hdl.handle.net/11084/5000,"China Adventure - A Blog by Professor Daniel Kaiser (compound); Our First Few Days In China (Sunday, January 23, 2011) (text); Wedding Festivities, Part 1 (Wednesday, February 9, 2011) (text); Wedding, Part 2 (Friday, February 11, 2011) (text); Wedding, Part 3 (Saturday, February 12, 2011) (text); Wedding; the Guests (Monday, February 14, 2011) (text); Guilin (Wednesday, February 16, 2011) (text); What's to see in China? ...Did you say 'IKEA?/"" (Monday, February 21, 2011) (text); Buildings and history... (Wednesday, February 23, 2011) (text); Home Away From Home (Thursday, February 24, 2011) (text); In China, It's already February 26 - My Mother's Birthday (Friday, February 25, 2011) (text); Teaching Begins (Monday, February 28, 2011) (text); Teaching, 2 (Tuesday, March 1, 2011) (text); Plum Blossom Festival (Friday, March 4, 2011) (text); Nanjing Normal University (Friday, March 4, 2011) (text); What's to see in China? Tall Buildings! (text); Student Life at Nanjing University (Gulou) (Tuesday, March 8, 2011) (text); Roman Catholic Church in Nanjing (Wednesday, March 9, 2011) (text); A Sidelight - masks (Saturday, March 12, 2011) (text); What would Mao Say? (Monday, March 14, 2011) (text); Anticipating Cernobyl's 25th Anniversary (Tuesday, March 15, 2011) (text); Xianlin campus, Nanjing University (Wednesday, March 16, 2011) (text); St. Paul's Church, Nanjing (Friday, March 18, 2011) (text); Nanjing's metro (Saturday, March 19, 2011) (text); Nanjing Massacre Museumr (Sunday, March 20, 2011) (text); Johns Hopkins - Nanjing University Center (Tuesday, March 22, 2011) (text); Kids... (Sunday, March 20, 2011) (text); Eating in Nanjing (Thursday, March 31, 2011) (text)","Kaiser, Daniel H. (Faculty/Staff)",Grinnell College. History,China,,,,,,,,,,,,,"While teaching in Nanjing, Daniel Kaiser, Professor Emeritus of History, kept a blog entitled /""China Adventure/"" that stretched from travel preparations in mid-January to his return to Iowa in late March. Some posts relate directly to teaching and the university; other posts touch on life in China; and several describe the wedding of Dan's son, Andrew (GC 2004).",,,"While teaching in Nanjing, Daniel Kaiser, Professor Emeritus of History, kept a blog entitled /""China Adventure/""",Grinnell College,Grinnell College,2011,2011,2011,,,compound,born digital,27 objects,27 objects,,,,English,,Faculty Scholarship,Faculty Scholarship,Faculty Scholarship,,Nanjing Shi (China),,2011,"Copyright to this work is held by the author(s), in accordance with United States copyright law (USC 17). Readers of this work have certain rights as defined by the law, including but not limited to fair use (17 USC 107 et seq.).",,,,,,,,,,,,,,0242  https://docs.google.com/spreadsheets/d/1JzW8TGU8qJlBAlyoMyDS1mkLTGoaLrsCzVtwQo-4JlU/edit?usp=sharing,"{/""worksheet/"": /""https://docs.google.com/spreadsheets/d/1JzW8TGU8qJlBAlyoMyDS1mkLTGoaLrsCzVtwQo-4JlU#gid=1570273558/"", /""directory/"": /""smb://storage/mediadb/DGingest/Migration-to-Alma/exports/faculty-scholarship/"", /""children/"": [{/""pid/"": /""grinnell:11336/"", /""title/"": /""Our First Few Days In China (Sunday, January 23, 2011)/"", /""files/"": [/""grinnell_11336_MODS.xml/"", /""grinnell_11336_RELS-EXT.rdf/""]}, {/""pid/"": /""grinnell:11243/"", /""title/"": /""Wedding Festivities, Part 1 (Wednesday, February 9, 2011)/"", /""files/"": [/""grinnell_11243_MODS.xml/"", /""grinnell_11243_RELS-EXT.rdf/""]}, {/""pid/"": /""grinnell:11244/"", /""title/"": /""Wedding, Part 2 (Friday, February 11, 2011)/"", /""files/"": [/""grinnell_11244_MODS.xml/"", /""grinnell_11244_RELS-EXT.rdf/""]}, {/""pid/"": /""grinnell:11247/"", /""title/"": /""Wedding, Part 3 (Saturday, February 12, 2011)/"", /""files/"": [/""grinnell_11247_MODS.xml/"", /""grinnell_11247_RELS-EXT.rdf/""]}, {/""pid/"": /""grinnell:11250/"", /""title/"": /""Wedding; the Guests (Monday, February 14, 2011)/"", /""files/"": [/""grinnell_11250_MODS.xml/"", /""grinnell_11250_RELS-EXT.rdf/""]}, {/""pid/"": /""grinnell:11251/"", /""title/"": /""Guilin (Wednesday, February 16, 2011)/"", /""files/"": [/""grinnell_11251_MODS.xml/"", /""grinnell_11251_RELS-EXT.rdf/""]}, {/""pid/"": /""grinnell:11252/"", /""title/"": /""What's to see in China? ...Did you say 'IKEA?\\/"" (Monday, February 21, 2011)/"", /""files/"": [/""grinnell_11252_MODS.xml/"", /""grinnell_11252_RELS-EXT.rdf/""]}, {/""pid/"": /""grinnell:11253/"", /""title/"": /""Buildings and history... (Wednesday, February 23, 2011)/"", /""files/"": [/""grinnell_11253_MODS.xml/"", /""grinnell_11253_RELS-EXT.rdf/""]}, {/""pid/"": /""grinnell:11254/"", /""title/"": /""Home Away From Home (Thursday, February 24, 2011)/"", /""files/"": [/""grinnell_11254_MODS.xml/"", /""grinnell_11254_RELS-EXT.rdf/""]}, {/""pid/"": /""grinnell:11257/"", /""title/"": /""In China, It's already February 26 - My Mother's Birthday (Friday, February 25, 2011)/"", /""files/"": [/""grinnell_11257_MODS.xml/"", /""grinnell_11257_RELS-EXT.rdf/""]}, {/""pid/"": /""grinnell:11260/"", /""title/"": /""Teaching Begins (Monday, February 28, 2011)/"", /""files/"": [/""grinnell_11260_MODS.xml/"", /""grinnell_11260_RELS-EXT.rdf/""]}, {/""pid/"": /""grinnell:11262/"", /""title/"": /""Teaching, 2 (Tuesday, March 1, 2011)/"", /""files/"": [/""grinnell_11262_MODS.xml/"", /""grinnell_11262_RELS-EXT.rdf/""]}, {/""pid/"": /""grinnell:11267/"", /""title/"": /""Plum Blossom Festival (Friday, March 4, 2011)/"", /""files/"": [/""grinnell_11267_MODS.xml/"", /""grinnell_11267_RELS-EXT.rdf/""]}, {/""pid/"": /""grinnell:11268/"", /""title/"": /""Nanjing Normal University (Friday, March 4, 2011)/"", /""files/"": [/""grinnell_11268_MODS.xml/"", /""grinnell_11268_RELS-EXT.rdf/""]}, {/""pid/"": /""grinnell:11271/"", /""title/"": /""What's to see in China? Tall Buildings!/"", /""files/"": [/""grinnell_11271_MODS.xml/"", /""grinnell_11271_RELS-EXT.rdf/""]}, {/""pid/"": /""grinnell:11272/"", /""title/"": /""Student Life at Nanjing University (Gulou) (Tuesday, March 8, 2011)/"", /""files/"": [/""grinnell_11272_MODS.xml/"", /""grinnell_11272_RELS-EXT.rdf/""]}, {/""pid/"": /""grinnell:11275/"", /""title/"": /""Roman Catholic Church in Nanjing (Wednesday, March 9, 2011)/"", /""files/"": [/""grinnell_11275_MODS.xml/"", /""grinnell_11275_RELS-EXT.rdf/""]}, {/""pid/"": /""grinnell:11276/"", /""title/"": /""A Sidelight - masks (Saturday, March 12, 2011)/"", /""files/"": [/""grinnell_11276_MODS.xml/"", /""grinnell_11276_RELS-EXT.rdf/""]}, {/""pid/"": /""grinnell:11279/"", /""title/"": /""What would Mao Say? (Monday, March 14, 2011)/"", /""files/"": [/""grinnell_11279_MODS.xml/"", /""grinnell_11279_RELS-EXT.rdf/""]}, {/""pid/"": /""grinnell:11280/"", /""title/"": /""Anticipating Cernobyl's 25th Anniversary (Tuesday, March 15, 2011)/"", /""files/"": [/""grinnell_11280_MODS.xml/"", /""grinnell_11280_RELS-EXT.rdf/""]}, {/""pid/"": /""grinnell:11281/"", /""title/"": /""Xianlin campus, Nanjing University (Wednesday, March 16, 2011)/"", /""files/"": [/""grinnell_11281_MODS.xml/"", /""grinnell_11281_RELS-EXT.rdf/""]}, {/""pid/"": /""grinnell:11282/"", /""title/"": /""St. Paul's Church, Nanjing (Friday, March 18, 2011)/"", /""files/"": [/""grinnell_11282_MODS.xml/"", /""grinnell_11282_RELS-EXT.rdf/""]}, {/""pid/"": /""grinnell:11283/"", /""title/"": /""Nanjing's metro (Saturday, March 19, 2011)/"", /""files/"": [/""grinnell_11283_MODS.xml/"", /""grinnell_11283_RELS-EXT.rdf/""]}, {/""pid/"": /""grinnell:11286/"", /""title/"": /""Nanjing Massacre Museumr (Sunday, March 20, 2011)/"", /""files/"": [/""grinnell_11286_MODS.xml/"", /""grinnell_11286_RELS-EXT.rdf/""]}, {/""pid/"": /""grinnell:11287/"", /""title/"": /""Johns Hopkins - Nanjing University Center (Tuesday, March 22, 2011)/"", /""files/"": [/""grinnell_11287_MODS.xml/"", /""grinnell_11287_RELS-EXT.rdf/""]}, {/""pid/"": /""grinnell:11290/"", /""title/"": /""Kids... (Sunday, March 20, 2011)/"", /""files/"": [/""grinnell_11290_MODS.xml/"", /""grinnell_11290_RELS-EXT.rdf/""]}, {/""pid/"": /""grinnell:11293/"", /""title/"": /""Eating in Nanjing (Thursday, March 31, 2011)/"", /""files/"": [/""grinnell_11293_MODS.xml/"", /""grinnell_11293_RELS-EXT.rdf/""]}], /""paren/"": {/""pid/"": /""grinnell:5000/"", /""title/"": /""China Adventure - A Blog by Professor Daniel Kaiser/"", /""files/"": [/""grinnell_5000_MODS.xml/"", /""grinnell_5000_RELS-EXT.rdf/""]}}"
,,991011507139404641,991011507139404641,parent: grinnell:5000,China Adventure - A Blog by Professor Daniel Kaiser,,,grinnell:5000; grinnell:5000; http://hdl.handle.net/11084/5000; alma:01GCL_INST/bibs/991011507139404641,http://hdl.handle.net/11084/5000,"China Adventure - A Blog by Professor Daniel Kaiser (compound); Our First Few Days In China (Sunday, January 23, 2011) (text); Wedding Festivities, Part 1 (Wednesday, February 9, 2011) (text); Wedding, Part 2 (Friday, February 11, 2011) (text); Wedding, Part 3 (Saturday, February 12, 2011) (text); Wedding; the Guests (Monday, February 14, 2011) (text); Guilin (Wednesday, February 16, 2011) (text); What's to see in China? ...Did you say 'IKEA?/"" (Monday, February 21, 2011) (text); Buildings and history... (Wednesday, February 23, 2011) (text); Home Away From Home (Thursday, February 24, 2011) (text); In China, It's already February 26 - My Mother's Birthday (Friday, February 25, 2011) (text); Teaching Begins (Monday, February 28, 2011) (text); Teaching, 2 (Tuesday, March 1, 2011) (text); Plum Blossom Festival (Friday, March 4, 2011) (text); Nanjing Normal University (Friday, March 4, 2011) (text); What's to see in China? Tall Buildings! (text); Student Life at Nanjing University (Gulou) (Tuesday, March 8, 2011) (text); Roman Catholic Church in Nanjing (Wednesday, March 9, 2011) (text); A Sidelight - masks (Saturday, March 12, 2011) (text); What would Mao Say? (Monday, March 14, 2011) (text); Anticipating Cernobyl's 25th Anniversary (Tuesday, March 15, 2011) (text); Xianlin campus, Nanjing University (Wednesday, March 16, 2011) (text); St. Paul's Church, Nanjing (Friday, March 18, 2011) (text); Nanjing's metro (Saturday, March 19, 2011) (text); Nanjing Massacre Museumr (Sunday, March 20, 2011) (text); Johns Hopkins - Nanjing University Center (Tuesday, March 22, 2011) (text); Kids... (Sunday, March 20, 2011) (text); Eating in Nanjing (Thursday, March 31, 2011) (text)","Kaiser, Daniel H. (Faculty/Staff)",Grinnell College. History,China,,,,,,,,,,,,,"While teaching in Nanjing, Daniel Kaiser, Professor Emeritus of History, kept a blog entitled /""China Adventure/"" that stretched from travel preparations in mid-January to his return to Iowa in late March. Some posts relate directly to teaching and the university; other posts touch on life in China; and several describe the wedding of Dan's son, Andrew (GC 2004).",,,"While teaching in Nanjing, Daniel Kaiser, Professor Emeritus of History, kept a blog entitled /""China Adventure/""",Grinnell College,Grinnell College,2011,2011,2011,,,compound,born digital,27 objects,27 objects,,,,English,,Faculty Scholarship,Faculty Scholarship,Faculty Scholarship,,Nanjing Shi (China),,2011,"Copyright to this work is held by the author(s), in accordance with United States copyright law (USC 17). Readers of this work have certain rights as defined by the law, including but not limited to fair use (17 USC 107 et seq.).",,,,,,,,,,,,,,0242  https://docs.google.com/spreadsheets/d/1JzW8TGU8qJlBAlyoMyDS1mkLTGoaLrsCzVtwQo-4JlU/edit?usp=sharing,"{/""worksheet/"": /""https://docs.google.com/spreadsheets/d/1JzW8TGU8qJlBAlyoMyDS1mkLTGoaLrsCzVtwQo-4JlU#gid=1570273558/"", /""directory/"": /""smb://storage/mediadb/DGingest/Migration-to-Alma/exports/faculty-scholarship/"", /""children/"": [{/""pid/"": /""grinnell:11336/"", /""title/"": /""Our First Few Days In China (Sunday, January 23, 2011)/"", /""files/"": [/""grinnell_11336_MODS.xml/"", /""grinnell_11336_RELS-EXT.rdf/""]}, {/""pid/"": /""grinnell:11243/"", /""title/"": /""Wedding Festivities, Part 1 (Wednesday, February 9, 2011)/"", /""files/"": [/""grinnell_11243_MODS.xml/"", /""grinnell_11243_RELS-EXT.rdf/""]}, {/""pid/"": /""grinnell:11244/"", /""title/"": /""Wedding, Part 2 (Friday, February 11, 2011)/"", /""files/"": [/""grinnell_11244_MODS.xml/"", /""grinnell_11244_RELS-EXT.rdf/""]}, {/""pid/"": /""grinnell:11247/"", /""title/"": /""Wedding, Part 3 (Saturday, February 12, 2011)/"", /""files/"": [/""grinnell_11247_MODS.xml/"", /""grinnell_11247_RELS-EXT.rdf/""]}, {/""pid/"": /""grinnell:11250/"", /""title/"": /""Wedding; the Guests (Monday, February 14, 2011)/"", /""files/"": [/""grinnell_11250_MODS.xml/"", /""grinnell_11250_RELS-EXT.rdf/""]}, {/""pid/"": /""grinnell:11251/"", /""title/"": /""Guilin (Wednesday, February 16, 2011)/"", /""files/"": [/""grinnell_11251_MODS.xml/"", /""grinnell_11251_RELS-EXT.rdf/""]}, {/""pid/"": /""grinnell:11252/"", /""title/"": /""What's to see in China? ...Did you say 'IKEA?\\/"" (Monday, February 21, 2011)/"", /""files/"": [/""grinnell_11252_MODS.xml/"", /""grinnell_11252_RELS-EXT.rdf/""]}, {/""pid/"": /""grinnell:11253/"", /""title/"": /""Buildings and history... (Wednesday, February 23, 2011)/"", /""files/"": [/""grinnell_11253_MODS.xml/"", /""grinnell_11253_RELS-EXT.rdf/""]}, {/""pid/"": /""grinnell:11254/"", /""title/"": /""Home Away From Home (Thursday, February 24, 2011)/"", /""files/"": [/""grinnell_11254_MODS.xml/"", /""grinnell_11254_RELS-EXT.rdf/""]}, {/""pid/"": /""grinnell:11257/"", /""title/"": /""In China, It's already February 26 - My Mother's Birthday (Friday, February 25, 2011)/"", /""files/"": [/""grinnell_11257_MODS.xml/"", /""grinnell_11257_RELS-EXT.rdf/""]}, {/""pid/"": /""grinnell:11260/"", /""title/"": /""Teaching Begins (Monday, February 28, 2011)/"", /""files/"": [/""grinnell_11260_MODS.xml/"", /""grinnell_11260_RELS-EXT.rdf/""]}, {/""pid/"": /""grinnell:11262/"", /""title/"": /""Teaching, 2 (Tuesday, March 1, 2011)/"", /""files/"": [/""grinnell_11262_MODS.xml/"", /""grinnell_11262_RELS-EXT.rdf/""]}, {/""pid/"": /""grinnell:11267/"", /""title/"": /""Plum Blossom Festival (Friday, March 4, 2011)/"", /""files/"": [/""grinnell_11267_MODS.xml/"", /""grinnell_11267_RELS-EXT.rdf/""]}, {/""pid/"": /""grinnell:11268/"", /""title/"": /""Nanjing Normal University (Friday, March 4, 2011)/"", /""files/"": [/""grinnell_11268_MODS.xml/"", /""grinnell_11268_RELS-EXT.rdf/""]}, {/""pid/"": /""grinnell:11271/"", /""title/"": /""What's to see in China? Tall Buildings!/"", /""files/"": [/""grinnell_11271_MODS.xml/"", /""grinnell_11271_RELS-EXT.rdf/""]}, {/""pid/"": /""grinnell:11272/"", /""title/"": /""Student Life at Nanjing University (Gulou) (Tuesday, March 8, 2011)/"", /""files/"": [/""grinnell_11272_MODS.xml/"", /""grinnell_11272_RELS-EXT.rdf/""]}, {/""pid/"": /""grinnell:11275/"", /""title/"": /""Roman Catholic Church in Nanjing (Wednesday, March 9, 2011)/"", /""files/"": [/""grinnell_11275_MODS.xml/"", /""grinnell_11275_RELS-EXT.rdf/""]}, {/""pid/"": /""grinnell:11276/"", /""title/"": /""A Sidelight - masks (Saturday, March 12, 2011)/"", /""files/"": [/""grinnell_11276_MODS.xml/"", /""grinnell_11276_RELS-EXT.rdf/""]}, {/""pid/"": /""grinnell:11279/"", /""title/"": /""What would Mao Say? (Monday, March 14, 2011)/"", /""files/"": [/""grinnell_11279_MODS.xml/"", /""grinnell_11279_RELS-EXT.rdf/""]}, {/""pid/"": /""grinnell:11280/"", /""title/"": /""Anticipating Cernobyl's 25th Anniversary (Tuesday, March 15, 2011)/"", /""files/"": [/""grinnell_11280_MODS.xml/"", /""grinnell_11280_RELS-EXT.rdf/""]}, {/""pid/"": /""grinnell:11281/"", /""title/"": /""Xianlin campus, Nanjing University (Wednesday, March 16, 2011)/"", /""files/"": [/""grinnell_11281_MODS.xml/"", /""grinnell_11281_RELS-EXT.rdf/""]}, {/""pid/"": /""grinnell:11282/"", /""title/"": /""St. Paul's Church, Nanjing (Friday, March 18, 2011)/"", /""files/"": [/""grinnell_11282_MODS.xml/"", /""grinnell_11282_RELS-EXT.rdf/""]}, {/""pid/"": /""grinnell:11283/"", /""title/"": /""Nanjing's metro (Saturday, March 19, 2011)/"", /""files/"": [/""grinnell_11283_MODS.xml/"", /""grinnell_11283_RELS-EXT.rdf/""]}, {/""pid/"": /""grinnell:11286/"", /""title/"": /""Nanjing Massacre Museumr (Sunday, March 20, 2011)/"", /""files/"": [/""grinnell_11286_MODS.xml/"", /""grinnell_11286_RELS-EXT.rdf/""]}, {/""pid/"": /""grinnell:11287/"", /""title/"": /""Johns Hopkins - Nanjing University Center (Tuesday, March 22, 2011)/"", /""files/"": [/""grinnell_11287_MODS.xml/"", /""grinnell_11287_RELS-EXT.rdf/""]}, {/""pid/"": /""grinnell:11290/"", /""title/"": /""Kids... (Sunday, March 20, 2011)/"", /""files/"": [/""grinnell_11290_MODS.xml/"", /""grinnell_11290_RELS-EXT.rdf/""]}, {/""pid/"": /""grinnell:11293/"", /""title/"": /""Eating in Nanjing (Thursday, March 31, 2011)/"", /""files/"": [/""grinnell_11293_MODS.xml/"", /""grinnell_11293_RELS-EXT.rdf/""]}], /""paren/"": {/""pid/"": /""grinnell:5000/"", /""title/"": /""China Adventure - A Blog by Professor Daniel Kaiser/"", /""files/"": [/""grinnell_5000_MODS.xml/"", /""grinnell_5000_RELS-EXT.rdf/""]}}"
,,991011507139404641,991011507139404641,parent: grinnell:5000,China Adventure - A Blog by Professor Daniel Kaiser,,,grinnell:5000; grinnell:5000; http://hdl.handle.net/11084/5000; alma:01GCL_INST/bibs/991011507139404641,http://hdl.handle.net/11084/5000,"China Adventure - A Blog by Professor Daniel Kaiser (compound); Our First Few Days In China (Sunday, January 23, 2011) (text); Wedding Festivities, Part 1 (Wednesday, February 9, 2011) (text); Wedding, Part 2 (Friday, February 11, 2011) (text); Wedding, Part 3 (Saturday, February 12, 2011) (text); Wedding; the Guests (Monday, February 14, 2011) (text); Guilin (Wednesday, February 16, 2011) (text); What's to see in China? ...Did you say 'IKEA?/"" (Monday, February 21, 2011) (text); Buildings and history... (Wednesday, February 23, 2011) (text); Home Away From Home (Thursday, February 24, 2011) (text); In China, It's already February 26 - My Mother's Birthday (Friday, February 25, 2011) (text); Teaching Begins (Monday, February 28, 2011) (text); Teaching, 2 (Tuesday, March 1, 2011) (text); Plum Blossom Festival (Friday, March 4, 2011) (text); Nanjing Normal University (Friday, March 4, 2011) (text); What's to see in China? Tall Buildings! (text); Student Life at Nanjing University (Gulou) (Tuesday, March 8, 2011) (text); Roman Catholic Church in Nanjing (Wednesday, March 9, 2011) (text); A Sidelight - masks (Saturday, March 12, 2011) (text); What would Mao Say? (Monday, March 14, 2011) (text); Anticipating Cernobyl's 25th Anniversary (Tuesday, March 15, 2011) (text); Xianlin campus, Nanjing University (Wednesday, March 16, 2011) (text); St. Paul's Church, Nanjing (Friday, March 18, 2011) (text); Nanjing's metro (Saturday, March 19, 2011) (text); Nanjing Massacre Museumr (Sunday, March 20, 2011) (text); Johns Hopkins - Nanjing University Center (Tuesday, March 22, 2011) (text); Kids... (Sunday, March 20, 2011) (text); Eating in Nanjing (Thursday, March 31, 2011) (text)","Kaiser, Daniel H. (Faculty/Staff)",Grinnell College. History,China,,,,,,,,,,,,,"While teaching in Nanjing, Daniel Kaiser, Professor Emeritus of History, kept a blog entitled /""China Adventure/"" that stretched from travel preparations in mid-January to his return to Iowa in late March. Some posts relate directly to teaching and the university; other posts touch on life in China; and several describe the wedding of Dan's son, Andrew (GC 2004).",,,"While teaching in Nanjing, Daniel Kaiser, Professor Emeritus of History, kept a blog entitled /""China Adventure/""",Grinnell College,Grinnell College,2011,2011,2011,,,compound,born digital,27 objects,27 objects,,,,English,,Faculty Scholarship,Faculty Scholarship,Faculty Scholarship,,Nanjing Shi (China),,2011,"Copyright to this work is held by the author(s), in accordance with United States copyright law (USC 17). Readers of this work have certain rights as defined by the law, including but not limited to fair use (17 USC 107 et seq.).",,,,,,,,,,,,,,0242  https://docs.google.com/spreadsheets/d/1JzW8TGU8qJlBAlyoMyDS1mkLTGoaLrsCzVtwQo-4JlU/edit?usp=sharing,"{/""worksheet/"": /""https://docs.google.com/spreadsheets/d/1JzW8TGU8qJlBAlyoMyDS1mkLTGoaLrsCzVtwQo-4JlU#gid=1570273558/"", /""directory/"": /""smb://storage/mediadb/DGingest/Migration-to-Alma/exports/faculty-scholarship/"", /""children/"": [{/""pid/"": /""grinnell:11336/"", /""title/"": /""Our First Few Days In China (Sunday, January 23, 2011)/"", /""files/"": [/""grinnell_11336_MODS.xml/"", /""grinnell_11336_RELS-EXT.rdf/""]}, {/""pid/"": /""grinnell:11243/"", /""title/"": /""Wedding Festivities, Part 1 (Wednesday, February 9, 2011)/"", /""files/"": [/""grinnell_11243_MODS.xml/"", /""grinnell_11243_RELS-EXT.rdf/""]}, {/""pid/"": /""grinnell:11244/"", /""title/"": /""Wedding, Part 2 (Friday, February 11, 2011)/"", /""files/"": [/""grinnell_11244_MODS.xml/"", /""grinnell_11244_RELS-EXT.rdf/""]}, {/""pid/"": /""grinnell:11247/"", /""title/"": /""Wedding, Part 3 (Saturday, February 12, 2011)/"", /""files/"": [/""grinnell_11247_MODS.xml/"", /""grinnell_11247_RELS-EXT.rdf/""]}, {/""pid/"": /""grinnell:11250/"", /""title/"": /""Wedding; the Guests (Monday, February 14, 2011)/"", /""files/"": [/""grinnell_11250_MODS.xml/"", /""grinnell_11250_RELS-EXT.rdf/""]}, {/""pid/"": /""grinnell:11251/"", /""title/"": /""Guilin (Wednesday, February 16, 2011)/"", /""files/"": [/""grinnell_11251_MODS.xml/"", /""grinnell_11251_RELS-EXT.rdf/""]}, {/""pid/"": /""grinnell:11252/"", /""title/"": /""What's to see in China? ...Did you say 'IKEA?\\/"" (Monday, February 21, 2011)/"", /""files/"": [/""grinnell_11252_MODS.xml/"", /""grinnell_11252_RELS-EXT.rdf/""]}, {/""pid/"": /""grinnell:11253/"", /""title/"": /""Buildings and history... (Wednesday, February 23, 2011)/"", /""files/"": [/""grinnell_11253_MODS.xml/"", /""grinnell_11253_RELS-EXT.rdf/""]}, {/""pid/"": /""grinnell:11254/"", /""title/"": /""Home Away From Home (Thursday, February 24, 2011)/"", /""files/"": [/""grinnell_11254_MODS.xml/"", /""grinnell_11254_RELS-EXT.rdf/""]}, {/""pid/"": /""grinnell:11257/"", /""title/"": /""In China, It's already February 26 - My Mother's Birthday (Friday, February 25, 2011)/"", /""files/"": [/""grinnell_11257_MODS.xml/"", /""grinnell_11257_RELS-EXT.rdf/""]}, {/""pid/"": /""grinnell:11260/"", /""title/"": /""Teaching Begins (Monday, February 28, 2011)/"", /""files/"": [/""grinnell_11260_MODS.xml/"", /""grinnell_11260_RELS-EXT.rdf/""]}, {/""pid/"": /""grinnell:11262/"", /""title/"": /""Teaching, 2 (Tuesday, March 1, 2011)/"", /""files/"": [/""grinnell_11262_MODS.xml/"", /""grinnell_11262_RELS-EXT.rdf/""]}, {/""pid/"": /""grinnell:11267/"", /""title/"": /""Plum Blossom Festival (Friday, March 4, 2011)/"", /""files/"": [/""grinnell_11267_MODS.xml/"", /""grinnell_11267_RELS-EXT.rdf/""]}, {/""pid/"": /""grinnell:11268/"", /""title/"": /""Nanjing Normal University (Friday, March 4, 2011)/"", /""files/"": [/""grinnell_11268_MODS.xml/"", /""grinnell_11268_RELS-EXT.rdf/""]}, {/""pid/"": /""grinnell:11271/"", /""title/"": /""What's to see in China? Tall Buildings!/"", /""files/"": [/""grinnell_11271_MODS.xml/"", /""grinnell_11271_RELS-EXT.rdf/""]}, {/""pid/"": /""grinnell:11272/"", /""title/"": /""Student Life at Nanjing University (Gulou) (Tuesday, March 8, 2011)/"", /""files/"": [/""grinnell_11272_MODS.xml/"", /""grinnell_11272_RELS-EXT.rdf/""]}, {/""pid/"": /""grinnell:11275/"", /""title/"": /""Roman Catholic Church in Nanjing (Wednesday, March 9, 2011)/"", /""files/"": [/""grinnell_11275_MODS.xml/"", /""grinnell_11275_RELS-EXT.rdf/""]}, {/""pid/"": /""grinnell:11276/"", /""title/"": /""A Sidelight - masks (Saturday, March 12, 2011)/"", /""files/"": [/""grinnell_11276_MODS.xml/"", /""grinnell_11276_RELS-EXT.rdf/""]}, {/""pid/"": /""grinnell:11279/"", /""title/"": /""What would Mao Say? (Monday, March 14, 2011)/"", /""files/"": [/""grinnell_11279_MODS.xml/"", /""grinnell_11279_RELS-EXT.rdf/""]}, {/""pid/"": /""grinnell:11280/"", /""title/"": /""Anticipating Cernobyl's 25th Anniversary (Tuesday, March 15, 2011)/"", /""files/"": [/""grinnell_11280_MODS.xml/"", /""grinnell_11280_RELS-EXT.rdf/""]}, {/""pid/"": /""grinnell:11281/"", /""title/"": /""Xianlin campus, Nanjing University (Wednesday, March 16, 2011)/"", /""files/"": [/""grinnell_11281_MODS.xml/"", /""grinnell_11281_RELS-EXT.rdf/""]}, {/""pid/"": /""grinnell:11282/"", /""title/"": /""St. Paul's Church, Nanjing (Friday, March 18, 2011)/"", /""files/"": [/""grinnell_11282_MODS.xml/"", /""grinnell_11282_RELS-EXT.rdf/""]}, {/""pid/"": /""grinnell:11283/"", /""title/"": /""Nanjing's metro (Saturday, March 19, 2011)/"", /""files/"": [/""grinnell_11283_MODS.xml/"", /""grinnell_11283_RELS-EXT.rdf/""]}, {/""pid/"": /""grinnell:11286/"", /""title/"": /""Nanjing Massacre Museumr (Sunday, March 20, 2011)/"", /""files/"": [/""grinnell_11286_MODS.xml/"", /""grinnell_11286_RELS-EXT.rdf/""]}, {/""pid/"": /""grinnell:11287/"", /""title/"": /""Johns Hopkins - Nanjing University Center (Tuesday, March 22, 2011)/"", /""files/"": [/""grinnell_11287_MODS.xml/"", /""grinnell_11287_RELS-EXT.rdf/""]}, {/""pid/"": /""grinnell:11290/"", /""title/"": /""Kids... (Sunday, March 20, 2011)/"", /""files/"": [/""grinnell_11290_MODS.xml/"", /""grinnell_11290_RELS-EXT.rdf/""]}, {/""pid/"": /""grinnell:11293/"", /""title/"": /""Eating in Nanjing (Thursday, March 31, 2011)/"", /""files/"": [/""grinnell_11293_MODS.xml/"", /""grinnell_11293_RELS-EXT.rdf/""]}], /""paren/"": {/""pid/"": /""grinnell:5000/"", /""title/"": /""China Adventure - A Blog by Professor Daniel Kaiser/"", /""files/"": [/""grinnell_5000_MODS.xml/"", /""grinnell_5000_RELS-EXT.rdf/""]}}"
,,991011507139404641,991011507139404641,parent: grinnell:5000,China Adventure - A Blog by Professor Daniel Kaiser,,,grinnell:5000; grinnell:5000; http://hdl.handle.net/11084/5000; alma:01GCL_INST/bibs/991011507139404641,http://hdl.handle.net/11084/5000,"China Adventure - A Blog by Professor Daniel Kaiser (compound); Our First Few Days In China (Sunday, January 23, 2011) (text); Wedding Festivities, Part 1 (Wednesday, February 9, 2011) (text); Wedding, Part 2 (Friday, February 11, 2011) (text); Wedding, Part 3 (Saturday, February 12, 2011) (text); Wedding; the Guests (Monday, February 14, 2011) (text); Guilin (Wednesday, February 16, 2011) (text); What's to see in China? ...Did you say 'IKEA?/"" (Monday, February 21, 2011) (text); Buildings and history... (Wednesday, February 23, 2011) (text); Home Away From Home (Thursday, February 24, 2011) (text); In China, It's already February 26 - My Mother's Birthday (Friday, February 25, 2011) (text); Teaching Begins (Monday, February 28, 2011) (text); Teaching, 2 (Tuesday, March 1, 2011) (text); Plum Blossom Festival (Friday, March 4, 2011) (text); Nanjing Normal University (Friday, March 4, 2011) (text); What's to see in China? Tall Buildings! (text); Student Life at Nanjing University (Gulou) (Tuesday, March 8, 2011) (text); Roman Catholic Church in Nanjing (Wednesday, March 9, 2011) (text); A Sidelight - masks (Saturday, March 12, 2011) (text); What would Mao Say? (Monday, March 14, 2011) (text); Anticipating Cernobyl's 25th Anniversary (Tuesday, March 15, 2011) (text); Xianlin campus, Nanjing University (Wednesday, March 16, 2011) (text); St. Paul's Church, Nanjing (Friday, March 18, 2011) (text); Nanjing's metro (Saturday, March 19, 2011) (text); Nanjing Massacre Museumr (Sunday, March 20, 2011) (text); Johns Hopkins - Nanjing University Center (Tuesday, March 22, 2011) (text); Kids... (Sunday, March 20, 2011) (text); Eating in Nanjing (Thursday, March 31, 2011) (text)","Kaiser, Daniel H. (Faculty/Staff)",Grinnell College. History,China,,,,,,,,,,,,,"While teaching in Nanjing, Daniel Kaiser, Professor Emeritus of History, kept a blog entitled /""China Adventure/"" that stretched from travel preparations in mid-January to his return to Iowa in late March. Some posts relate directly to teaching and the university; other posts touch on life in China; and several describe the wedding of Dan's son, Andrew (GC 2004).",,,"While teaching in Nanjing, Daniel Kaiser, Professor Emeritus of History, kept a blog entitled /""China Adventure/""",Grinnell College,Grinnell College,2011,2011,2011,,,compound,born digital,27 objects,27 objects,,,,English,,Faculty Scholarship,Faculty Scholarship,Faculty Scholarship,,Nanjing Shi (China),,2011,"Copyright to this work is held by the author(s), in accordance with United States copyright law (USC 17). Readers of this work have certain rights as defined by the law, including but not limited to fair use (17 USC 107 et seq.).",,,,,,,,,,,,,,0242  https://docs.google.com/spreadsheets/d/1JzW8TGU8qJlBAlyoMyDS1mkLTGoaLrsCzVtwQo-4JlU/edit?usp=sharing,"{/""worksheet/"": /""https://docs.google.com/spreadsheets/d/1JzW8TGU8qJlBAlyoMyDS1mkLTGoaLrsCzVtwQo-4JlU#gid=1570273558/"", /""directory/"": /""smb://storage/mediadb/DGingest/Migration-to-Alma/exports/faculty-scholarship/"", /""children/"": [{/""pid/"": /""grinnell:11336/"", /""title/"": /""Our First Few Days In China (Sunday, January 23, 2011)/"", /""files/"": [/""grinnell_11336_MODS.xml/"", /""grinnell_11336_RELS-EXT.rdf/""]}, {/""pid/"": /""grinnell:11243/"", /""title/"": /""Wedding Festivities, Part 1 (Wednesday, February 9, 2011)/"", /""files/"": [/""grinnell_11243_MODS.xml/"", /""grinnell_11243_RELS-EXT.rdf/""]}, {/""pid/"": /""grinnell:11244/"", /""title/"": /""Wedding, Part 2 (Friday, February 11, 2011)/"", /""files/"": [/""grinnell_11244_MODS.xml/"", /""grinnell_11244_RELS-EXT.rdf/""]}, {/""pid/"": /""grinnell:11247/"", /""title/"": /""Wedding, Part 3 (Saturday, February 12, 2011)/"", /""files/"": [/""grinnell_11247_MODS.xml/"", /""grinnell_11247_RELS-EXT.rdf/""]}, {/""pid/"": /""grinnell:11250/"", /""title/"": /""Wedding; the Guests (Monday, February 14, 2011)/"", /""files/"": [/""grinnell_11250_MODS.xml/"", /""grinnell_11250_RELS-EXT.rdf/""]}, {/""pid/"": /""grinnell:11251/"", /""title/"": /""Guilin (Wednesday, February 16, 2011)/"", /""files/"": [/""grinnell_11251_MODS.xml/"", /""grinnell_11251_RELS-EXT.rdf/""]}, {/""pid/"": /""grinnell:11252/"", /""title/"": /""What's to see in China? ...Did you say 'IKEA?\\/"" (Monday, February 21, 2011)/"", /""files/"": [/""grinnell_11252_MODS.xml/"", /""grinnell_11252_RELS-EXT.rdf/""]}, {/""pid/"": /""grinnell:11253/"", /""title/"": /""Buildings and history... (Wednesday, February 23, 2011)/"", /""files/"": [/""grinnell_11253_MODS.xml/"", /""grinnell_11253_RELS-EXT.rdf/""]}, {/""pid/"": /""grinnell:11254/"", /""title/"": /""Home Away From Home (Thursday, February 24, 2011)/"", /""files/"": [/""grinnell_11254_MODS.xml/"", /""grinnell_11254_RELS-EXT.rdf/""]}, {/""pid/"": /""grinnell:11257/"", /""title/"": /""In China, It's already February 26 - My Mother's Birthday (Friday, February 25, 2011)/"", /""files/"": [/""grinnell_11257_MODS.xml/"", /""grinnell_11257_RELS-EXT.rdf/""]}, {/""pid/"": /""grinnell:11260/"", /""title/"": /""Teaching Begins (Monday, February 28, 2011)/"", /""files/"": [/""grinnell_11260_MODS.xml/"", /""grinnell_11260_RELS-EXT.rdf/""]}, {/""pid/"": /""grinnell:11262/"", /""title/"": /""Teaching, 2 (Tuesday, March 1, 2011)/"", /""files/"": [/""grinnell_11262_MODS.xml/"", /""grinnell_11262_RELS-EXT.rdf/""]}, {/""pid/"": /""grinnell:11267/"", /""title/"": /""Plum Blossom Festival (Friday, March 4, 2011)/"", /""files/"": [/""grinnell_11267_MODS.xml/"", /""grinnell_11267_RELS-EXT.rdf/""]}, {/""pid/"": /""grinnell:11268/"", /""title/"": /""Nanjing Normal University (Friday, March 4, 2011)/"", /""files/"": [/""grinnell_11268_MODS.xml/"", /""grinnell_11268_RELS-EXT.rdf/""]}, {/""pid/"": /""grinnell:11271/"", /""title/"": /""What's to see in China? Tall Buildings!/"", /""files/"": [/""grinnell_11271_MODS.xml/"", /""grinnell_11271_RELS-EXT.rdf/""]}, {/""pid/"": /""grinnell:11272/"", /""title/"": /""Student Life at Nanjing University (Gulou) (Tuesday, March 8, 2011)/"", /""files/"": [/""grinnell_11272_MODS.xml/"", /""grinnell_11272_RELS-EXT.rdf/""]}, {/""pid/"": /""grinnell:11275/"", /""title/"": /""Roman Catholic Church in Nanjing (Wednesday, March 9, 2011)/"", /""files/"": [/""grinnell_11275_MODS.xml/"", /""grinnell_11275_RELS-EXT.rdf/""]}, {/""pid/"": /""grinnell:11276/"", /""title/"": /""A Sidelight - masks (Saturday, March 12, 2011)/"", /""files/"": [/""grinnell_11276_MODS.xml/"", /""grinnell_11276_RELS-EXT.rdf/""]}, {/""pid/"": /""grinnell:11279/"", /""title/"": /""What would Mao Say? (Monday, March 14, 2011)/"", /""files/"": [/""grinnell_11279_MODS.xml/"", /""grinnell_11279_RELS-EXT.rdf/""]}, {/""pid/"": /""grinnell:11280/"", /""title/"": /""Anticipating Cernobyl's 25th Anniversary (Tuesday, March 15, 2011)/"", /""files/"": [/""grinnell_11280_MODS.xml/"", /""grinnell_11280_RELS-EXT.rdf/""]}, {/""pid/"": /""grinnell:11281/"", /""title/"": /""Xianlin campus, Nanjing University (Wednesday, March 16, 2011)/"", /""files/"": [/""grinnell_11281_MODS.xml/"", /""grinnell_11281_RELS-EXT.rdf/""]}, {/""pid/"": /""grinnell:11282/"", /""title/"": /""St. Paul's Church, Nanjing (Friday, March 18, 2011)/"", /""files/"": [/""grinnell_11282_MODS.xml/"", /""grinnell_11282_RELS-EXT.rdf/""]}, {/""pid/"": /""grinnell:11283/"", /""title/"": /""Nanjing's metro (Saturday, March 19, 2011)/"", /""files/"": [/""grinnell_11283_MODS.xml/"", /""grinnell_11283_RELS-EXT.rdf/""]}, {/""pid/"": /""grinnell:11286/"", /""title/"": /""Nanjing Massacre Museumr (Sunday, March 20, 2011)/"", /""files/"": [/""grinnell_11286_MODS.xml/"", /""grinnell_11286_RELS-EXT.rdf/""]}, {/""pid/"": /""grinnell:11287/"", /""title/"": /""Johns Hopkins - Nanjing University Center (Tuesday, March 22, 2011)/"", /""files/"": [/""grinnell_11287_MODS.xml/"", /""grinnell_11287_RELS-EXT.rdf/""]}, {/""pid/"": /""grinnell:11290/"", /""title/"": /""Kids... (Sunday, March 20, 2011)/"", /""files/"": [/""grinnell_11290_MODS.xml/"", /""grinnell_11290_RELS-EXT.rdf/""]}, {/""pid/"": /""grinnell:11293/"", /""title/"": /""Eating in Nanjing (Thursday, March 31, 2011)/"", /""files/"": [/""grinnell_11293_MODS.xml/"", /""grinnell_11293_RELS-EXT.rdf/""]}], /""paren/"": {/""pid/"": /""grinnell:5000/"", /""title/"": /""China Adventure - A Blog by Professor Daniel Kaiser/"", /""files/"": [/""grinnell_5000_MODS.xml/"", /""grinnell_5000_RELS-EXT.rdf/""]}}"
,,991011507139404641,991011507139404641,parent: grinnell:5000,China Adventure - A Blog by Professor Daniel Kaiser,,,grinnell:5000; grinnell:5000; http://hdl.handle.net/11084/5000; alma:01GCL_INST/bibs/991011507139404641,http://hdl.handle.net/11084/5000,"China Adventure - A Blog by Professor Daniel Kaiser (compound); Our First Few Days In China (Sunday, January 23, 2011) (text); Wedding Festivities, Part 1 (Wednesday, February 9, 2011) (text); Wedding, Part 2 (Friday, February 11, 2011) (text); Wedding, Part 3 (Saturday, February 12, 2011) (text); Wedding; the Guests (Monday, February 14, 2011) (text); Guilin (Wednesday, February 16, 2011) (text); What's to see in China? ...Did you say 'IKEA?/"" (Monday, February 21, 2011) (text); Buildings and history... (Wednesday, February 23, 2011) (text); Home Away From Home (Thursday, February 24, 2011) (text); In China, It's already February 26 - My Mother's Birthday (Friday, February 25, 2011) (text); Teaching Begins (Monday, February 28, 2011) (text); Teaching, 2 (Tuesday, March 1, 2011) (text); Plum Blossom Festival (Friday, March 4, 2011) (text); Nanjing Normal University (Friday, March 4, 2011) (text); What's to see in China? Tall Buildings! (text); Student Life at Nanjing University (Gulou) (Tuesday, March 8, 2011) (text); Roman Catholic Church in Nanjing (Wednesday, March 9, 2011) (text); A Sidelight - masks (Saturday, March 12, 2011) (text); What would Mao Say? (Monday, March 14, 2011) (text); Anticipating Cernobyl's 25th Anniversary (Tuesday, March 15, 2011) (text); Xianlin campus, Nanjing University (Wednesday, March 16, 2011) (text); St. Paul's Church, Nanjing (Friday, March 18, 2011) (text); Nanjing's metro (Saturday, March 19, 2011) (text); Nanjing Massacre Museumr (Sunday, March 20, 2011) (text); Johns Hopkins - Nanjing University Center (Tuesday, March 22, 2011) (text); Kids... (Sunday, March 20, 2011) (text); Eating in Nanjing (Thursday, March 31, 2011) (text)","Kaiser, Daniel H. (Faculty/Staff)",Grinnell College. History,China,,,,,,,,,,,,,"While teaching in Nanjing, Daniel Kaiser, Professor Emeritus of History, kept a blog entitled /""China Adventure/"" that stretched from travel preparations in mid-January to his return to Iowa in late March. Some posts relate directly to teaching and the university; other posts touch on life in China; and several describe the wedding of Dan's son, Andrew (GC 2004).",,,"While teaching in Nanjing, Daniel Kaiser, Professor Emeritus of History, kept a blog entitled /""China Adventure/""",Grinnell College,Grinnell College,2011,2011,2011,,,compound,born digital,27 objects,27 objects,,,,English,,Faculty Scholarship,Faculty Scholarship,Faculty Scholarship,,Nanjing Shi (China),,2011,"Copyright to this work is held by the author(s), in accordance with United States copyright law (USC 17). Readers of this work have certain rights as defined by the law, including but not limited to fair use (17 USC 107 et seq.).",,,,,,,,,,,,,,0242  https://docs.google.com/spreadsheets/d/1JzW8TGU8qJlBAlyoMyDS1mkLTGoaLrsCzVtwQo-4JlU/edit?usp=sharing,"{/""worksheet/"": /""https://docs.google.com/spreadsheets/d/1JzW8TGU8qJlBAlyoMyDS1mkLTGoaLrsCzVtwQo-4JlU#gid=1570273558/"", /""directory/"": /""smb://storage/mediadb/DGingest/Migration-to-Alma/exports/faculty-scholarship/"", /""children/"": [{/""pid/"": /""grinnell:11336/"", /""title/"": /""Our First Few Days In China (Sunday, January 23, 2011)/"", /""files/"": [/""grinnell_11336_MODS.xml/"", /""grinnell_11336_RELS-EXT.rdf/""]}, {/""pid/"": /""grinnell:11243/"", /""title/"": /""Wedding Festivities, Part 1 (Wednesday, February 9, 2011)/"", /""files/"": [/""grinnell_11243_MODS.xml/"", /""grinnell_11243_RELS-EXT.rdf/""]}, {/""pid/"": /""grinnell:11244/"", /""title/"": /""Wedding, Part 2 (Friday, February 11, 2011)/"", /""files/"": [/""grinnell_11244_MODS.xml/"", /""grinnell_11244_RELS-EXT.rdf/""]}, {/""pid/"": /""grinnell:11247/"", /""title/"": /""Wedding, Part 3 (Saturday, February 12, 2011)/"", /""files/"": [/""grinnell_11247_MODS.xml/"", /""grinnell_11247_RELS-EXT.rdf/""]}, {/""pid/"": /""grinnell:11250/"", /""title/"": /""Wedding; the Guests (Monday, February 14, 2011)/"", /""files/"": [/""grinnell_11250_MODS.xml/"", /""grinnell_11250_RELS-EXT.rdf/""]}, {/""pid/"": /""grinnell:11251/"", /""title/"": /""Guilin (Wednesday, February 16, 2011)/"", /""files/"": [/""grinnell_11251_MODS.xml/"", /""grinnell_11251_RELS-EXT.rdf/""]}, {/""pid/"": /""grinnell:11252/"", /""title/"": /""What's to see in China? ...Did you say 'IKEA?\\/"" (Monday, February 21, 2011)/"", /""files/"": [/""grinnell_11252_MODS.xml/"", /""grinnell_11252_RELS-EXT.rdf/""]}, {/""pid/"": /""grinnell:11253/"", /""title/"": /""Buildings and history... (Wednesday, February 23, 2011)/"", /""files/"": [/""grinnell_11253_MODS.xml/"", /""grinnell_11253_RELS-EXT.rdf/""]}, {/""pid/"": /""grinnell:11254/"", /""title/"": /""Home Away From Home (Thursday, February 24, 2011)/"", /""files/"": [/""grinnell_11254_MODS.xml/"", /""grinnell_11254_RELS-EXT.rdf/""]}, {/""pid/"": /""grinnell:11257/"", /""title/"": /""In China, It's already February 26 - My Mother's Birthday (Friday, February 25, 2011)/"", /""files/"": [/""grinnell_11257_MODS.xml/"", /""grinnell_11257_RELS-EXT.rdf/""]}, {/""pid/"": /""grinnell:11260/"", /""title/"": /""Teaching Begins (Monday, February 28, 2011)/"", /""files/"": [/""grinnell_11260_MODS.xml/"", /""grinnell_11260_RELS-EXT.rdf/""]}, {/""pid/"": /""grinnell:11262/"", /""title/"": /""Teaching, 2 (Tuesday, March 1, 2011)/"", /""files/"": [/""grinnell_11262_MODS.xml/"", /""grinnell_11262_RELS-EXT.rdf/""]}, {/""pid/"": /""grinnell:11267/"", /""title/"": /""Plum Blossom Festival (Friday, March 4, 2011)/"", /""files/"": [/""grinnell_11267_MODS.xml/"", /""grinnell_11267_RELS-EXT.rdf/""]}, {/""pid/"": /""grinnell:11268/"", /""title/"": /""Nanjing Normal University (Friday, March 4, 2011)/"", /""files/"": [/""grinnell_11268_MODS.xml/"", /""grinnell_11268_RELS-EXT.rdf/""]}, {/""pid/"": /""grinnell:11271/"", /""title/"": /""What's to see in China? Tall Buildings!/"", /""files/"": [/""grinnell_11271_MODS.xml/"", /""grinnell_11271_RELS-EXT.rdf/""]}, {/""pid/"": /""grinnell:11272/"", /""title/"": /""Student Life at Nanjing University (Gulou) (Tuesday, March 8, 2011)/"", /""files/"": [/""grinnell_11272_MODS.xml/"", /""grinnell_11272_RELS-EXT.rdf/""]}, {/""pid/"": /""grinnell:11275/"", /""title/"": /""Roman Catholic Church in Nanjing (Wednesday, March 9, 2011)/"", /""files/"": [/""grinnell_11275_MODS.xml/"", /""grinnell_11275_RELS-EXT.rdf/""]}, {/""pid/"": /""grinnell:11276/"", /""title/"": /""A Sidelight - masks (Saturday, March 12, 2011)/"", /""files/"": [/""grinnell_11276_MODS.xml/"", /""grinnell_11276_RELS-EXT.rdf/""]}, {/""pid/"": /""grinnell:11279/"", /""title/"": /""What would Mao Say? (Monday, March 14, 2011)/"", /""files/"": [/""grinnell_11279_MODS.xml/"", /""grinnell_11279_RELS-EXT.rdf/""]}, {/""pid/"": /""grinnell:11280/"", /""title/"": /""Anticipating Cernobyl's 25th Anniversary (Tuesday, March 15, 2011)/"", /""files/"": [/""grinnell_11280_MODS.xml/"", /""grinnell_11280_RELS-EXT.rdf/""]}, {/""pid/"": /""grinnell:11281/"", /""title/"": /""Xianlin campus, Nanjing University (Wednesday, March 16, 2011)/"", /""files/"": [/""grinnell_11281_MODS.xml/"", /""grinnell_11281_RELS-EXT.rdf/""]}, {/""pid/"": /""grinnell:11282/"", /""title/"": /""St. Paul's Church, Nanjing (Friday, March 18, 2011)/"", /""files/"": [/""grinnell_11282_MODS.xml/"", /""grinnell_11282_RELS-EXT.rdf/""]}, {/""pid/"": /""grinnell:11283/"", /""title/"": /""Nanjing's metro (Saturday, March 19, 2011)/"", /""files/"": [/""grinnell_11283_MODS.xml/"", /""grinnell_11283_RELS-EXT.rdf/""]}, {/""pid/"": /""grinnell:11286/"", /""title/"": /""Nanjing Massacre Museumr (Sunday, March 20, 2011)/"", /""files/"": [/""grinnell_11286_MODS.xml/"", /""grinnell_11286_RELS-EXT.rdf/""]}, {/""pid/"": /""grinnell:11287/"", /""title/"": /""Johns Hopkins - Nanjing University Center (Tuesday, March 22, 2011)/"", /""files/"": [/""grinnell_11287_MODS.xml/"", /""grinnell_11287_RELS-EXT.rdf/""]}, {/""pid/"": /""grinnell:11290/"", /""title/"": /""Kids... (Sunday, March 20, 2011)/"", /""files/"": [/""grinnell_11290_MODS.xml/"", /""grinnell_11290_RELS-EXT.rdf/""]}, {/""pid/"": /""grinnell:11293/"", /""title/"": /""Eating in Nanjing (Thursday, March 31, 2011)/"", /""files/"": [/""grinnell_11293_MODS.xml/"", /""grinnell_11293_RELS-EXT.rdf/""]}], /""paren/"": {/""pid/"": /""grinnell:5000/"", /""title/"": /""China Adventure - A Blog by Professor Daniel Kaiser/"", /""files/"": [/""grinnell_5000_MODS.xml/"", /""grinnell_5000_RELS-EXT.rdf/""]}}"
,,991011507139404641,991011507139404641,parent: grinnell:5000,China Adventure - A Blog by Professor Daniel Kaiser,,,grinnell:5000; grinnell:5000; http://hdl.handle.net/11084/5000; alma:01GCL_INST/bibs/991011507139404641,http://hdl.handle.net/11084/5000,"China Adventure - A Blog by Professor Daniel Kaiser (compound); Our First Few Days In China (Sunday, January 23, 2011) (text); Wedding Festivities, Part 1 (Wednesday, February 9, 2011) (text); Wedding, Part 2 (Friday, February 11, 2011) (text); Wedding, Part 3 (Saturday, February 12, 2011) (text); Wedding; the Guests (Monday, February 14, 2011) (text); Guilin (Wednesday, February 16, 2011) (text); What's to see in China? ...Did you say 'IKEA?/"" (Monday, February 21, 2011) (text); Buildings and history... (Wednesday, February 23, 2011) (text); Home Away From Home (Thursday, February 24, 2011) (text); In China, It's already February 26 - My Mother's Birthday (Friday, February 25, 2011) (text); Teaching Begins (Monday, February 28, 2011) (text); Teaching, 2 (Tuesday, March 1, 2011) (text); Plum Blossom Festival (Friday, March 4, 2011) (text); Nanjing Normal University (Friday, March 4, 2011) (text); What's to see in China? Tall Buildings! (text); Student Life at Nanjing University (Gulou) (Tuesday, March 8, 2011) (text); Roman Catholic Church in Nanjing (Wednesday, March 9, 2011) (text); A Sidelight - masks (Saturday, March 12, 2011) (text); What would Mao Say? (Monday, March 14, 2011) (text); Anticipating Cernobyl's 25th Anniversary (Tuesday, March 15, 2011) (text); Xianlin campus, Nanjing University (Wednesday, March 16, 2011) (text); St. Paul's Church, Nanjing (Friday, March 18, 2011) (text); Nanjing's metro (Saturday, March 19, 2011) (text); Nanjing Massacre Museumr (Sunday, March 20, 2011) (text); Johns Hopkins - Nanjing University Center (Tuesday, March 22, 2011) (text); Kids... (Sunday, March 20, 2011) (text); Eating in Nanjing (Thursday, March 31, 2011) (text)","Kaiser, Daniel H. (Faculty/Staff)",Grinnell College. History,China,,,,,,,,,,,,,"While teaching in Nanjing, Daniel Kaiser, Professor Emeritus of History, kept a blog entitled /""China Adventure/"" that stretched from travel preparations in mid-January to his return to Iowa in late March. Some posts relate directly to teaching and the university; other posts touch on life in China; and several describe the wedding of Dan's son, Andrew (GC 2004).",,,"While teaching in Nanjing, Daniel Kaiser, Professor Emeritus of History, kept a blog entitled /""China Adventure/""",Grinnell College,Grinnell College,2011,2011,2011,,,compound,born digital,27 objects,27 objects,,,,English,,Faculty Scholarship,Faculty Scholarship,Faculty Scholarship,,Nanjing Shi (China),,2011,"Copyright to this work is held by the author(s), in accordance with United States copyright law (USC 17). Readers of this work have certain rights as defined by the law, including but not limited to fair use (17 USC 107 et seq.).",,,,,,,,,,,,,,0242  https://docs.google.com/spreadsheets/d/1JzW8TGU8qJlBAlyoMyDS1mkLTGoaLrsCzVtwQo-4JlU/edit?usp=sharing,"{/""worksheet/"": /""https://docs.google.com/spreadsheets/d/1JzW8TGU8qJlBAlyoMyDS1mkLTGoaLrsCzVtwQo-4JlU#gid=1570273558/"", /""directory/"": /""smb://storage/mediadb/DGingest/Migration-to-Alma/exports/faculty-scholarship/"", /""children/"": [{/""pid/"": /""grinnell:11336/"", /""title/"": /""Our First Few Days In China (Sunday, January 23, 2011)/"", /""files/"": [/""grinnell_11336_MODS.xml/"", /""grinnell_11336_RELS-EXT.rdf/""]}, {/""pid/"": /""grinnell:11243/"", /""title/"": /""Wedding Festivities, Part 1 (Wednesday, February 9, 2011)/"", /""files/"": [/""grinnell_11243_MODS.xml/"", /""grinnell_11243_RELS-EXT.rdf/""]}, {/""pid/"": /""grinnell:11244/"", /""title/"": /""Wedding, Part 2 (Friday, February 11, 2011)/"", /""files/"": [/""grinnell_11244_MODS.xml/"", /""grinnell_11244_RELS-EXT.rdf/""]}, {/""pid/"": /""grinnell:11247/"", /""title/"": /""Wedding, Part 3 (Saturday, February 12, 2011)/"", /""files/"": [/""grinnell_11247_MODS.xml/"", /""grinnell_11247_RELS-EXT.rdf/""]}, {/""pid/"": /""grinnell:11250/"", /""title/"": /""Wedding; the Guests (Monday, February 14, 2011)/"", /""files/"": [/""grinnell_11250_MODS.xml/"", /""grinnell_11250_RELS-EXT.rdf/""]}, {/""pid/"": /""grinnell:11251/"", /""title/"": /""Guilin (Wednesday, February 16, 2011)/"", /""files/"": [/""grinnell_11251_MODS.xml/"", /""grinnell_11251_RELS-EXT.rdf/""]}, {/""pid/"": /""grinnell:11252/"", /""title/"": /""What's to see in China? ...Did you say 'IKEA?\\/"" (Monday, February 21, 2011)/"", /""files/"": [/""grinnell_11252_MODS.xml/"", /""grinnell_11252_RELS-EXT.rdf/""]}, {/""pid/"": /""grinnell:11253/"", /""title/"": /""Buildings and history... (Wednesday, February 23, 2011)/"", /""files/"": [/""grinnell_11253_MODS.xml/"", /""grinnell_11253_RELS-EXT.rdf/""]}, {/""pid/"": /""grinnell:11254/"", /""title/"": /""Home Away From Home (Thursday, February 24, 2011)/"", /""files/"": [/""grinnell_11254_MODS.xml/"", /""grinnell_11254_RELS-EXT.rdf/""]}, {/""pid/"": /""grinnell:11257/"", /""title/"": /""In China, It's already February 26 - My Mother's Birthday (Friday, February 25, 2011)/"", /""files/"": [/""grinnell_11257_MODS.xml/"", /""grinnell_11257_RELS-EXT.rdf/""]}, {/""pid/"": /""grinnell:11260/"", /""title/"": /""Teaching Begins (Monday, February 28, 2011)/"", /""files/"": [/""grinnell_11260_MODS.xml/"", /""grinnell_11260_RELS-EXT.rdf/""]}, {/""pid/"": /""grinnell:11262/"", /""title/"": /""Teaching, 2 (Tuesday, March 1, 2011)/"", /""files/"": [/""grinnell_11262_MODS.xml/"", /""grinnell_11262_RELS-EXT.rdf/""]}, {/""pid/"": /""grinnell:11267/"", /""title/"": /""Plum Blossom Festival (Friday, March 4, 2011)/"", /""files/"": [/""grinnell_11267_MODS.xml/"", /""grinnell_11267_RELS-EXT.rdf/""]}, {/""pid/"": /""grinnell:11268/"", /""title/"": /""Nanjing Normal University (Friday, March 4, 2011)/"", /""files/"": [/""grinnell_11268_MODS.xml/"", /""grinnell_11268_RELS-EXT.rdf/""]}, {/""pid/"": /""grinnell:11271/"", /""title/"": /""What's to see in China? Tall Buildings!/"", /""files/"": [/""grinnell_11271_MODS.xml/"", /""grinnell_11271_RELS-EXT.rdf/""]}, {/""pid/"": /""grinnell:11272/"", /""title/"": /""Student Life at Nanjing University (Gulou) (Tuesday, March 8, 2011)/"", /""files/"": [/""grinnell_11272_MODS.xml/"", /""grinnell_11272_RELS-EXT.rdf/""]}, {/""pid/"": /""grinnell:11275/"", /""title/"": /""Roman Catholic Church in Nanjing (Wednesday, March 9, 2011)/"", /""files/"": [/""grinnell_11275_MODS.xml/"", /""grinnell_11275_RELS-EXT.rdf/""]}, {/""pid/"": /""grinnell:11276/"", /""title/"": /""A Sidelight - masks (Saturday, March 12, 2011)/"", /""files/"": [/""grinnell_11276_MODS.xml/"", /""grinnell_11276_RELS-EXT.rdf/""]}, {/""pid/"": /""grinnell:11279/"", /""title/"": /""What would Mao Say? (Monday, March 14, 2011)/"", /""files/"": [/""grinnell_11279_MODS.xml/"", /""grinnell_11279_RELS-EXT.rdf/""]}, {/""pid/"": /""grinnell:11280/"", /""title/"": /""Anticipating Cernobyl's 25th Anniversary (Tuesday, March 15, 2011)/"", /""files/"": [/""grinnell_11280_MODS.xml/"", /""grinnell_11280_RELS-EXT.rdf/""]}, {/""pid/"": /""grinnell:11281/"", /""title/"": /""Xianlin campus, Nanjing University (Wednesday, March 16, 2011)/"", /""files/"": [/""grinnell_11281_MODS.xml/"", /""grinnell_11281_RELS-EXT.rdf/""]}, {/""pid/"": /""grinnell:11282/"", /""title/"": /""St. Paul's Church, Nanjing (Friday, March 18, 2011)/"", /""files/"": [/""grinnell_11282_MODS.xml/"", /""grinnell_11282_RELS-EXT.rdf/""]}, {/""pid/"": /""grinnell:11283/"", /""title/"": /""Nanjing's metro (Saturday, March 19, 2011)/"", /""files/"": [/""grinnell_11283_MODS.xml/"", /""grinnell_11283_RELS-EXT.rdf/""]}, {/""pid/"": /""grinnell:11286/"", /""title/"": /""Nanjing Massacre Museumr (Sunday, March 20, 2011)/"", /""files/"": [/""grinnell_11286_MODS.xml/"", /""grinnell_11286_RELS-EXT.rdf/""]}, {/""pid/"": /""grinnell:11287/"", /""title/"": /""Johns Hopkins - Nanjing University Center (Tuesday, March 22, 2011)/"", /""files/"": [/""grinnell_11287_MODS.xml/"", /""grinnell_11287_RELS-EXT.rdf/""]}, {/""pid/"": /""grinnell:11290/"", /""title/"": /""Kids... (Sunday, March 20, 2011)/"", /""files/"": [/""grinnell_11290_MODS.xml/"", /""grinnell_11290_RELS-EXT.rdf/""]}, {/""pid/"": /""grinnell:11293/"", /""title/"": /""Eating in Nanjing (Thursday, March 31, 2011)/"", /""files/"": [/""grinnell_11293_MODS.xml/"", /""grinnell_11293_RELS-EXT.rdf/""]}], /""paren/"": {/""pid/"": /""grinnell:5000/"", /""title/"": /""China Adventure - A Blog by Professor Daniel Kaiser/"", /""files/"": [/""grinnell_5000_MODS.xml/"", /""grinnell_5000_RELS-EXT.rdf/""]}}"
,,991011507139404641,991011507139404641,parent: grinnell:5000,China Adventure - A Blog by Professor Daniel Kaiser,,,grinnell:5000; grinnell:5000; http://hdl.handle.net/11084/5000; alma:01GCL_INST/bibs/991011507139404641,http://hdl.handle.net/11084/5000,"China Adventure - A Blog by Professor Daniel Kaiser (compound); Our First Few Days In China (Sunday, January 23, 2011) (text); Wedding Festivities, Part 1 (Wednesday, February 9, 2011) (text); Wedding, Part 2 (Friday, February 11, 2011) (text); Wedding, Part 3 (Saturday, February 12, 2011) (text); Wedding; the Guests (Monday, February 14, 2011) (text); Guilin (Wednesday, February 16, 2011) (text); What's to see in China? ...Did you say 'IKEA?/"" (Monday, February 21, 2011) (text); Buildings and history... (Wednesday, February 23, 2011) (text); Home Away From Home (Thursday, February 24, 2011) (text); In China, It's already February 26 - My Mother's Birthday (Friday, February 25, 2011) (text); Teaching Begins (Monday, February 28, 2011) (text); Teaching, 2 (Tuesday, March 1, 2011) (text); Plum Blossom Festival (Friday, March 4, 2011) (text); Nanjing Normal University (Friday, March 4, 2011) (text); What's to see in China? Tall Buildings! (text); Student Life at Nanjing University (Gulou) (Tuesday, March 8, 2011) (text); Roman Catholic Church in Nanjing (Wednesday, March 9, 2011) (text); A Sidelight - masks (Saturday, March 12, 2011) (text); What would Mao Say? (Monday, March 14, 2011) (text); Anticipating Cernobyl's 25th Anniversary (Tuesday, March 15, 2011) (text); Xianlin campus, Nanjing University (Wednesday, March 16, 2011) (text); St. Paul's Church, Nanjing (Friday, March 18, 2011) (text); Nanjing's metro (Saturday, March 19, 2011) (text); Nanjing Massacre Museumr (Sunday, March 20, 2011) (text); Johns Hopkins - Nanjing University Center (Tuesday, March 22, 2011) (text); Kids... (Sunday, March 20, 2011) (text); Eating in Nanjing (Thursday, March 31, 2011) (text)","Kaiser, Daniel H. (Faculty/Staff)",Grinnell College. History,China,,,,,,,,,,,,,"While teaching in Nanjing, Daniel Kaiser, Professor Emeritus of History, kept a blog entitled /""China Adventure/"" that stretched from travel preparations in mid-January to his return to Iowa in late March. Some posts relate directly to teaching and the university; other posts touch on life in China; and several describe the wedding of Dan's son, Andrew (GC 2004).",,,"While teaching in Nanjing, Daniel Kaiser, Professor Emeritus of History, kept a blog entitled /""China Adventure/""",Grinnell College,Grinnell College,2011,2011,2011,,,compound,born digital,27 objects,27 objects,,,,English,,Faculty Scholarship,Faculty Scholarship,Faculty Scholarship,,Nanjing Shi (China),,2011,"Copyright to this work is held by the author(s), in accordance with United States copyright law (USC 17). Readers of this work have certain rights as defined by the law, including but not limited to fair use (17 USC 107 et seq.).",,,,,,,,,,,,,,0242  https://docs.google.com/spreadsheets/d/1JzW8TGU8qJlBAlyoMyDS1mkLTGoaLrsCzVtwQo-4JlU/edit?usp=sharing,"{/""worksheet/"": /""https://docs.google.com/spreadsheets/d/1JzW8TGU8qJlBAlyoMyDS1mkLTGoaLrsCzVtwQo-4JlU#gid=1570273558/"", /""directory/"": /""smb://storage/mediadb/DGingest/Migration-to-Alma/exports/faculty-scholarship/"", /""children/"": [{/""pid/"": /""grinnell:11336/"", /""title/"": /""Our First Few Days In China (Sunday, January 23, 2011)/"", /""files/"": [/""grinnell_11336_MODS.xml/"", /""grinnell_11336_RELS-EXT.rdf/""]}, {/""pid/"": /""grinnell:11243/"", /""title/"": /""Wedding Festivities, Part 1 (Wednesday, February 9, 2011)/"", /""files/"": [/""grinnell_11243_MODS.xml/"", /""grinnell_11243_RELS-EXT.rdf/""]}, {/""pid/"": /""grinnell:11244/"", /""title/"": /""Wedding, Part 2 (Friday, February 11, 2011)/"", /""files/"": [/""grinnell_11244_MODS.xml/"", /""grinnell_11244_RELS-EXT.rdf/""]}, {/""pid/"": /""grinnell:11247/"", /""title/"": /""Wedding, Part 3 (Saturday, February 12, 2011)/"", /""files/"": [/""grinnell_11247_MODS.xml/"", /""grinnell_11247_RELS-EXT.rdf/""]}, {/""pid/"": /""grinnell:11250/"", /""title/"": /""Wedding; the Guests (Monday, February 14, 2011)/"", /""files/"": [/""grinnell_11250_MODS.xml/"", /""grinnell_11250_RELS-EXT.rdf/""]}, {/""pid/"": /""grinnell:11251/"", /""title/"": /""Guilin (Wednesday, February 16, 2011)/"", /""files/"": [/""grinnell_11251_MODS.xml/"", /""grinnell_11251_RELS-EXT.rdf/""]}, {/""pid/"": /""grinnell:11252/"", /""title/"": /""What's to see in China? ...Did you say 'IKEA?\\/"" (Monday, February 21, 2011)/"", /""files/"": [/""grinnell_11252_MODS.xml/"", /""grinnell_11252_RELS-EXT.rdf/""]}, {/""pid/"": /""grinnell:11253/"", /""title/"": /""Buildings and history... (Wednesday, February 23, 2011)/"", /""files/"": [/""grinnell_11253_MODS.xml/"", /""grinnell_11253_RELS-EXT.rdf/""]}, {/""pid/"": /""grinnell:11254/"", /""title/"": /""Home Away From Home (Thursday, February 24, 2011)/"", /""files/"": [/""grinnell_11254_MODS.xml/"", /""grinnell_11254_RELS-EXT.rdf/""]}, {/""pid/"": /""grinnell:11257/"", /""title/"": /""In China, It's already February 26 - My Mother's Birthday (Friday, February 25, 2011)/"", /""files/"": [/""grinnell_11257_MODS.xml/"", /""grinnell_11257_RELS-EXT.rdf/""]}, {/""pid/"": /""grinnell:11260/"", /""title/"": /""Teaching Begins (Monday, February 28, 2011)/"", /""files/"": [/""grinnell_11260_MODS.xml/"", /""grinnell_11260_RELS-EXT.rdf/""]}, {/""pid/"": /""grinnell:11262/"", /""title/"": /""Teaching, 2 (Tuesday, March 1, 2011)/"", /""files/"": [/""grinnell_11262_MODS.xml/"", /""grinnell_11262_RELS-EXT.rdf/""]}, {/""pid/"": /""grinnell:11267/"", /""title/"": /""Plum Blossom Festival (Friday, March 4, 2011)/"", /""files/"": [/""grinnell_11267_MODS.xml/"", /""grinnell_11267_RELS-EXT.rdf/""]}, {/""pid/"": /""grinnell:11268/"", /""title/"": /""Nanjing Normal University (Friday, March 4, 2011)/"", /""files/"": [/""grinnell_11268_MODS.xml/"", /""grinnell_11268_RELS-EXT.rdf/""]}, {/""pid/"": /""grinnell:11271/"", /""title/"": /""What's to see in China? Tall Buildings!/"", /""files/"": [/""grinnell_11271_MODS.xml/"", /""grinnell_11271_RELS-EXT.rdf/""]}, {/""pid/"": /""grinnell:11272/"", /""title/"": /""Student Life at Nanjing University (Gulou) (Tuesday, March 8, 2011)/"", /""files/"": [/""grinnell_11272_MODS.xml/"", /""grinnell_11272_RELS-EXT.rdf/""]}, {/""pid/"": /""grinnell:11275/"", /""title/"": /""Roman Catholic Church in Nanjing (Wednesday, March 9, 2011)/"", /""files/"": [/""grinnell_11275_MODS.xml/"", /""grinnell_11275_RELS-EXT.rdf/""]}, {/""pid/"": /""grinnell:11276/"", /""title/"": /""A Sidelight - masks (Saturday, March 12, 2011)/"", /""files/"": [/""grinnell_11276_MODS.xml/"", /""grinnell_11276_RELS-EXT.rdf/""]}, {/""pid/"": /""grinnell:11279/"", /""title/"": /""What would Mao Say? (Monday, March 14, 2011)/"", /""files/"": [/""grinnell_11279_MODS.xml/"", /""grinnell_11279_RELS-EXT.rdf/""]}, {/""pid/"": /""grinnell:11280/"", /""title/"": /""Anticipating Cernobyl's 25th Anniversary (Tuesday, March 15, 2011)/"", /""files/"": [/""grinnell_11280_MODS.xml/"", /""grinnell_11280_RELS-EXT.rdf/""]}, {/""pid/"": /""grinnell:11281/"", /""title/"": /""Xianlin campus, Nanjing University (Wednesday, March 16, 2011)/"", /""files/"": [/""grinnell_11281_MODS.xml/"", /""grinnell_11281_RELS-EXT.rdf/""]}, {/""pid/"": /""grinnell:11282/"", /""title/"": /""St. Paul's Church, Nanjing (Friday, March 18, 2011)/"", /""files/"": [/""grinnell_11282_MODS.xml/"", /""grinnell_11282_RELS-EXT.rdf/""]}, {/""pid/"": /""grinnell:11283/"", /""title/"": /""Nanjing's metro (Saturday, March 19, 2011)/"", /""files/"": [/""grinnell_11283_MODS.xml/"", /""grinnell_11283_RELS-EXT.rdf/""]}, {/""pid/"": /""grinnell:11286/"", /""title/"": /""Nanjing Massacre Museumr (Sunday, March 20, 2011)/"", /""files/"": [/""grinnell_11286_MODS.xml/"", /""grinnell_11286_RELS-EXT.rdf/""]}, {/""pid/"": /""grinnell:11287/"", /""title/"": /""Johns Hopkins - Nanjing University Center (Tuesday, March 22, 2011)/"", /""files/"": [/""grinnell_11287_MODS.xml/"", /""grinnell_11287_RELS-EXT.rdf/""]}, {/""pid/"": /""grinnell:11290/"", /""title/"": /""Kids... (Sunday, March 20, 2011)/"", /""files/"": [/""grinnell_11290_MODS.xml/"", /""grinnell_11290_RELS-EXT.rdf/""]}, {/""pid/"": /""grinnell:11293/"", /""title/"": /""Eating in Nanjing (Thursday, March 31, 2011)/"", /""files/"": [/""grinnell_11293_MODS.xml/"", /""grinnell_11293_RELS-EXT.rdf/""]}], /""paren/"": {/""pid/"": /""grinnell:5000/"", /""title/"": /""China Adventure - A Blog by Professor Daniel Kaiser/"", /""files/"": [/""grinnell_5000_MODS.xml/"", /""grinnell_5000_RELS-EXT.rdf/""]}}"
,,991011507139404641,991011507139404641,parent: grinnell:5000,China Adventure - A Blog by Professor Daniel Kaiser,,,grinnell:5000; grinnell:5000; http://hdl.handle.net/11084/5000; alma:01GCL_INST/bibs/991011507139404641,http://hdl.handle.net/11084/5000,"China Adventure - A Blog by Professor Daniel Kaiser (compound); Our First Few Days In China (Sunday, January 23, 2011) (text); Wedding Festivities, Part 1 (Wednesday, February 9, 2011) (text); Wedding, Part 2 (Friday, February 11, 2011) (text); Wedding, Part 3 (Saturday, February 12, 2011) (text); Wedding; the Guests (Monday, February 14, 2011) (text); Guilin (Wednesday, February 16, 2011) (text); What's to see in China? ...Did you say 'IKEA?/"" (Monday, February 21, 2011) (text); Buildings and history... (Wednesday, February 23, 2011) (text); Home Away From Home (Thursday, February 24, 2011) (text); In China, It's already February 26 - My Mother's Birthday (Friday, February 25, 2011) (text); Teaching Begins (Monday, February 28, 2011) (text); Teaching, 2 (Tuesday, March 1, 2011) (text); Plum Blossom Festival (Friday, March 4, 2011) (text); Nanjing Normal University (Friday, March 4, 2011) (text); What's to see in China? Tall Buildings! (text); Student Life at Nanjing University (Gulou) (Tuesday, March 8, 2011) (text); Roman Catholic Church in Nanjing (Wednesday, March 9, 2011) (text); A Sidelight - masks (Saturday, March 12, 2011) (text); What would Mao Say? (Monday, March 14, 2011) (text); Anticipating Cernobyl's 25th Anniversary (Tuesday, March 15, 2011) (text); Xianlin campus, Nanjing University (Wednesday, March 16, 2011) (text); St. Paul's Church, Nanjing (Friday, March 18, 2011) (text); Nanjing's metro (Saturday, March 19, 2011) (text); Nanjing Massacre Museumr (Sunday, March 20, 2011) (text); Johns Hopkins - Nanjing University Center (Tuesday, March 22, 2011) (text); Kids... (Sunday, March 20, 2011) (text); Eating in Nanjing (Thursday, March 31, 2011) (text)","Kaiser, Daniel H. (Faculty/Staff)",Grinnell College. History,China,,,,,,,,,,,,,"While teaching in Nanjing, Daniel Kaiser, Professor Emeritus of History, kept a blog entitled /""China Adventure/"" that stretched from travel preparations in mid-January to his return to Iowa in late March. Some posts relate directly to teaching and the university; other posts touch on life in China; and several describe the wedding of Dan's son, Andrew (GC 2004).",,,"While teaching in Nanjing, Daniel Kaiser, Professor Emeritus of History, kept a blog entitled /""China Adventure/""",Grinnell College,Grinnell College,2011,2011,2011,,,compound,born digital,27 objects,27 objects,,,,English,,Faculty Scholarship,Faculty Scholarship,Faculty Scholarship,,Nanjing Shi (China),,2011,"Copyright to this work is held by the author(s), in accordance with United States copyright law (USC 17). Readers of this work have certain rights as defined by the law, including but not limited to fair use (17 USC 107 et seq.).",,,,,,,,,,,,,,0242  https://docs.google.com/spreadsheets/d/1JzW8TGU8qJlBAlyoMyDS1mkLTGoaLrsCzVtwQo-4JlU/edit?usp=sharing,"{/""worksheet/"": /""https://docs.google.com/spreadsheets/d/1JzW8TGU8qJlBAlyoMyDS1mkLTGoaLrsCzVtwQo-4JlU#gid=1570273558/"", /""directory/"": /""smb://storage/mediadb/DGingest/Migration-to-Alma/exports/faculty-scholarship/"", /""children/"": [{/""pid/"": /""grinnell:11336/"", /""title/"": /""Our First Few Days In China (Sunday, January 23, 2011)/"", /""files/"": [/""grinnell_11336_MODS.xml/"", /""grinnell_11336_RELS-EXT.rdf/""]}, {/""pid/"": /""grinnell:11243/"", /""title/"": /""Wedding Festivities, Part 1 (Wednesday, February 9, 2011)/"", /""files/"": [/""grinnell_11243_MODS.xml/"", /""grinnell_11243_RELS-EXT.rdf/""]}, {/""pid/"": /""grinnell:11244/"", /""title/"": /""Wedding, Part 2 (Friday, February 11, 2011)/"", /""files/"": [/""grinnell_11244_MODS.xml/"", /""grinnell_11244_RELS-EXT.rdf/""]}, {/""pid/"": /""grinnell:11247/"", /""title/"": /""Wedding, Part 3 (Saturday, February 12, 2011)/"", /""files/"": [/""grinnell_11247_MODS.xml/"", /""grinnell_11247_RELS-EXT.rdf/""]}, {/""pid/"": /""grinnell:11250/"", /""title/"": /""Wedding; the Guests (Monday, February 14, 2011)/"", /""files/"": [/""grinnell_11250_MODS.xml/"", /""grinnell_11250_RELS-EXT.rdf/""]}, {/""pid/"": /""grinnell:11251/"", /""title/"": /""Guilin (Wednesday, February 16, 2011)/"", /""files/"": [/""grinnell_11251_MODS.xml/"", /""grinnell_11251_RELS-EXT.rdf/""]}, {/""pid/"": /""grinnell:11252/"", /""title/"": /""What's to see in China? ...Did you say 'IKEA?\\/"" (Monday, February 21, 2011)/"", /""files/"": [/""grinnell_11252_MODS.xml/"", /""grinnell_11252_RELS-EXT.rdf/""]}, {/""pid/"": /""grinnell:11253/"", /""title/"": /""Buildings and history... (Wednesday, February 23, 2011)/"", /""files/"": [/""grinnell_11253_MODS.xml/"", /""grinnell_11253_RELS-EXT.rdf/""]}, {/""pid/"": /""grinnell:11254/"", /""title/"": /""Home Away From Home (Thursday, February 24, 2011)/"", /""files/"": [/""grinnell_11254_MODS.xml/"", /""grinnell_11254_RELS-EXT.rdf/""]}, {/""pid/"": /""grinnell:11257/"", /""title/"": /""In China, It's already February 26 - My Mother's Birthday (Friday, February 25, 2011)/"", /""files/"": [/""grinnell_11257_MODS.xml/"", /""grinnell_11257_RELS-EXT.rdf/""]}, {/""pid/"": /""grinnell:11260/"", /""title/"": /""Teaching Begins (Monday, February 28, 2011)/"", /""files/"": [/""grinnell_11260_MODS.xml/"", /""grinnell_11260_RELS-EXT.rdf/""]}, {/""pid/"": /""grinnell:11262/"", /""title/"": /""Teaching, 2 (Tuesday, March 1, 2011)/"", /""files/"": [/""grinnell_11262_MODS.xml/"", /""grinnell_11262_RELS-EXT.rdf/""]}, {/""pid/"": /""grinnell:11267/"", /""title/"": /""Plum Blossom Festival (Friday, March 4, 2011)/"", /""files/"": [/""grinnell_11267_MODS.xml/"", /""grinnell_11267_RELS-EXT.rdf/""]}, {/""pid/"": /""grinnell:11268/"", /""title/"": /""Nanjing Normal University (Friday, March 4, 2011)/"", /""files/"": [/""grinnell_11268_MODS.xml/"", /""grinnell_11268_RELS-EXT.rdf/""]}, {/""pid/"": /""grinnell:11271/"", /""title/"": /""What's to see in China? Tall Buildings!/"", /""files/"": [/""grinnell_11271_MODS.xml/"", /""grinnell_11271_RELS-EXT.rdf/""]}, {/""pid/"": /""grinnell:11272/"", /""title/"": /""Student Life at Nanjing University (Gulou) (Tuesday, March 8, 2011)/"", /""files/"": [/""grinnell_11272_MODS.xml/"", /""grinnell_11272_RELS-EXT.rdf/""]}, {/""pid/"": /""grinnell:11275/"", /""title/"": /""Roman Catholic Church in Nanjing (Wednesday, March 9, 2011)/"", /""files/"": [/""grinnell_11275_MODS.xml/"", /""grinnell_11275_RELS-EXT.rdf/""]}, {/""pid/"": /""grinnell:11276/"", /""title/"": /""A Sidelight - masks (Saturday, March 12, 2011)/"", /""files/"": [/""grinnell_11276_MODS.xml/"", /""grinnell_11276_RELS-EXT.rdf/""]}, {/""pid/"": /""grinnell:11279/"", /""title/"": /""What would Mao Say? (Monday, March 14, 2011)/"", /""files/"": [/""grinnell_11279_MODS.xml/"", /""grinnell_11279_RELS-EXT.rdf/""]}, {/""pid/"": /""grinnell:11280/"", /""title/"": /""Anticipating Cernobyl's 25th Anniversary (Tuesday, March 15, 2011)/"", /""files/"": [/""grinnell_11280_MODS.xml/"", /""grinnell_11280_RELS-EXT.rdf/""]}, {/""pid/"": /""grinnell:11281/"", /""title/"": /""Xianlin campus, Nanjing University (Wednesday, March 16, 2011)/"", /""files/"": [/""grinnell_11281_MODS.xml/"", /""grinnell_11281_RELS-EXT.rdf/""]}, {/""pid/"": /""grinnell:11282/"", /""title/"": /""St. Paul's Church, Nanjing (Friday, March 18, 2011)/"", /""files/"": [/""grinnell_11282_MODS.xml/"", /""grinnell_11282_RELS-EXT.rdf/""]}, {/""pid/"": /""grinnell:11283/"", /""title/"": /""Nanjing's metro (Saturday, March 19, 2011)/"", /""files/"": [/""grinnell_11283_MODS.xml/"", /""grinnell_11283_RELS-EXT.rdf/""]}, {/""pid/"": /""grinnell:11286/"", /""title/"": /""Nanjing Massacre Museumr (Sunday, March 20, 2011)/"", /""files/"": [/""grinnell_11286_MODS.xml/"", /""grinnell_11286_RELS-EXT.rdf/""]}, {/""pid/"": /""grinnell:11287/"", /""title/"": /""Johns Hopkins - Nanjing University Center (Tuesday, March 22, 2011)/"", /""files/"": [/""grinnell_11287_MODS.xml/"", /""grinnell_11287_RELS-EXT.rdf/""]}, {/""pid/"": /""grinnell:11290/"", /""title/"": /""Kids... (Sunday, March 20, 2011)/"", /""files/"": [/""grinnell_11290_MODS.xml/"", /""grinnell_11290_RELS-EXT.rdf/""]}, {/""pid/"": /""grinnell:11293/"", /""title/"": /""Eating in Nanjing (Thursday, March 31, 2011)/"", /""files/"": [/""grinnell_11293_MODS.xml/"", /""grinnell_11293_RELS-EXT.rdf/""]}], /""paren/"": {/""pid/"": /""grinnell:5000/"", /""title/"": /""China Adventure - A Blog by Professor Daniel Kaiser/"", /""files/"": [/""grinnell_5000_MODS.xml/"", /""grinnell_5000_RELS-EXT.rdf/""]}}"
,,991011507139404641,991011507139404641,parent: grinnell:5000,China Adventure - A Blog by Professor Daniel Kaiser,,,grinnell:5000; grinnell:5000; http://hdl.handle.net/11084/5000; alma:01GCL_INST/bibs/991011507139404641,http://hdl.handle.net/11084/5000,"China Adventure - A Blog by Professor Daniel Kaiser (compound); Our First Few Days In China (Sunday, January 23, 2011) (text); Wedding Festivities, Part 1 (Wednesday, February 9, 2011) (text); Wedding, Part 2 (Friday, February 11, 2011) (text); Wedding, Part 3 (Saturday, February 12, 2011) (text); Wedding; the Guests (Monday, February 14, 2011) (text); Guilin (Wednesday, February 16, 2011) (text); What's to see in China? ...Did you say 'IKEA?/"" (Monday, February 21, 2011) (text); Buildings and history... (Wednesday, February 23, 2011) (text); Home Away From Home (Thursday, February 24, 2011) (text); In China, It's already February 26 - My Mother's Birthday (Friday, February 25, 2011) (text); Teaching Begins (Monday, February 28, 2011) (text); Teaching, 2 (Tuesday, March 1, 2011) (text); Plum Blossom Festival (Friday, March 4, 2011) (text); Nanjing Normal University (Friday, March 4, 2011) (text); What's to see in China? Tall Buildings! (text); Student Life at Nanjing University (Gulou) (Tuesday, March 8, 2011) (text); Roman Catholic Church in Nanjing (Wednesday, March 9, 2011) (text); A Sidelight - masks (Saturday, March 12, 2011) (text); What would Mao Say? (Monday, March 14, 2011) (text); Anticipating Cernobyl's 25th Anniversary (Tuesday, March 15, 2011) (text); Xianlin campus, Nanjing University (Wednesday, March 16, 2011) (text); St. Paul's Church, Nanjing (Friday, March 18, 2011) (text); Nanjing's metro (Saturday, March 19, 2011) (text); Nanjing Massacre Museumr (Sunday, March 20, 2011) (text); Johns Hopkins - Nanjing University Center (Tuesday, March 22, 2011) (text); Kids... (Sunday, March 20, 2011) (text); Eating in Nanjing (Thursday, March 31, 2011) (text)","Kaiser, Daniel H. (Faculty/Staff)",Grinnell College. History,China,,,,,,,,,,,,,"While teaching in Nanjing, Daniel Kaiser, Professor Emeritus of History, kept a blog entitled /""China Adventure/"" that stretched from travel preparations in mid-January to his return to Iowa in late March. Some posts relate directly to teaching and the university; other posts touch on life in China; and several describe the wedding of Dan's son, Andrew (GC 2004).",,,"While teaching in Nanjing, Daniel Kaiser, Professor Emeritus of History, kept a blog entitled /""China Adventure/""",Grinnell College,Grinnell College,2011,2011,2011,,,compound,born digital,27 objects,27 objects,,,,English,,Faculty Scholarship,Faculty Scholarship,Faculty Scholarship,,Nanjing Shi (China),,2011,"Copyright to this work is held by the author(s), in accordance with United States copyright law (USC 17). Readers of this work have certain rights as defined by the law, including but not limited to fair use (17 USC 107 et seq.).",,,,,,,,,,,,,,0242  https://docs.google.com/spreadsheets/d/1JzW8TGU8qJlBAlyoMyDS1mkLTGoaLrsCzVtwQo-4JlU/edit?usp=sharing,"{/""worksheet/"": /""https://docs.google.com/spreadsheets/d/1JzW8TGU8qJlBAlyoMyDS1mkLTGoaLrsCzVtwQo-4JlU#gid=1570273558/"", /""directory/"": /""smb://storage/mediadb/DGingest/Migration-to-Alma/exports/faculty-scholarship/"", /""children/"": [{/""pid/"": /""grinnell:11336/"", /""title/"": /""Our First Few Days In China (Sunday, January 23, 2011)/"", /""files/"": [/""grinnell_11336_MODS.xml/"", /""grinnell_11336_RELS-EXT.rdf/""]}, {/""pid/"": /""grinnell:11243/"", /""title/"": /""Wedding Festivities, Part 1 (Wednesday, February 9, 2011)/"", /""files/"": [/""grinnell_11243_MODS.xml/"", /""grinnell_11243_RELS-EXT.rdf/""]}, {/""pid/"": /""grinnell:11244/"", /""title/"": /""Wedding, Part 2 (Friday, February 11, 2011)/"", /""files/"": [/""grinnell_11244_MODS.xml/"", /""grinnell_11244_RELS-EXT.rdf/""]}, {/""pid/"": /""grinnell:11247/"", /""title/"": /""Wedding, Part 3 (Saturday, February 12, 2011)/"", /""files/"": [/""grinnell_11247_MODS.xml/"", /""grinnell_11247_RELS-EXT.rdf/""]}, {/""pid/"": /""grinnell:11250/"", /""title/"": /""Wedding; the Guests (Monday, February 14, 2011)/"", /""files/"": [/""grinnell_11250_MODS.xml/"", /""grinnell_11250_RELS-EXT.rdf/""]}, {/""pid/"": /""grinnell:11251/"", /""title/"": /""Guilin (Wednesday, February 16, 2011)/"", /""files/"": [/""grinnell_11251_MODS.xml/"", /""grinnell_11251_RELS-EXT.rdf/""]}, {/""pid/"": /""grinnell:11252/"", /""title/"": /""What's to see in China? ...Did you say 'IKEA?\\/"" (Monday, February 21, 2011)/"", /""files/"": [/""grinnell_11252_MODS.xml/"", /""grinnell_11252_RELS-EXT.rdf/""]}, {/""pid/"": /""grinnell:11253/"", /""title/"": /""Buildings and history... (Wednesday, February 23, 2011)/"", /""files/"": [/""grinnell_11253_MODS.xml/"", /""grinnell_11253_RELS-EXT.rdf/""]}, {/""pid/"": /""grinnell:11254/"", /""title/"": /""Home Away From Home (Thursday, February 24, 2011)/"", /""files/"": [/""grinnell_11254_MODS.xml/"", /""grinnell_11254_RELS-EXT.rdf/""]}, {/""pid/"": /""grinnell:11257/"", /""title/"": /""In China, It's already February 26 - My Mother's Birthday (Friday, February 25, 2011)/"", /""files/"": [/""grinnell_11257_MODS.xml/"", /""grinnell_11257_RELS-EXT.rdf/""]}, {/""pid/"": /""grinnell:11260/"", /""title/"": /""Teaching Begins (Monday, February 28, 2011)/"", /""files/"": [/""grinnell_11260_MODS.xml/"", /""grinnell_11260_RELS-EXT.rdf/""]}, {/""pid/"": /""grinnell:11262/"", /""title/"": /""Teaching, 2 (Tuesday, March 1, 2011)/"", /""files/"": [/""grinnell_11262_MODS.xml/"", /""grinnell_11262_RELS-EXT.rdf/""]}, {/""pid/"": /""grinnell:11267/"", /""title/"": /""Plum Blossom Festival (Friday, March 4, 2011)/"", /""files/"": [/""grinnell_11267_MODS.xml/"", /""grinnell_11267_RELS-EXT.rdf/""]}, {/""pid/"": /""grinnell:11268/"", /""title/"": /""Nanjing Normal University (Friday, March 4, 2011)/"", /""files/"": [/""grinnell_11268_MODS.xml/"", /""grinnell_11268_RELS-EXT.rdf/""]}, {/""pid/"": /""grinnell:11271/"", /""title/"": /""What's to see in China? Tall Buildings!/"", /""files/"": [/""grinnell_11271_MODS.xml/"", /""grinnell_11271_RELS-EXT.rdf/""]}, {/""pid/"": /""grinnell:11272/"", /""title/"": /""Student Life at Nanjing University (Gulou) (Tuesday, March 8, 2011)/"", /""files/"": [/""grinnell_11272_MODS.xml/"", /""grinnell_11272_RELS-EXT.rdf/""]}, {/""pid/"": /""grinnell:11275/"", /""title/"": /""Roman Catholic Church in Nanjing (Wednesday, March 9, 2011)/"", /""files/"": [/""grinnell_11275_MODS.xml/"", /""grinnell_11275_RELS-EXT.rdf/""]}, {/""pid/"": /""grinnell:11276/"", /""title/"": /""A Sidelight - masks (Saturday, March 12, 2011)/"", /""files/"": [/""grinnell_11276_MODS.xml/"", /""grinnell_11276_RELS-EXT.rdf/""]}, {/""pid/"": /""grinnell:11279/"", /""title/"": /""What would Mao Say? (Monday, March 14, 2011)/"", /""files/"": [/""grinnell_11279_MODS.xml/"", /""grinnell_11279_RELS-EXT.rdf/""]}, {/""pid/"": /""grinnell:11280/"", /""title/"": /""Anticipating Cernobyl's 25th Anniversary (Tuesday, March 15, 2011)/"", /""files/"": [/""grinnell_11280_MODS.xml/"", /""grinnell_11280_RELS-EXT.rdf/""]}, {/""pid/"": /""grinnell:11281/"", /""title/"": /""Xianlin campus, Nanjing University (Wednesday, March 16, 2011)/"", /""files/"": [/""grinnell_11281_MODS.xml/"", /""grinnell_11281_RELS-EXT.rdf/""]}, {/""pid/"": /""grinnell:11282/"", /""title/"": /""St. Paul's Church, Nanjing (Friday, March 18, 2011)/"", /""files/"": [/""grinnell_11282_MODS.xml/"", /""grinnell_11282_RELS-EXT.rdf/""]}, {/""pid/"": /""grinnell:11283/"", /""title/"": /""Nanjing's metro (Saturday, March 19, 2011)/"", /""files/"": [/""grinnell_11283_MODS.xml/"", /""grinnell_11283_RELS-EXT.rdf/""]}, {/""pid/"": /""grinnell:11286/"", /""title/"": /""Nanjing Massacre Museumr (Sunday, March 20, 2011)/"", /""files/"": [/""grinnell_11286_MODS.xml/"", /""grinnell_11286_RELS-EXT.rdf/""]}, {/""pid/"": /""grinnell:11287/"", /""title/"": /""Johns Hopkins - Nanjing University Center (Tuesday, March 22, 2011)/"", /""files/"": [/""grinnell_11287_MODS.xml/"", /""grinnell_11287_RELS-EXT.rdf/""]}, {/""pid/"": /""grinnell:11290/"", /""title/"": /""Kids... (Sunday, March 20, 2011)/"", /""files/"": [/""grinnell_11290_MODS.xml/"", /""grinnell_11290_RELS-EXT.rdf/""]}, {/""pid/"": /""grinnell:11293/"", /""title/"": /""Eating in Nanjing (Thursday, March 31, 2011)/"", /""files/"": [/""grinnell_11293_MODS.xml/"", /""grinnell_11293_RELS-EXT.rdf/""]}], /""paren/"": {/""pid/"": /""grinnell:5000/"", /""title/"": /""China Adventure - A Blog by Professor Daniel Kaiser/"", /""files/"": [/""grinnell_5000_MODS.xml/"", /""grinnell_5000_RELS-EXT.rdf/""]}}"
,,991011507139404641,991011507139404641,parent: grinnell:5000,China Adventure - A Blog by Professor Daniel Kaiser,,,grinnell:5000; grinnell:5000; http://hdl.handle.net/11084/5000; alma:01GCL_INST/bibs/991011507139404641,http://hdl.handle.net/11084/5000,"China Adventure - A Blog by Professor Daniel Kaiser (compound); Our First Few Days In China (Sunday, January 23, 2011) (text); Wedding Festivities, Part 1 (Wednesday, February 9, 2011) (text); Wedding, Part 2 (Friday, February 11, 2011) (text); Wedding, Part 3 (Saturday, February 12, 2011) (text); Wedding; the Guests (Monday, February 14, 2011) (text); Guilin (Wednesday, February 16, 2011) (text); What's to see in China? ...Did you say 'IKEA?/"" (Monday, February 21, 2011) (text); Buildings and history... (Wednesday, February 23, 2011) (text); Home Away From Home (Thursday, February 24, 2011) (text); In China, It's already February 26 - My Mother's Birthday (Friday, February 25, 2011) (text); Teaching Begins (Monday, February 28, 2011) (text); Teaching, 2 (Tuesday, March 1, 2011) (text); Plum Blossom Festival (Friday, March 4, 2011) (text); Nanjing Normal University (Friday, March 4, 2011) (text); What's to see in China? Tall Buildings! (text); Student Life at Nanjing University (Gulou) (Tuesday, March 8, 2011) (text); Roman Catholic Church in Nanjing (Wednesday, March 9, 2011) (text); A Sidelight - masks (Saturday, March 12, 2011) (text); What would Mao Say? (Monday, March 14, 2011) (text); Anticipating Cernobyl's 25th Anniversary (Tuesday, March 15, 2011) (text); Xianlin campus, Nanjing University (Wednesday, March 16, 2011) (text); St. Paul's Church, Nanjing (Friday, March 18, 2011) (text); Nanjing's metro (Saturday, March 19, 2011) (text); Nanjing Massacre Museumr (Sunday, March 20, 2011) (text); Johns Hopkins - Nanjing University Center (Tuesday, March 22, 2011) (text); Kids... (Sunday, March 20, 2011) (text); Eating in Nanjing (Thursday, March 31, 2011) (text)","Kaiser, Daniel H. (Faculty/Staff)",Grinnell College. History,China,,,,,,,,,,,,,"While teaching in Nanjing, Daniel Kaiser, Professor Emeritus of History, kept a blog entitled /""China Adventure/"" that stretched from travel preparations in mid-January to his return to Iowa in late March. Some posts relate directly to teaching and the university; other posts touch on life in China; and several describe the wedding of Dan's son, Andrew (GC 2004).",,,"While teaching in Nanjing, Daniel Kaiser, Professor Emeritus of History, kept a blog entitled /""China Adventure/""",Grinnell College,Grinnell College,2011,2011,2011,,,compound,born digital,27 objects,27 objects,,,,English,,Faculty Scholarship,Faculty Scholarship,Faculty Scholarship,,Nanjing Shi (China),,2011,"Copyright to this work is held by the author(s), in accordance with United States copyright law (USC 17). Readers of this work have certain rights as defined by the law, including but not limited to fair use (17 USC 107 et seq.).",,,,,,,,,,,,,,0242  https://docs.google.com/spreadsheets/d/1JzW8TGU8qJlBAlyoMyDS1mkLTGoaLrsCzVtwQo-4JlU/edit?usp=sharing,"{/""worksheet/"": /""https://docs.google.com/spreadsheets/d/1JzW8TGU8qJlBAlyoMyDS1mkLTGoaLrsCzVtwQo-4JlU#gid=1570273558/"", /""directory/"": /""smb://storage/mediadb/DGingest/Migration-to-Alma/exports/faculty-scholarship/"", /""children/"": [{/""pid/"": /""grinnell:11336/"", /""title/"": /""Our First Few Days In China (Sunday, January 23, 2011)/"", /""files/"": [/""grinnell_11336_MODS.xml/"", /""grinnell_11336_RELS-EXT.rdf/""]}, {/""pid/"": /""grinnell:11243/"", /""title/"": /""Wedding Festivities, Part 1 (Wednesday, February 9, 2011)/"", /""files/"": [/""grinnell_11243_MODS.xml/"", /""grinnell_11243_RELS-EXT.rdf/""]}, {/""pid/"": /""grinnell:11244/"", /""title/"": /""Wedding, Part 2 (Friday, February 11, 2011)/"", /""files/"": [/""grinnell_11244_MODS.xml/"", /""grinnell_11244_RELS-EXT.rdf/""]}, {/""pid/"": /""grinnell:11247/"", /""title/"": /""Wedding, Part 3 (Saturday, February 12, 2011)/"", /""files/"": [/""grinnell_11247_MODS.xml/"", /""grinnell_11247_RELS-EXT.rdf/""]}, {/""pid/"": /""grinnell:11250/"", /""title/"": /""Wedding; the Guests (Monday, February 14, 2011)/"", /""files/"": [/""grinnell_11250_MODS.xml/"", /""grinnell_11250_RELS-EXT.rdf/""]}, {/""pid/"": /""grinnell:11251/"", /""title/"": /""Guilin (Wednesday, February 16, 2011)/"", /""files/"": [/""grinnell_11251_MODS.xml/"", /""grinnell_11251_RELS-EXT.rdf/""]}, {/""pid/"": /""grinnell:11252/"", /""title/"": /""What's to see in China? ...Did you say 'IKEA?\\/"" (Monday, February 21, 2011)/"", /""files/"": [/""grinnell_11252_MODS.xml/"", /""grinnell_11252_RELS-EXT.rdf/""]}, {/""pid/"": /""grinnell:11253/"", /""title/"": /""Buildings and history... (Wednesday, February 23, 2011)/"", /""files/"": [/""grinnell_11253_MODS.xml/"", /""grinnell_11253_RELS-EXT.rdf/""]}, {/""pid/"": /""grinnell:11254/"", /""title/"": /""Home Away From Home (Thursday, February 24, 2011)/"", /""files/"": [/""grinnell_11254_MODS.xml/"", /""grinnell_11254_RELS-EXT.rdf/""]}, {/""pid/"": /""grinnell:11257/"", /""title/"": /""In China, It's already February 26 - My Mother's Birthday (Friday, February 25, 2011)/"", /""files/"": [/""grinnell_11257_MODS.xml/"", /""grinnell_11257_RELS-EXT.rdf/""]}, {/""pid/"": /""grinnell:11260/"", /""title/"": /""Teaching Begins (Monday, February 28, 2011)/"", /""files/"": [/""grinnell_11260_MODS.xml/"", /""grinnell_11260_RELS-EXT.rdf/""]}, {/""pid/"": /""grinnell:11262/"", /""title/"": /""Teaching, 2 (Tuesday, March 1, 2011)/"", /""files/"": [/""grinnell_11262_MODS.xml/"", /""grinnell_11262_RELS-EXT.rdf/""]}, {/""pid/"": /""grinnell:11267/"", /""title/"": /""Plum Blossom Festival (Friday, March 4, 2011)/"", /""files/"": [/""grinnell_11267_MODS.xml/"", /""grinnell_11267_RELS-EXT.rdf/""]}, {/""pid/"": /""grinnell:11268/"", /""title/"": /""Nanjing Normal University (Friday, March 4, 2011)/"", /""files/"": [/""grinnell_11268_MODS.xml/"", /""grinnell_11268_RELS-EXT.rdf/""]}, {/""pid/"": /""grinnell:11271/"", /""title/"": /""What's to see in China? Tall Buildings!/"", /""files/"": [/""grinnell_11271_MODS.xml/"", /""grinnell_11271_RELS-EXT.rdf/""]}, {/""pid/"": /""grinnell:11272/"", /""title/"": /""Student Life at Nanjing University (Gulou) (Tuesday, March 8, 2011)/"", /""files/"": [/""grinnell_11272_MODS.xml/"", /""grinnell_11272_RELS-EXT.rdf/""]}, {/""pid/"": /""grinnell:11275/"", /""title/"": /""Roman Catholic Church in Nanjing (Wednesday, March 9, 2011)/"", /""files/"": [/""grinnell_11275_MODS.xml/"", /""grinnell_11275_RELS-EXT.rdf/""]}, {/""pid/"": /""grinnell:11276/"", /""title/"": /""A Sidelight - masks (Saturday, March 12, 2011)/"", /""files/"": [/""grinnell_11276_MODS.xml/"", /""grinnell_11276_RELS-EXT.rdf/""]}, {/""pid/"": /""grinnell:11279/"", /""title/"": /""What would Mao Say? (Monday, March 14, 2011)/"", /""files/"": [/""grinnell_11279_MODS.xml/"", /""grinnell_11279_RELS-EXT.rdf/""]}, {/""pid/"": /""grinnell:11280/"", /""title/"": /""Anticipating Cernobyl's 25th Anniversary (Tuesday, March 15, 2011)/"", /""files/"": [/""grinnell_11280_MODS.xml/"", /""grinnell_11280_RELS-EXT.rdf/""]}, {/""pid/"": /""grinnell:11281/"", /""title/"": /""Xianlin campus, Nanjing University (Wednesday, March 16, 2011)/"", /""files/"": [/""grinnell_11281_MODS.xml/"", /""grinnell_11281_RELS-EXT.rdf/""]}, {/""pid/"": /""grinnell:11282/"", /""title/"": /""St. Paul's Church, Nanjing (Friday, March 18, 2011)/"", /""files/"": [/""grinnell_11282_MODS.xml/"", /""grinnell_11282_RELS-EXT.rdf/""]}, {/""pid/"": /""grinnell:11283/"", /""title/"": /""Nanjing's metro (Saturday, March 19, 2011)/"", /""files/"": [/""grinnell_11283_MODS.xml/"", /""grinnell_11283_RELS-EXT.rdf/""]}, {/""pid/"": /""grinnell:11286/"", /""title/"": /""Nanjing Massacre Museumr (Sunday, March 20, 2011)/"", /""files/"": [/""grinnell_11286_MODS.xml/"", /""grinnell_11286_RELS-EXT.rdf/""]}, {/""pid/"": /""grinnell:11287/"", /""title/"": /""Johns Hopkins - Nanjing University Center (Tuesday, March 22, 2011)/"", /""files/"": [/""grinnell_11287_MODS.xml/"", /""grinnell_11287_RELS-EXT.rdf/""]}, {/""pid/"": /""grinnell:11290/"", /""title/"": /""Kids... (Sunday, March 20, 2011)/"", /""files/"": [/""grinnell_11290_MODS.xml/"", /""grinnell_11290_RELS-EXT.rdf/""]}, {/""pid/"": /""grinnell:11293/"", /""title/"": /""Eating in Nanjing (Thursday, March 31, 2011)/"", /""files/"": [/""grinnell_11293_MODS.xml/"", /""grinnell_11293_RELS-EXT.rdf/""]}], /""paren/"": {/""pid/"": /""grinnell:5000/"", /""title/"": /""China Adventure - A Blog by Professor Daniel Kaiser/"", /""files/"": [/""grinnell_5000_MODS.xml/"", /""grinnell_5000_RELS-EXT.rdf/""]}}"
,,991011507139404641,991011507139404641,parent: grinnell:5000,China Adventure - A Blog by Professor Daniel Kaiser,,,grinnell:5000; grinnell:5000; http://hdl.handle.net/11084/5000; alma:01GCL_INST/bibs/991011507139404641,http://hdl.handle.net/11084/5000,"China Adventure - A Blog by Professor Daniel Kaiser (compound); Our First Few Days In China (Sunday, January 23, 2011) (text); Wedding Festivities, Part 1 (Wednesday, February 9, 2011) (text); Wedding, Part 2 (Friday, February 11, 2011) (text); Wedding, Part 3 (Saturday, February 12, 2011) (text); Wedding; the Guests (Monday, February 14, 2011) (text); Guilin (Wednesday, February 16, 2011) (text); What's to see in China? ...Did you say 'IKEA?/"" (Monday, February 21, 2011) (text); Buildings and history... (Wednesday, February 23, 2011) (text); Home Away From Home (Thursday, February 24, 2011) (text); In China, It's already February 26 - My Mother's Birthday (Friday, February 25, 2011) (text); Teaching Begins (Monday, February 28, 2011) (text); Teaching, 2 (Tuesday, March 1, 2011) (text); Plum Blossom Festival (Friday, March 4, 2011) (text); Nanjing Normal University (Friday, March 4, 2011) (text); What's to see in China? Tall Buildings! (text); Student Life at Nanjing University (Gulou) (Tuesday, March 8, 2011) (text); Roman Catholic Church in Nanjing (Wednesday, March 9, 2011) (text); A Sidelight - masks (Saturday, March 12, 2011) (text); What would Mao Say? (Monday, March 14, 2011) (text); Anticipating Cernobyl's 25th Anniversary (Tuesday, March 15, 2011) (text); Xianlin campus, Nanjing University (Wednesday, March 16, 2011) (text); St. Paul's Church, Nanjing (Friday, March 18, 2011) (text); Nanjing's metro (Saturday, March 19, 2011) (text); Nanjing Massacre Museumr (Sunday, March 20, 2011) (text); Johns Hopkins - Nanjing University Center (Tuesday, March 22, 2011) (text); Kids... (Sunday, March 20, 2011) (text); Eating in Nanjing (Thursday, March 31, 2011) (text)","Kaiser, Daniel H. (Faculty/Staff)",Grinnell College. History,China,,,,,,,,,,,,,"While teaching in Nanjing, Daniel Kaiser, Professor Emeritus of History, kept a blog entitled /""China Adventure/"" that stretched from travel preparations in mid-January to his return to Iowa in late March. Some posts relate directly to teaching and the university; other posts touch on life in China; and several describe the wedding of Dan's son, Andrew (GC 2004).",,,"While teaching in Nanjing, Daniel Kaiser, Professor Emeritus of History, kept a blog entitled /""China Adventure/""",Grinnell College,Grinnell College,2011,2011,2011,,,compound,born digital,27 objects,27 objects,,,,English,,Faculty Scholarship,Faculty Scholarship,Faculty Scholarship,,Nanjing Shi (China),,2011,"Copyright to this work is held by the author(s), in accordance with United States copyright law (USC 17). Readers of this work have certain rights as defined by the law, including but not limited to fair use (17 USC 107 et seq.).",,,,,,,,,,,,,,0242  https://docs.google.com/spreadsheets/d/1JzW8TGU8qJlBAlyoMyDS1mkLTGoaLrsCzVtwQo-4JlU/edit?usp=sharing,"{/""worksheet/"": /""https://docs.google.com/spreadsheets/d/1JzW8TGU8qJlBAlyoMyDS1mkLTGoaLrsCzVtwQo-4JlU#gid=1570273558/"", /""directory/"": /""smb://storage/mediadb/DGingest/Migration-to-Alma/exports/faculty-scholarship/"", /""children/"": [{/""pid/"": /""grinnell:11336/"", /""title/"": /""Our First Few Days In China (Sunday, January 23, 2011)/"", /""files/"": [/""grinnell_11336_MODS.xml/"", /""grinnell_11336_RELS-EXT.rdf/""]}, {/""pid/"": /""grinnell:11243/"", /""title/"": /""Wedding Festivities, Part 1 (Wednesday, February 9, 2011)/"", /""files/"": [/""grinnell_11243_MODS.xml/"", /""grinnell_11243_RELS-EXT.rdf/""]}, {/""pid/"": /""grinnell:11244/"", /""title/"": /""Wedding, Part 2 (Friday, February 11, 2011)/"", /""files/"": [/""grinnell_11244_MODS.xml/"", /""grinnell_11244_RELS-EXT.rdf/""]}, {/""pid/"": /""grinnell:11247/"", /""title/"": /""Wedding, Part 3 (Saturday, February 12, 2011)/"", /""files/"": [/""grinnell_11247_MODS.xml/"", /""grinnell_11247_RELS-EXT.rdf/""]}, {/""pid/"": /""grinnell:11250/"", /""title/"": /""Wedding; the Guests (Monday, February 14, 2011)/"", /""files/"": [/""grinnell_11250_MODS.xml/"", /""grinnell_11250_RELS-EXT.rdf/""]}, {/""pid/"": /""grinnell:11251/"", /""title/"": /""Guilin (Wednesday, February 16, 2011)/"", /""files/"": [/""grinnell_11251_MODS.xml/"", /""grinnell_11251_RELS-EXT.rdf/""]}, {/""pid/"": /""grinnell:11252/"", /""title/"": /""What's to see in China? ...Did you say 'IKEA?\\/"" (Monday, February 21, 2011)/"", /""files/"": [/""grinnell_11252_MODS.xml/"", /""grinnell_11252_RELS-EXT.rdf/""]}, {/""pid/"": /""grinnell:11253/"", /""title/"": /""Buildings and history... (Wednesday, February 23, 2011)/"", /""files/"": [/""grinnell_11253_MODS.xml/"", /""grinnell_11253_RELS-EXT.rdf/""]}, {/""pid/"": /""grinnell:11254/"", /""title/"": /""Home Away From Home (Thursday, February 24, 2011)/"", /""files/"": [/""grinnell_11254_MODS.xml/"", /""grinnell_11254_RELS-EXT.rdf/""]}, {/""pid/"": /""grinnell:11257/"", /""title/"": /""In China, It's already February 26 - My Mother's Birthday (Friday, February 25, 2011)/"", /""files/"": [/""grinnell_11257_MODS.xml/"", /""grinnell_11257_RELS-EXT.rdf/""]}, {/""pid/"": /""grinnell:11260/"", /""title/"": /""Teaching Begins (Monday, February 28, 2011)/"", /""files/"": [/""grinnell_11260_MODS.xml/"", /""grinnell_11260_RELS-EXT.rdf/""]}, {/""pid/"": /""grinnell:11262/"", /""title/"": /""Teaching, 2 (Tuesday, March 1, 2011)/"", /""files/"": [/""grinnell_11262_MODS.xml/"", /""grinnell_11262_RELS-EXT.rdf/""]}, {/""pid/"": /""grinnell:11267/"", /""title/"": /""Plum Blossom Festival (Friday, March 4, 2011)/"", /""files/"": [/""grinnell_11267_MODS.xml/"", /""grinnell_11267_RELS-EXT.rdf/""]}, {/""pid/"": /""grinnell:11268/"", /""title/"": /""Nanjing Normal University (Friday, March 4, 2011)/"", /""files/"": [/""grinnell_11268_MODS.xml/"", /""grinnell_11268_RELS-EXT.rdf/""]}, {/""pid/"": /""grinnell:11271/"", /""title/"": /""What's to see in China? Tall Buildings!/"", /""files/"": [/""grinnell_11271_MODS.xml/"", /""grinnell_11271_RELS-EXT.rdf/""]}, {/""pid/"": /""grinnell:11272/"", /""title/"": /""Student Life at Nanjing University (Gulou) (Tuesday, March 8, 2011)/"", /""files/"": [/""grinnell_11272_MODS.xml/"", /""grinnell_11272_RELS-EXT.rdf/""]}, {/""pid/"": /""grinnell:11275/"", /""title/"": /""Roman Catholic Church in Nanjing (Wednesday, March 9, 2011)/"", /""files/"": [/""grinnell_11275_MODS.xml/"", /""grinnell_11275_RELS-EXT.rdf/""]}, {/""pid/"": /""grinnell:11276/"", /""title/"": /""A Sidelight - masks (Saturday, March 12, 2011)/"", /""files/"": [/""grinnell_11276_MODS.xml/"", /""grinnell_11276_RELS-EXT.rdf/""]}, {/""pid/"": /""grinnell:11279/"", /""title/"": /""What would Mao Say? (Monday, March 14, 2011)/"", /""files/"": [/""grinnell_11279_MODS.xml/"", /""grinnell_11279_RELS-EXT.rdf/""]}, {/""pid/"": /""grinnell:11280/"", /""title/"": /""Anticipating Cernobyl's 25th Anniversary (Tuesday, March 15, 2011)/"", /""files/"": [/""grinnell_11280_MODS.xml/"", /""grinnell_11280_RELS-EXT.rdf/""]}, {/""pid/"": /""grinnell:11281/"", /""title/"": /""Xianlin campus, Nanjing University (Wednesday, March 16, 2011)/"", /""files/"": [/""grinnell_11281_MODS.xml/"", /""grinnell_11281_RELS-EXT.rdf/""]}, {/""pid/"": /""grinnell:11282/"", /""title/"": /""St. Paul's Church, Nanjing (Friday, March 18, 2011)/"", /""files/"": [/""grinnell_11282_MODS.xml/"", /""grinnell_11282_RELS-EXT.rdf/""]}, {/""pid/"": /""grinnell:11283/"", /""title/"": /""Nanjing's metro (Saturday, March 19, 2011)/"", /""files/"": [/""grinnell_11283_MODS.xml/"", /""grinnell_11283_RELS-EXT.rdf/""]}, {/""pid/"": /""grinnell:11286/"", /""title/"": /""Nanjing Massacre Museumr (Sunday, March 20, 2011)/"", /""files/"": [/""grinnell_11286_MODS.xml/"", /""grinnell_11286_RELS-EXT.rdf/""]}, {/""pid/"": /""grinnell:11287/"", /""title/"": /""Johns Hopkins - Nanjing University Center (Tuesday, March 22, 2011)/"", /""files/"": [/""grinnell_11287_MODS.xml/"", /""grinnell_11287_RELS-EXT.rdf/""]}, {/""pid/"": /""grinnell:11290/"", /""title/"": /""Kids... (Sunday, March 20, 2011)/"", /""files/"": [/""grinnell_11290_MODS.xml/"", /""grinnell_11290_RELS-EXT.rdf/""]}, {/""pid/"": /""grinnell:11293/"", /""title/"": /""Eating in Nanjing (Thursday, March 31, 2011)/"", /""files/"": [/""grinnell_11293_MODS.xml/"", /""grinnell_11293_RELS-EXT.rdf/""]}], /""paren/"": {/""pid/"": /""grinnell:5000/"", /""title/"": /""China Adventure - A Blog by Professor Daniel Kaiser/"", /""files/"": [/""grinnell_5000_MODS.xml/"", /""grinnell_5000_RELS-EXT.rdf/""]}}"
,,991011507139404641,991011507139404641,parent: grinnell:5000,China Adventure - A Blog by Professor Daniel Kaiser,,,grinnell:5000; grinnell:5000; http://hdl.handle.net/11084/5000; alma:01GCL_INST/bibs/991011507139404641,http://hdl.handle.net/11084/5000,"China Adventure - A Blog by Professor Daniel Kaiser (compound); Our First Few Days In China (Sunday, January 23, 2011) (text); Wedding Festivities, Part 1 (Wednesday, February 9, 2011) (text); Wedding, Part 2 (Friday, February 11, 2011) (text); Wedding, Part 3 (Saturday, February 12, 2011) (text); Wedding; the Guests (Monday, February 14, 2011) (text); Guilin (Wednesday, February 16, 2011) (text); What's to see in China? ...Did you say 'IKEA?/"" (Monday, February 21, 2011) (text); Buildings and history... (Wednesday, February 23, 2011) (text); Home Away From Home (Thursday, February 24, 2011) (text); In China, It's already February 26 - My Mother's Birthday (Friday, February 25, 2011) (text); Teaching Begins (Monday, February 28, 2011) (text); Teaching, 2 (Tuesday, March 1, 2011) (text); Plum Blossom Festival (Friday, March 4, 2011) (text); Nanjing Normal University (Friday, March 4, 2011) (text); What's to see in China? Tall Buildings! (text); Student Life at Nanjing University (Gulou) (Tuesday, March 8, 2011) (text); Roman Catholic Church in Nanjing (Wednesday, March 9, 2011) (text); A Sidelight - masks (Saturday, March 12, 2011) (text); What would Mao Say? (Monday, March 14, 2011) (text); Anticipating Cernobyl's 25th Anniversary (Tuesday, March 15, 2011) (text); Xianlin campus, Nanjing University (Wednesday, March 16, 2011) (text); St. Paul's Church, Nanjing (Friday, March 18, 2011) (text); Nanjing's metro (Saturday, March 19, 2011) (text); Nanjing Massacre Museumr (Sunday, March 20, 2011) (text); Johns Hopkins - Nanjing University Center (Tuesday, March 22, 2011) (text); Kids... (Sunday, March 20, 2011) (text); Eating in Nanjing (Thursday, March 31, 2011) (text)","Kaiser, Daniel H. (Faculty/Staff)",Grinnell College. History,China,,,,,,,,,,,,,"While teaching in Nanjing, Daniel Kaiser, Professor Emeritus of History, kept a blog entitled /""China Adventure/"" that stretched from travel preparations in mid-January to his return to Iowa in late March. Some posts relate directly to teaching and the university; other posts touch on life in China; and several describe the wedding of Dan's son, Andrew (GC 2004).",,,"While teaching in Nanjing, Daniel Kaiser, Professor Emeritus of History, kept a blog entitled /""China Adventure/""",Grinnell College,Grinnell College,2011,2011,2011,,,compound,born digital,27 objects,27 objects,,,,English,,Faculty Scholarship,Faculty Scholarship,Faculty Scholarship,,Nanjing Shi (China),,2011,"Copyright to this work is held by the author(s), in accordance with United States copyright law (USC 17). Readers of this work have certain rights as defined by the law, including but not limited to fair use (17 USC 107 et seq.).",,,,,,,,,,,,,,0242  https://docs.google.com/spreadsheets/d/1JzW8TGU8qJlBAlyoMyDS1mkLTGoaLrsCzVtwQo-4JlU/edit?usp=sharing,"{/""worksheet/"": /""https://docs.google.com/spreadsheets/d/1JzW8TGU8qJlBAlyoMyDS1mkLTGoaLrsCzVtwQo-4JlU#gid=1570273558/"", /""directory/"": /""smb://storage/mediadb/DGingest/Migration-to-Alma/exports/faculty-scholarship/"", /""children/"": [{/""pid/"": /""grinnell:11336/"", /""title/"": /""Our First Few Days In China (Sunday, January 23, 2011)/"", /""files/"": [/""grinnell_11336_MODS.xml/"", /""grinnell_11336_RELS-EXT.rdf/""]}, {/""pid/"": /""grinnell:11243/"", /""title/"": /""Wedding Festivities, Part 1 (Wednesday, February 9, 2011)/"", /""files/"": [/""grinnell_11243_MODS.xml/"", /""grinnell_11243_RELS-EXT.rdf/""]}, {/""pid/"": /""grinnell:11244/"", /""title/"": /""Wedding, Part 2 (Friday, February 11, 2011)/"", /""files/"": [/""grinnell_11244_MODS.xml/"", /""grinnell_11244_RELS-EXT.rdf/""]}, {/""pid/"": /""grinnell:11247/"", /""title/"": /""Wedding, Part 3 (Saturday, February 12, 2011)/"", /""files/"": [/""grinnell_11247_MODS.xml/"", /""grinnell_11247_RELS-EXT.rdf/""]}, {/""pid/"": /""grinnell:11250/"", /""title/"": /""Wedding; the Guests (Monday, February 14, 2011)/"", /""files/"": [/""grinnell_11250_MODS.xml/"", /""grinnell_11250_RELS-EXT.rdf/""]}, {/""pid/"": /""grinnell:11251/"", /""title/"": /""Guilin (Wednesday, February 16, 2011)/"", /""files/"": [/""grinnell_11251_MODS.xml/"", /""grinnell_11251_RELS-EXT.rdf/""]}, {/""pid/"": /""grinnell:11252/"", /""title/"": /""What's to see in China? ...Did you say 'IKEA?\\/"" (Monday, February 21, 2011)/"", /""files/"": [/""grinnell_11252_MODS.xml/"", /""grinnell_11252_RELS-EXT.rdf/""]}, {/""pid/"": /""grinnell:11253/"", /""title/"": /""Buildings and history... (Wednesday, February 23, 2011)/"", /""files/"": [/""grinnell_11253_MODS.xml/"", /""grinnell_11253_RELS-EXT.rdf/""]}, {/""pid/"": /""grinnell:11254/"", /""title/"": /""Home Away From Home (Thursday, February 24, 2011)/"", /""files/"": [/""grinnell_11254_MODS.xml/"", /""grinnell_11254_RELS-EXT.rdf/""]}, {/""pid/"": /""grinnell:11257/"", /""title/"": /""In China, It's already February 26 - My Mother's Birthday (Friday, February 25, 2011)/"", /""files/"": [/""grinnell_11257_MODS.xml/"", /""grinnell_11257_RELS-EXT.rdf/""]}, {/""pid/"": /""grinnell:11260/"", /""title/"": /""Teaching Begins (Monday, February 28, 2011)/"", /""files/"": [/""grinnell_11260_MODS.xml/"", /""grinnell_11260_RELS-EXT.rdf/""]}, {/""pid/"": /""grinnell:11262/"", /""title/"": /""Teaching, 2 (Tuesday, March 1, 2011)/"", /""files/"": [/""grinnell_11262_MODS.xml/"", /""grinnell_11262_RELS-EXT.rdf/""]}, {/""pid/"": /""grinnell:11267/"", /""title/"": /""Plum Blossom Festival (Friday, March 4, 2011)/"", /""files/"": [/""grinnell_11267_MODS.xml/"", /""grinnell_11267_RELS-EXT.rdf/""]}, {/""pid/"": /""grinnell:11268/"", /""title/"": /""Nanjing Normal University (Friday, March 4, 2011)/"", /""files/"": [/""grinnell_11268_MODS.xml/"", /""grinnell_11268_RELS-EXT.rdf/""]}, {/""pid/"": /""grinnell:11271/"", /""title/"": /""What's to see in China? Tall Buildings!/"", /""files/"": [/""grinnell_11271_MODS.xml/"", /""grinnell_11271_RELS-EXT.rdf/""]}, {/""pid/"": /""grinnell:11272/"", /""title/"": /""Student Life at Nanjing University (Gulou) (Tuesday, March 8, 2011)/"", /""files/"": [/""grinnell_11272_MODS.xml/"", /""grinnell_11272_RELS-EXT.rdf/""]}, {/""pid/"": /""grinnell:11275/"", /""title/"": /""Roman Catholic Church in Nanjing (Wednesday, March 9, 2011)/"", /""files/"": [/""grinnell_11275_MODS.xml/"", /""grinnell_11275_RELS-EXT.rdf/""]}, {/""pid/"": /""grinnell:11276/"", /""title/"": /""A Sidelight - masks (Saturday, March 12, 2011)/"", /""files/"": [/""grinnell_11276_MODS.xml/"", /""grinnell_11276_RELS-EXT.rdf/""]}, {/""pid/"": /""grinnell:11279/"", /""title/"": /""What would Mao Say? (Monday, March 14, 2011)/"", /""files/"": [/""grinnell_11279_MODS.xml/"", /""grinnell_11279_RELS-EXT.rdf/""]}, {/""pid/"": /""grinnell:11280/"", /""title/"": /""Anticipating Cernobyl's 25th Anniversary (Tuesday, March 15, 2011)/"", /""files/"": [/""grinnell_11280_MODS.xml/"", /""grinnell_11280_RELS-EXT.rdf/""]}, {/""pid/"": /""grinnell:11281/"", /""title/"": /""Xianlin campus, Nanjing University (Wednesday, March 16, 2011)/"", /""files/"": [/""grinnell_11281_MODS.xml/"", /""grinnell_11281_RELS-EXT.rdf/""]}, {/""pid/"": /""grinnell:11282/"", /""title/"": /""St. Paul's Church, Nanjing (Friday, March 18, 2011)/"", /""files/"": [/""grinnell_11282_MODS.xml/"", /""grinnell_11282_RELS-EXT.rdf/""]}, {/""pid/"": /""grinnell:11283/"", /""title/"": /""Nanjing's metro (Saturday, March 19, 2011)/"", /""files/"": [/""grinnell_11283_MODS.xml/"", /""grinnell_11283_RELS-EXT.rdf/""]}, {/""pid/"": /""grinnell:11286/"", /""title/"": /""Nanjing Massacre Museumr (Sunday, March 20, 2011)/"", /""files/"": [/""grinnell_11286_MODS.xml/"", /""grinnell_11286_RELS-EXT.rdf/""]}, {/""pid/"": /""grinnell:11287/"", /""title/"": /""Johns Hopkins - Nanjing University Center (Tuesday, March 22, 2011)/"", /""files/"": [/""grinnell_11287_MODS.xml/"", /""grinnell_11287_RELS-EXT.rdf/""]}, {/""pid/"": /""grinnell:11290/"", /""title/"": /""Kids... (Sunday, March 20, 2011)/"", /""files/"": [/""grinnell_11290_MODS.xml/"", /""grinnell_11290_RELS-EXT.rdf/""]}, {/""pid/"": /""grinnell:11293/"", /""title/"": /""Eating in Nanjing (Thursday, March 31, 2011)/"", /""files/"": [/""grinnell_11293_MODS.xml/"", /""grinnell_11293_RELS-EXT.rdf/""]}], /""paren/"": {/""pid/"": /""grinnell:5000/"", /""title/"": /""China Adventure - A Blog by Professor Daniel Kaiser/"", /""files/"": [/""grinnell_5000_MODS.xml/"", /""grinnell_5000_RELS-EXT.rdf/""]}}"
,,991011507139404641,991011507139404641,parent: grinnell:5000,China Adventure - A Blog by Professor Daniel Kaiser,,,grinnell:5000; grinnell:5000; http://hdl.handle.net/11084/5000; alma:01GCL_INST/bibs/991011507139404641,http://hdl.handle.net/11084/5000,"China Adventure - A Blog by Professor Daniel Kaiser (compound); Our First Few Days In China (Sunday, January 23, 2011) (text); Wedding Festivities, Part 1 (Wednesday, February 9, 2011) (text); Wedding, Part 2 (Friday, February 11, 2011) (text); Wedding, Part 3 (Saturday, February 12, 2011) (text); Wedding; the Guests (Monday, February 14, 2011) (text); Guilin (Wednesday, February 16, 2011) (text); What's to see in China? ...Did you say 'IKEA?/"" (Monday, February 21, 2011) (text); Buildings and history... (Wednesday, February 23, 2011) (text); Home Away From Home (Thursday, February 24, 2011) (text); In China, It's already February 26 - My Mother's Birthday (Friday, February 25, 2011) (text); Teaching Begins (Monday, February 28, 2011) (text); Teaching, 2 (Tuesday, March 1, 2011) (text); Plum Blossom Festival (Friday, March 4, 2011) (text); Nanjing Normal University (Friday, March 4, 2011) (text); What's to see in China? Tall Buildings! (text); Student Life at Nanjing University (Gulou) (Tuesday, March 8, 2011) (text); Roman Catholic Church in Nanjing (Wednesday, March 9, 2011) (text); A Sidelight - masks (Saturday, March 12, 2011) (text); What would Mao Say? (Monday, March 14, 2011) (text); Anticipating Cernobyl's 25th Anniversary (Tuesday, March 15, 2011) (text); Xianlin campus, Nanjing University (Wednesday, March 16, 2011) (text); St. Paul's Church, Nanjing (Friday, March 18, 2011) (text); Nanjing's metro (Saturday, March 19, 2011) (text); Nanjing Massacre Museumr (Sunday, March 20, 2011) (text); Johns Hopkins - Nanjing University Center (Tuesday, March 22, 2011) (text); Kids... (Sunday, March 20, 2011) (text); Eating in Nanjing (Thursday, March 31, 2011) (text)","Kaiser, Daniel H. (Faculty/Staff)",Grinnell College. History,China,,,,,,,,,,,,,"While teaching in Nanjing, Daniel Kaiser, Professor Emeritus of History, kept a blog entitled /""China Adventure/"" that stretched from travel preparations in mid-January to his return to Iowa in late March. Some posts relate directly to teaching and the university; other posts touch on life in China; and several describe the wedding of Dan's son, Andrew (GC 2004).",,,"While teaching in Nanjing, Daniel Kaiser, Professor Emeritus of History, kept a blog entitled /""China Adventure/""",Grinnell College,Grinnell College,2011,2011,2011,,,compound,born digital,27 objects,27 objects,,,,English,,Faculty Scholarship,Faculty Scholarship,Faculty Scholarship,,Nanjing Shi (China),,2011,"Copyright to this work is held by the author(s), in accordance with United States copyright law (USC 17). Readers of this work have certain rights as defined by the law, including but not limited to fair use (17 USC 107 et seq.).",,,,,,,,,,,,,,0242  https://docs.google.com/spreadsheets/d/1JzW8TGU8qJlBAlyoMyDS1mkLTGoaLrsCzVtwQo-4JlU/edit?usp=sharing,"{/""worksheet/"": /""https://docs.google.com/spreadsheets/d/1JzW8TGU8qJlBAlyoMyDS1mkLTGoaLrsCzVtwQo-4JlU#gid=1570273558/"", /""directory/"": /""smb://storage/mediadb/DGingest/Migration-to-Alma/exports/faculty-scholarship/"", /""children/"": [{/""pid/"": /""grinnell:11336/"", /""title/"": /""Our First Few Days In China (Sunday, January 23, 2011)/"", /""files/"": [/""grinnell_11336_MODS.xml/"", /""grinnell_11336_RELS-EXT.rdf/""]}, {/""pid/"": /""grinnell:11243/"", /""title/"": /""Wedding Festivities, Part 1 (Wednesday, February 9, 2011)/"", /""files/"": [/""grinnell_11243_MODS.xml/"", /""grinnell_11243_RELS-EXT.rdf/""]}, {/""pid/"": /""grinnell:11244/"", /""title/"": /""Wedding, Part 2 (Friday, February 11, 2011)/"", /""files/"": [/""grinnell_11244_MODS.xml/"", /""grinnell_11244_RELS-EXT.rdf/""]}, {/""pid/"": /""grinnell:11247/"", /""title/"": /""Wedding, Part 3 (Saturday, February 12, 2011)/"", /""files/"": [/""grinnell_11247_MODS.xml/"", /""grinnell_11247_RELS-EXT.rdf/""]}, {/""pid/"": /""grinnell:11250/"", /""title/"": /""Wedding; the Guests (Monday, February 14, 2011)/"", /""files/"": [/""grinnell_11250_MODS.xml/"", /""grinnell_11250_RELS-EXT.rdf/""]}, {/""pid/"": /""grinnell:11251/"", /""title/"": /""Guilin (Wednesday, February 16, 2011)/"", /""files/"": [/""grinnell_11251_MODS.xml/"", /""grinnell_11251_RELS-EXT.rdf/""]}, {/""pid/"": /""grinnell:11252/"", /""title/"": /""What's to see in China? ...Did you say 'IKEA?\\/"" (Monday, February 21, 2011)/"", /""files/"": [/""grinnell_11252_MODS.xml/"", /""grinnell_11252_RELS-EXT.rdf/""]}, {/""pid/"": /""grinnell:11253/"", /""title/"": /""Buildings and history... (Wednesday, February 23, 2011)/"", /""files/"": [/""grinnell_11253_MODS.xml/"", /""grinnell_11253_RELS-EXT.rdf/""]}, {/""pid/"": /""grinnell:11254/"", /""title/"": /""Home Away From Home (Thursday, February 24, 2011)/"", /""files/"": [/""grinnell_11254_MODS.xml/"", /""grinnell_11254_RELS-EXT.rdf/""]}, {/""pid/"": /""grinnell:11257/"", /""title/"": /""In China, It's already February 26 - My Mother's Birthday (Friday, February 25, 2011)/"", /""files/"": [/""grinnell_11257_MODS.xml/"", /""grinnell_11257_RELS-EXT.rdf/""]}, {/""pid/"": /""grinnell:11260/"", /""title/"": /""Teaching Begins (Monday, February 28, 2011)/"", /""files/"": [/""grinnell_11260_MODS.xml/"", /""grinnell_11260_RELS-EXT.rdf/""]}, {/""pid/"": /""grinnell:11262/"", /""title/"": /""Teaching, 2 (Tuesday, March 1, 2011)/"", /""files/"": [/""grinnell_11262_MODS.xml/"", /""grinnell_11262_RELS-EXT.rdf/""]}, {/""pid/"": /""grinnell:11267/"", /""title/"": /""Plum Blossom Festival (Friday, March 4, 2011)/"", /""files/"": [/""grinnell_11267_MODS.xml/"", /""grinnell_11267_RELS-EXT.rdf/""]}, {/""pid/"": /""grinnell:11268/"", /""title/"": /""Nanjing Normal University (Friday, March 4, 2011)/"", /""files/"": [/""grinnell_11268_MODS.xml/"", /""grinnell_11268_RELS-EXT.rdf/""]}, {/""pid/"": /""grinnell:11271/"", /""title/"": /""What's to see in China? Tall Buildings!/"", /""files/"": [/""grinnell_11271_MODS.xml/"", /""grinnell_11271_RELS-EXT.rdf/""]}, {/""pid/"": /""grinnell:11272/"", /""title/"": /""Student Life at Nanjing University (Gulou) (Tuesday, March 8, 2011)/"", /""files/"": [/""grinnell_11272_MODS.xml/"", /""grinnell_11272_RELS-EXT.rdf/""]}, {/""pid/"": /""grinnell:11275/"", /""title/"": /""Roman Catholic Church in Nanjing (Wednesday, March 9, 2011)/"", /""files/"": [/""grinnell_11275_MODS.xml/"", /""grinnell_11275_RELS-EXT.rdf/""]}, {/""pid/"": /""grinnell:11276/"", /""title/"": /""A Sidelight - masks (Saturday, March 12, 2011)/"", /""files/"": [/""grinnell_11276_MODS.xml/"", /""grinnell_11276_RELS-EXT.rdf/""]}, {/""pid/"": /""grinnell:11279/"", /""title/"": /""What would Mao Say? (Monday, March 14, 2011)/"", /""files/"": [/""grinnell_11279_MODS.xml/"", /""grinnell_11279_RELS-EXT.rdf/""]}, {/""pid/"": /""grinnell:11280/"", /""title/"": /""Anticipating Cernobyl's 25th Anniversary (Tuesday, March 15, 2011)/"", /""files/"": [/""grinnell_11280_MODS.xml/"", /""grinnell_11280_RELS-EXT.rdf/""]}, {/""pid/"": /""grinnell:11281/"", /""title/"": /""Xianlin campus, Nanjing University (Wednesday, March 16, 2011)/"", /""files/"": [/""grinnell_11281_MODS.xml/"", /""grinnell_11281_RELS-EXT.rdf/""]}, {/""pid/"": /""grinnell:11282/"", /""title/"": /""St. Paul's Church, Nanjing (Friday, March 18, 2011)/"", /""files/"": [/""grinnell_11282_MODS.xml/"", /""grinnell_11282_RELS-EXT.rdf/""]}, {/""pid/"": /""grinnell:11283/"", /""title/"": /""Nanjing's metro (Saturday, March 19, 2011)/"", /""files/"": [/""grinnell_11283_MODS.xml/"", /""grinnell_11283_RELS-EXT.rdf/""]}, {/""pid/"": /""grinnell:11286/"", /""title/"": /""Nanjing Massacre Museumr (Sunday, March 20, 2011)/"", /""files/"": [/""grinnell_11286_MODS.xml/"", /""grinnell_11286_RELS-EXT.rdf/""]}, {/""pid/"": /""grinnell:11287/"", /""title/"": /""Johns Hopkins - Nanjing University Center (Tuesday, March 22, 2011)/"", /""files/"": [/""grinnell_11287_MODS.xml/"", /""grinnell_11287_RELS-EXT.rdf/""]}, {/""pid/"": /""grinnell:11290/"", /""title/"": /""Kids... (Sunday, March 20, 2011)/"", /""files/"": [/""grinnell_11290_MODS.xml/"", /""grinnell_11290_RELS-EXT.rdf/""]}, {/""pid/"": /""grinnell:11293/"", /""title/"": /""Eating in Nanjing (Thursday, March 31, 2011)/"", /""files/"": [/""grinnell_11293_MODS.xml/"", /""grinnell_11293_RELS-EXT.rdf/""]}], /""paren/"": {/""pid/"": /""grinnell:5000/"", /""title/"": /""China Adventure - A Blog by Professor Daniel Kaiser/"", /""files/"": [/""grinnell_5000_MODS.xml/"", /""grinnell_5000_RELS-EXT.rdf/""]}}"
,,991011507139404641,991011507139404641,parent: grinnell:5000,China Adventure - A Blog by Professor Daniel Kaiser,,,grinnell:5000; grinnell:5000; http://hdl.handle.net/11084/5000; alma:01GCL_INST/bibs/991011507139404641,http://hdl.handle.net/11084/5000,"China Adventure - A Blog by Professor Daniel Kaiser (compound); Our First Few Days In China (Sunday, January 23, 2011) (text); Wedding Festivities, Part 1 (Wednesday, February 9, 2011) (text); Wedding, Part 2 (Friday, February 11, 2011) (text); Wedding, Part 3 (Saturday, February 12, 2011) (text); Wedding; the Guests (Monday, February 14, 2011) (text); Guilin (Wednesday, February 16, 2011) (text); What's to see in China? ...Did you say 'IKEA?/"" (Monday, February 21, 2011) (text); Buildings and history... (Wednesday, February 23, 2011) (text); Home Away From Home (Thursday, February 24, 2011) (text); In China, It's already February 26 - My Mother's Birthday (Friday, February 25, 2011) (text); Teaching Begins (Monday, February 28, 2011) (text); Teaching, 2 (Tuesday, March 1, 2011) (text); Plum Blossom Festival (Friday, March 4, 2011) (text); Nanjing Normal University (Friday, March 4, 2011) (text); What's to see in China? Tall Buildings! (text); Student Life at Nanjing University (Gulou) (Tuesday, March 8, 2011) (text); Roman Catholic Church in Nanjing (Wednesday, March 9, 2011) (text); A Sidelight - masks (Saturday, March 12, 2011) (text); What would Mao Say? (Monday, March 14, 2011) (text); Anticipating Cernobyl's 25th Anniversary (Tuesday, March 15, 2011) (text); Xianlin campus, Nanjing University (Wednesday, March 16, 2011) (text); St. Paul's Church, Nanjing (Friday, March 18, 2011) (text); Nanjing's metro (Saturday, March 19, 2011) (text); Nanjing Massacre Museumr (Sunday, March 20, 2011) (text); Johns Hopkins - Nanjing University Center (Tuesday, March 22, 2011) (text); Kids... (Sunday, March 20, 2011) (text); Eating in Nanjing (Thursday, March 31, 2011) (text)","Kaiser, Daniel H. (Faculty/Staff)",Grinnell College. History,China,,,,,,,,,,,,,"While teaching in Nanjing, Daniel Kaiser, Professor Emeritus of History, kept a blog entitled /""China Adventure/"" that stretched from travel preparations in mid-January to his return to Iowa in late March. Some posts relate directly to teaching and the university; other posts touch on life in China; and several describe the wedding of Dan's son, Andrew (GC 2004).",,,"While teaching in Nanjing, Daniel Kaiser, Professor Emeritus of History, kept a blog entitled /""China Adventure/""",Grinnell College,Grinnell College,2011,2011,2011,,,compound,born digital,27 objects,27 objects,,,,English,,Faculty Scholarship,Faculty Scholarship,Faculty Scholarship,,Nanjing Shi (China),,2011,"Copyright to this work is held by the author(s), in accordance with United States copyright law (USC 17). Readers of this work have certain rights as defined by the law, including but not limited to fair use (17 USC 107 et seq.).",,,,,,,,,,,,,,0242  https://docs.google.com/spreadsheets/d/1JzW8TGU8qJlBAlyoMyDS1mkLTGoaLrsCzVtwQo-4JlU/edit?usp=sharing,"{/""worksheet/"": /""https://docs.google.com/spreadsheets/d/1JzW8TGU8qJlBAlyoMyDS1mkLTGoaLrsCzVtwQo-4JlU#gid=1570273558/"", /""directory/"": /""smb://storage/mediadb/DGingest/Migration-to-Alma/exports/faculty-scholarship/"", /""children/"": [{/""pid/"": /""grinnell:11336/"", /""title/"": /""Our First Few Days In China (Sunday, January 23, 2011)/"", /""files/"": [/""grinnell_11336_MODS.xml/"", /""grinnell_11336_RELS-EXT.rdf/""]}, {/""pid/"": /""grinnell:11243/"", /""title/"": /""Wedding Festivities, Part 1 (Wednesday, February 9, 2011)/"", /""files/"": [/""grinnell_11243_MODS.xml/"", /""grinnell_11243_RELS-EXT.rdf/""]}, {/""pid/"": /""grinnell:11244/"", /""title/"": /""Wedding, Part 2 (Friday, February 11, 2011)/"", /""files/"": [/""grinnell_11244_MODS.xml/"", /""grinnell_11244_RELS-EXT.rdf/""]}, {/""pid/"": /""grinnell:11247/"", /""title/"": /""Wedding, Part 3 (Saturday, February 12, 2011)/"", /""files/"": [/""grinnell_11247_MODS.xml/"", /""grinnell_11247_RELS-EXT.rdf/""]}, {/""pid/"": /""grinnell:11250/"", /""title/"": /""Wedding; the Guests (Monday, February 14, 2011)/"", /""files/"": [/""grinnell_11250_MODS.xml/"", /""grinnell_11250_RELS-EXT.rdf/""]}, {/""pid/"": /""grinnell:11251/"", /""title/"": /""Guilin (Wednesday, February 16, 2011)/"", /""files/"": [/""grinnell_11251_MODS.xml/"", /""grinnell_11251_RELS-EXT.rdf/""]}, {/""pid/"": /""grinnell:11252/"", /""title/"": /""What's to see in China? ...Did you say 'IKEA?\\/"" (Monday, February 21, 2011)/"", /""files/"": [/""grinnell_11252_MODS.xml/"", /""grinnell_11252_RELS-EXT.rdf/""]}, {/""pid/"": /""grinnell:11253/"", /""title/"": /""Buildings and history... (Wednesday, February 23, 2011)/"", /""files/"": [/""grinnell_11253_MODS.xml/"", /""grinnell_11253_RELS-EXT.rdf/""]}, {/""pid/"": /""grinnell:11254/"", /""title/"": /""Home Away From Home (Thursday, February 24, 2011)/"", /""files/"": [/""grinnell_11254_MODS.xml/"", /""grinnell_11254_RELS-EXT.rdf/""]}, {/""pid/"": /""grinnell:11257/"", /""title/"": /""In China, It's already February 26 - My Mother's Birthday (Friday, February 25, 2011)/"", /""files/"": [/""grinnell_11257_MODS.xml/"", /""grinnell_11257_RELS-EXT.rdf/""]}, {/""pid/"": /""grinnell:11260/"", /""title/"": /""Teaching Begins (Monday, February 28, 2011)/"", /""files/"": [/""grinnell_11260_MODS.xml/"", /""grinnell_11260_RELS-EXT.rdf/""]}, {/""pid/"": /""grinnell:11262/"", /""title/"": /""Teaching, 2 (Tuesday, March 1, 2011)/"", /""files/"": [/""grinnell_11262_MODS.xml/"", /""grinnell_11262_RELS-EXT.rdf/""]}, {/""pid/"": /""grinnell:11267/"", /""title/"": /""Plum Blossom Festival (Friday, March 4, 2011)/"", /""files/"": [/""grinnell_11267_MODS.xml/"", /""grinnell_11267_RELS-EXT.rdf/""]}, {/""pid/"": /""grinnell:11268/"", /""title/"": /""Nanjing Normal University (Friday, March 4, 2011)/"", /""files/"": [/""grinnell_11268_MODS.xml/"", /""grinnell_11268_RELS-EXT.rdf/""]}, {/""pid/"": /""grinnell:11271/"", /""title/"": /""What's to see in China? Tall Buildings!/"", /""files/"": [/""grinnell_11271_MODS.xml/"", /""grinnell_11271_RELS-EXT.rdf/""]}, {/""pid/"": /""grinnell:11272/"", /""title/"": /""Student Life at Nanjing University (Gulou) (Tuesday, March 8, 2011)/"", /""files/"": [/""grinnell_11272_MODS.xml/"", /""grinnell_11272_RELS-EXT.rdf/""]}, {/""pid/"": /""grinnell:11275/"", /""title/"": /""Roman Catholic Church in Nanjing (Wednesday, March 9, 2011)/"", /""files/"": [/""grinnell_11275_MODS.xml/"", /""grinnell_11275_RELS-EXT.rdf/""]}, {/""pid/"": /""grinnell:11276/"", /""title/"": /""A Sidelight - masks (Saturday, March 12, 2011)/"", /""files/"": [/""grinnell_11276_MODS.xml/"", /""grinnell_11276_RELS-EXT.rdf/""]}, {/""pid/"": /""grinnell:11279/"", /""title/"": /""What would Mao Say? (Monday, March 14, 2011)/"", /""files/"": [/""grinnell_11279_MODS.xml/"", /""grinnell_11279_RELS-EXT.rdf/""]}, {/""pid/"": /""grinnell:11280/"", /""title/"": /""Anticipating Cernobyl's 25th Anniversary (Tuesday, March 15, 2011)/"", /""files/"": [/""grinnell_11280_MODS.xml/"", /""grinnell_11280_RELS-EXT.rdf/""]}, {/""pid/"": /""grinnell:11281/"", /""title/"": /""Xianlin campus, Nanjing University (Wednesday, March 16, 2011)/"", /""files/"": [/""grinnell_11281_MODS.xml/"", /""grinnell_11281_RELS-EXT.rdf/""]}, {/""pid/"": /""grinnell:11282/"", /""title/"": /""St. Paul's Church, Nanjing (Friday, March 18, 2011)/"", /""files/"": [/""grinnell_11282_MODS.xml/"", /""grinnell_11282_RELS-EXT.rdf/""]}, {/""pid/"": /""grinnell:11283/"", /""title/"": /""Nanjing's metro (Saturday, March 19, 2011)/"", /""files/"": [/""grinnell_11283_MODS.xml/"", /""grinnell_11283_RELS-EXT.rdf/""]}, {/""pid/"": /""grinnell:11286/"", /""title/"": /""Nanjing Massacre Museumr (Sunday, March 20, 2011)/"", /""files/"": [/""grinnell_11286_MODS.xml/"", /""grinnell_11286_RELS-EXT.rdf/""]}, {/""pid/"": /""grinnell:11287/"", /""title/"": /""Johns Hopkins - Nanjing University Center (Tuesday, March 22, 2011)/"", /""files/"": [/""grinnell_11287_MODS.xml/"", /""grinnell_11287_RELS-EXT.rdf/""]}, {/""pid/"": /""grinnell:11290/"", /""title/"": /""Kids... (Sunday, March 20, 2011)/"", /""files/"": [/""grinnell_11290_MODS.xml/"", /""grinnell_11290_RELS-EXT.rdf/""]}, {/""pid/"": /""grinnell:11293/"", /""title/"": /""Eating in Nanjing (Thursday, March 31, 2011)/"", /""files/"": [/""grinnell_11293_MODS.xml/"", /""grinnell_11293_RELS-EXT.rdf/""]}], /""paren/"": {/""pid/"": /""grinnell:5000/"", /""title/"": /""China Adventure - A Blog by Professor Daniel Kaiser/"", /""files/"": [/""grinnell_5000_MODS.xml/"", /""grinnell_5000_RELS-EXT.rdf/""]}}"
,,991011507139404641,991011507139404641,parent: grinnell:5000,China Adventure - A Blog by Professor Daniel Kaiser,,,grinnell:5000; grinnell:5000; http://hdl.handle.net/11084/5000; alma:01GCL_INST/bibs/991011507139404641,http://hdl.handle.net/11084/5000,"China Adventure - A Blog by Professor Daniel Kaiser (compound); Our First Few Days In China (Sunday, January 23, 2011) (text); Wedding Festivities, Part 1 (Wednesday, February 9, 2011) (text); Wedding, Part 2 (Friday, February 11, 2011) (text); Wedding, Part 3 (Saturday, February 12, 2011) (text); Wedding; the Guests (Monday, February 14, 2011) (text); Guilin (Wednesday, February 16, 2011) (text); What's to see in China? ...Did you say 'IKEA?/"" (Monday, February 21, 2011) (text); Buildings and history... (Wednesday, February 23, 2011) (text); Home Away From Home (Thursday, February 24, 2011) (text); In China, It's already February 26 - My Mother's Birthday (Friday, February 25, 2011) (text); Teaching Begins (Monday, February 28, 2011) (text); Teaching, 2 (Tuesday, March 1, 2011) (text); Plum Blossom Festival (Friday, March 4, 2011) (text); Nanjing Normal University (Friday, March 4, 2011) (text); What's to see in China? Tall Buildings! (text); Student Life at Nanjing University (Gulou) (Tuesday, March 8, 2011) (text); Roman Catholic Church in Nanjing (Wednesday, March 9, 2011) (text); A Sidelight - masks (Saturday, March 12, 2011) (text); What would Mao Say? (Monday, March 14, 2011) (text); Anticipating Cernobyl's 25th Anniversary (Tuesday, March 15, 2011) (text); Xianlin campus, Nanjing University (Wednesday, March 16, 2011) (text); St. Paul's Church, Nanjing (Friday, March 18, 2011) (text); Nanjing's metro (Saturday, March 19, 2011) (text); Nanjing Massacre Museumr (Sunday, March 20, 2011) (text); Johns Hopkins - Nanjing University Center (Tuesday, March 22, 2011) (text); Kids... (Sunday, March 20, 2011) (text); Eating in Nanjing (Thursday, March 31, 2011) (text)","Kaiser, Daniel H. (Faculty/Staff)",Grinnell College. History,China,,,,,,,,,,,,,"While teaching in Nanjing, Daniel Kaiser, Professor Emeritus of History, kept a blog entitled /""China Adventure/"" that stretched from travel preparations in mid-January to his return to Iowa in late March. Some posts relate directly to teaching and the university; other posts touch on life in China; and several describe the wedding of Dan's son, Andrew (GC 2004).",,,"While teaching in Nanjing, Daniel Kaiser, Professor Emeritus of History, kept a blog entitled /""China Adventure/""",Grinnell College,Grinnell College,2011,2011,2011,,,compound,born digital,27 objects,27 objects,,,,English,,Faculty Scholarship,Faculty Scholarship,Faculty Scholarship,,Nanjing Shi (China),,2011,"Copyright to this work is held by the author(s), in accordance with United States copyright law (USC 17). Readers of this work have certain rights as defined by the law, including but not limited to fair use (17 USC 107 et seq.).",,,,,,,,,,,,,,0242  https://docs.google.com/spreadsheets/d/1JzW8TGU8qJlBAlyoMyDS1mkLTGoaLrsCzVtwQo-4JlU/edit?usp=sharing,"{/""worksheet/"": /""https://docs.google.com/spreadsheets/d/1JzW8TGU8qJlBAlyoMyDS1mkLTGoaLrsCzVtwQo-4JlU#gid=1570273558/"", /""directory/"": /""smb://storage/mediadb/DGingest/Migration-to-Alma/exports/faculty-scholarship/"", /""children/"": [{/""pid/"": /""grinnell:11336/"", /""title/"": /""Our First Few Days In China (Sunday, January 23, 2011)/"", /""files/"": [/""grinnell_11336_MODS.xml/"", /""grinnell_11336_RELS-EXT.rdf/""]}, {/""pid/"": /""grinnell:11243/"", /""title/"": /""Wedding Festivities, Part 1 (Wednesday, February 9, 2011)/"", /""files/"": [/""grinnell_11243_MODS.xml/"", /""grinnell_11243_RELS-EXT.rdf/""]}, {/""pid/"": /""grinnell:11244/"", /""title/"": /""Wedding, Part 2 (Friday, February 11, 2011)/"", /""files/"": [/""grinnell_11244_MODS.xml/"", /""grinnell_11244_RELS-EXT.rdf/""]}, {/""pid/"": /""grinnell:11247/"", /""title/"": /""Wedding, Part 3 (Saturday, February 12, 2011)/"", /""files/"": [/""grinnell_11247_MODS.xml/"", /""grinnell_11247_RELS-EXT.rdf/""]}, {/""pid/"": /""grinnell:11250/"", /""title/"": /""Wedding; the Guests (Monday, February 14, 2011)/"", /""files/"": [/""grinnell_11250_MODS.xml/"", /""grinnell_11250_RELS-EXT.rdf/""]}, {/""pid/"": /""grinnell:11251/"", /""title/"": /""Guilin (Wednesday, February 16, 2011)/"", /""files/"": [/""grinnell_11251_MODS.xml/"", /""grinnell_11251_RELS-EXT.rdf/""]}, {/""pid/"": /""grinnell:11252/"", /""title/"": /""What's to see in China? ...Did you say 'IKEA?\\/"" (Monday, February 21, 2011)/"", /""files/"": [/""grinnell_11252_MODS.xml/"", /""grinnell_11252_RELS-EXT.rdf/""]}, {/""pid/"": /""grinnell:11253/"", /""title/"": /""Buildings and history... (Wednesday, February 23, 2011)/"", /""files/"": [/""grinnell_11253_MODS.xml/"", /""grinnell_11253_RELS-EXT.rdf/""]}, {/""pid/"": /""grinnell:11254/"", /""title/"": /""Home Away From Home (Thursday, February 24, 2011)/"", /""files/"": [/""grinnell_11254_MODS.xml/"", /""grinnell_11254_RELS-EXT.rdf/""]}, {/""pid/"": /""grinnell:11257/"", /""title/"": /""In China, It's already February 26 - My Mother's Birthday (Friday, February 25, 2011)/"", /""files/"": [/""grinnell_11257_MODS.xml/"", /""grinnell_11257_RELS-EXT.rdf/""]}, {/""pid/"": /""grinnell:11260/"", /""title/"": /""Teaching Begins (Monday, February 28, 2011)/"", /""files/"": [/""grinnell_11260_MODS.xml/"", /""grinnell_11260_RELS-EXT.rdf/""]}, {/""pid/"": /""grinnell:11262/"", /""title/"": /""Teaching, 2 (Tuesday, March 1, 2011)/"", /""files/"": [/""grinnell_11262_MODS.xml/"", /""grinnell_11262_RELS-EXT.rdf/""]}, {/""pid/"": /""grinnell:11267/"", /""title/"": /""Plum Blossom Festival (Friday, March 4, 2011)/"", /""files/"": [/""grinnell_11267_MODS.xml/"", /""grinnell_11267_RELS-EXT.rdf/""]}, {/""pid/"": /""grinnell:11268/"", /""title/"": /""Nanjing Normal University (Friday, March 4, 2011)/"", /""files/"": [/""grinnell_11268_MODS.xml/"", /""grinnell_11268_RELS-EXT.rdf/""]}, {/""pid/"": /""grinnell:11271/"", /""title/"": /""What's to see in China? Tall Buildings!/"", /""files/"": [/""grinnell_11271_MODS.xml/"", /""grinnell_11271_RELS-EXT.rdf/""]}, {/""pid/"": /""grinnell:11272/"", /""title/"": /""Student Life at Nanjing University (Gulou) (Tuesday, March 8, 2011)/"", /""files/"": [/""grinnell_11272_MODS.xml/"", /""grinnell_11272_RELS-EXT.rdf/""]}, {/""pid/"": /""grinnell:11275/"", /""title/"": /""Roman Catholic Church in Nanjing (Wednesday, March 9, 2011)/"", /""files/"": [/""grinnell_11275_MODS.xml/"", /""grinnell_11275_RELS-EXT.rdf/""]}, {/""pid/"": /""grinnell:11276/"", /""title/"": /""A Sidelight - masks (Saturday, March 12, 2011)/"", /""files/"": [/""grinnell_11276_MODS.xml/"", /""grinnell_11276_RELS-EXT.rdf/""]}, {/""pid/"": /""grinnell:11279/"", /""title/"": /""What would Mao Say? (Monday, March 14, 2011)/"", /""files/"": [/""grinnell_11279_MODS.xml/"", /""grinnell_11279_RELS-EXT.rdf/""]}, {/""pid/"": /""grinnell:11280/"", /""title/"": /""Anticipating Cernobyl's 25th Anniversary (Tuesday, March 15, 2011)/"", /""files/"": [/""grinnell_11280_MODS.xml/"", /""grinnell_11280_RELS-EXT.rdf/""]}, {/""pid/"": /""grinnell:11281/"", /""title/"": /""Xianlin campus, Nanjing University (Wednesday, March 16, 2011)/"", /""files/"": [/""grinnell_11281_MODS.xml/"", /""grinnell_11281_RELS-EXT.rdf/""]}, {/""pid/"": /""grinnell:11282/"", /""title/"": /""St. Paul's Church, Nanjing (Friday, March 18, 2011)/"", /""files/"": [/""grinnell_11282_MODS.xml/"", /""grinnell_11282_RELS-EXT.rdf/""]}, {/""pid/"": /""grinnell:11283/"", /""title/"": /""Nanjing's metro (Saturday, March 19, 2011)/"", /""files/"": [/""grinnell_11283_MODS.xml/"", /""grinnell_11283_RELS-EXT.rdf/""]}, {/""pid/"": /""grinnell:11286/"", /""title/"": /""Nanjing Massacre Museumr (Sunday, March 20, 2011)/"", /""files/"": [/""grinnell_11286_MODS.xml/"", /""grinnell_11286_RELS-EXT.rdf/""]}, {/""pid/"": /""grinnell:11287/"", /""title/"": /""Johns Hopkins - Nanjing University Center (Tuesday, March 22, 2011)/"", /""files/"": [/""grinnell_11287_MODS.xml/"", /""grinnell_11287_RELS-EXT.rdf/""]}, {/""pid/"": /""grinnell:11290/"", /""title/"": /""Kids... (Sunday, March 20, 2011)/"", /""files/"": [/""grinnell_11290_MODS.xml/"", /""grinnell_11290_RELS-EXT.rdf/""]}, {/""pid/"": /""grinnell:11293/"", /""title/"": /""Eating in Nanjing (Thursday, March 31, 2011)/"", /""files/"": [/""grinnell_11293_MODS.xml/"", /""grinnell_11293_RELS-EXT.rdf/""]}], /""paren/"": {/""pid/"": /""grinnell:5000/"", /""title/"": /""China Adventure - A Blog by Professor Daniel Kaiser/"", /""files/"": [/""grinnell_5000_MODS.xml/"", /""grinnell_5000_RELS-EXT.rdf/""]}}"
,,991011507139404641,991011507139404641,parent: grinnell:5000,China Adventure - A Blog by Professor Daniel Kaiser,,,grinnell:5000; grinnell:5000; http://hdl.handle.net/11084/5000; alma:01GCL_INST/bibs/991011507139404641,http://hdl.handle.net/11084/5000,"China Adventure - A Blog by Professor Daniel Kaiser (compound); Our First Few Days In China (Sunday, January 23, 2011) (text); Wedding Festivities, Part 1 (Wednesday, February 9, 2011) (text); Wedding, Part 2 (Friday, February 11, 2011) (text); Wedding, Part 3 (Saturday, February 12, 2011) (text); Wedding; the Guests (Monday, February 14, 2011) (text); Guilin (Wednesday, February 16, 2011) (text); What's to see in China? ...Did you say 'IKEA?/"" (Monday, February 21, 2011) (text); Buildings and history... (Wednesday, February 23, 2011) (text); Home Away From Home (Thursday, February 24, 2011) (text); In China, It's already February 26 - My Mother's Birthday (Friday, February 25, 2011) (text); Teaching Begins (Monday, February 28, 2011) (text); Teaching, 2 (Tuesday, March 1, 2011) (text); Plum Blossom Festival (Friday, March 4, 2011) (text); Nanjing Normal University (Friday, March 4, 2011) (text); What's to see in China? Tall Buildings! (text); Student Life at Nanjing University (Gulou) (Tuesday, March 8, 2011) (text); Roman Catholic Church in Nanjing (Wednesday, March 9, 2011) (text); A Sidelight - masks (Saturday, March 12, 2011) (text); What would Mao Say? (Monday, March 14, 2011) (text); Anticipating Cernobyl's 25th Anniversary (Tuesday, March 15, 2011) (text); Xianlin campus, Nanjing University (Wednesday, March 16, 2011) (text); St. Paul's Church, Nanjing (Friday, March 18, 2011) (text); Nanjing's metro (Saturday, March 19, 2011) (text); Nanjing Massacre Museumr (Sunday, March 20, 2011) (text); Johns Hopkins - Nanjing University Center (Tuesday, March 22, 2011) (text); Kids... (Sunday, March 20, 2011) (text); Eating in Nanjing (Thursday, March 31, 2011) (text)","Kaiser, Daniel H. (Faculty/Staff)",Grinnell College. History,China,,,,,,,,,,,,,"While teaching in Nanjing, Daniel Kaiser, Professor Emeritus of History, kept a blog entitled /""China Adventure/"" that stretched from travel preparations in mid-January to his return to Iowa in late March. Some posts relate directly to teaching and the university; other posts touch on life in China; and several describe the wedding of Dan's son, Andrew (GC 2004).",,,"While teaching in Nanjing, Daniel Kaiser, Professor Emeritus of History, kept a blog entitled /""China Adventure/""",Grinnell College,Grinnell College,2011,2011,2011,,,compound,born digital,27 objects,27 objects,,,,English,,Faculty Scholarship,Faculty Scholarship,Faculty Scholarship,,Nanjing Shi (China),,2011,"Copyright to this work is held by the author(s), in accordance with United States copyright law (USC 17). Readers of this work have certain rights as defined by the law, including but not limited to fair use (17 USC 107 et seq.).",,,,,,,,,,,,,,0242  https://docs.google.com/spreadsheets/d/1JzW8TGU8qJlBAlyoMyDS1mkLTGoaLrsCzVtwQo-4JlU/edit?usp=sharing,"{/""worksheet/"": /""https://docs.google.com/spreadsheets/d/1JzW8TGU8qJlBAlyoMyDS1mkLTGoaLrsCzVtwQo-4JlU#gid=1570273558/"", /""directory/"": /""smb://storage/mediadb/DGingest/Migration-to-Alma/exports/faculty-scholarship/"", /""children/"": [{/""pid/"": /""grinnell:11336/"", /""title/"": /""Our First Few Days In China (Sunday, January 23, 2011)/"", /""files/"": [/""grinnell_11336_MODS.xml/"", /""grinnell_11336_RELS-EXT.rdf/""]}, {/""pid/"": /""grinnell:11243/"", /""title/"": /""Wedding Festivities, Part 1 (Wednesday, February 9, 2011)/"", /""files/"": [/""grinnell_11243_MODS.xml/"", /""grinnell_11243_RELS-EXT.rdf/""]}, {/""pid/"": /""grinnell:11244/"", /""title/"": /""Wedding, Part 2 (Friday, February 11, 2011)/"", /""files/"": [/""grinnell_11244_MODS.xml/"", /""grinnell_11244_RELS-EXT.rdf/""]}, {/""pid/"": /""grinnell:11247/"", /""title/"": /""Wedding, Part 3 (Saturday, February 12, 2011)/"", /""files/"": [/""grinnell_11247_MODS.xml/"", /""grinnell_11247_RELS-EXT.rdf/""]}, {/""pid/"": /""grinnell:11250/"", /""title/"": /""Wedding; the Guests (Monday, February 14, 2011)/"", /""files/"": [/""grinnell_11250_MODS.xml/"", /""grinnell_11250_RELS-EXT.rdf/""]}, {/""pid/"": /""grinnell:11251/"", /""title/"": /""Guilin (Wednesday, February 16, 2011)/"", /""files/"": [/""grinnell_11251_MODS.xml/"", /""grinnell_11251_RELS-EXT.rdf/""]}, {/""pid/"": /""grinnell:11252/"", /""title/"": /""What's to see in China? ...Did you say 'IKEA?\\/"" (Monday, February 21, 2011)/"", /""files/"": [/""grinnell_11252_MODS.xml/"", /""grinnell_11252_RELS-EXT.rdf/""]}, {/""pid/"": /""grinnell:11253/"", /""title/"": /""Buildings and history... (Wednesday, February 23, 2011)/"", /""files/"": [/""grinnell_11253_MODS.xml/"", /""grinnell_11253_RELS-EXT.rdf/""]}, {/""pid/"": /""grinnell:11254/"", /""title/"": /""Home Away From Home (Thursday, February 24, 2011)/"", /""files/"": [/""grinnell_11254_MODS.xml/"", /""grinnell_11254_RELS-EXT.rdf/""]}, {/""pid/"": /""grinnell:11257/"", /""title/"": /""In China, It's already February 26 - My Mother's Birthday (Friday, February 25, 2011)/"", /""files/"": [/""grinnell_11257_MODS.xml/"", /""grinnell_11257_RELS-EXT.rdf/""]}, {/""pid/"": /""grinnell:11260/"", /""title/"": /""Teaching Begins (Monday, February 28, 2011)/"", /""files/"": [/""grinnell_11260_MODS.xml/"", /""grinnell_11260_RELS-EXT.rdf/""]}, {/""pid/"": /""grinnell:11262/"", /""title/"": /""Teaching, 2 (Tuesday, March 1, 2011)/"", /""files/"": [/""grinnell_11262_MODS.xml/"", /""grinnell_11262_RELS-EXT.rdf/""]}, {/""pid/"": /""grinnell:11267/"", /""title/"": /""Plum Blossom Festival (Friday, March 4, 2011)/"", /""files/"": [/""grinnell_11267_MODS.xml/"", /""grinnell_11267_RELS-EXT.rdf/""]}, {/""pid/"": /""grinnell:11268/"", /""title/"": /""Nanjing Normal University (Friday, March 4, 2011)/"", /""files/"": [/""grinnell_11268_MODS.xml/"", /""grinnell_11268_RELS-EXT.rdf/""]}, {/""pid/"": /""grinnell:11271/"", /""title/"": /""What's to see in China? Tall Buildings!/"", /""files/"": [/""grinnell_11271_MODS.xml/"", /""grinnell_11271_RELS-EXT.rdf/""]}, {/""pid/"": /""grinnell:11272/"", /""title/"": /""Student Life at Nanjing University (Gulou) (Tuesday, March 8, 2011)/"", /""files/"": [/""grinnell_11272_MODS.xml/"", /""grinnell_11272_RELS-EXT.rdf/""]}, {/""pid/"": /""grinnell:11275/"", /""title/"": /""Roman Catholic Church in Nanjing (Wednesday, March 9, 2011)/"", /""files/"": [/""grinnell_11275_MODS.xml/"", /""grinnell_11275_RELS-EXT.rdf/""]}, {/""pid/"": /""grinnell:11276/"", /""title/"": /""A Sidelight - masks (Saturday, March 12, 2011)/"", /""files/"": [/""grinnell_11276_MODS.xml/"", /""grinnell_11276_RELS-EXT.rdf/""]}, {/""pid/"": /""grinnell:11279/"", /""title/"": /""What would Mao Say? (Monday, March 14, 2011)/"", /""files/"": [/""grinnell_11279_MODS.xml/"", /""grinnell_11279_RELS-EXT.rdf/""]}, {/""pid/"": /""grinnell:11280/"", /""title/"": /""Anticipating Cernobyl's 25th Anniversary (Tuesday, March 15, 2011)/"", /""files/"": [/""grinnell_11280_MODS.xml/"", /""grinnell_11280_RELS-EXT.rdf/""]}, {/""pid/"": /""grinnell:11281/"", /""title/"": /""Xianlin campus, Nanjing University (Wednesday, March 16, 2011)/"", /""files/"": [/""grinnell_11281_MODS.xml/"", /""grinnell_11281_RELS-EXT.rdf/""]}, {/""pid/"": /""grinnell:11282/"", /""title/"": /""St. Paul's Church, Nanjing (Friday, March 18, 2011)/"", /""files/"": [/""grinnell_11282_MODS.xml/"", /""grinnell_11282_RELS-EXT.rdf/""]}, {/""pid/"": /""grinnell:11283/"", /""title/"": /""Nanjing's metro (Saturday, March 19, 2011)/"", /""files/"": [/""grinnell_11283_MODS.xml/"", /""grinnell_11283_RELS-EXT.rdf/""]}, {/""pid/"": /""grinnell:11286/"", /""title/"": /""Nanjing Massacre Museumr (Sunday, March 20, 2011)/"", /""files/"": [/""grinnell_11286_MODS.xml/"", /""grinnell_11286_RELS-EXT.rdf/""]}, {/""pid/"": /""grinnell:11287/"", /""title/"": /""Johns Hopkins - Nanjing University Center (Tuesday, March 22, 2011)/"", /""files/"": [/""grinnell_11287_MODS.xml/"", /""grinnell_11287_RELS-EXT.rdf/""]}, {/""pid/"": /""grinnell:11290/"", /""title/"": /""Kids... (Sunday, March 20, 2011)/"", /""files/"": [/""grinnell_11290_MODS.xml/"", /""grinnell_11290_RELS-EXT.rdf/""]}, {/""pid/"": /""grinnell:11293/"", /""title/"": /""Eating in Nanjing (Thursday, March 31, 2011)/"", /""files/"": [/""grinnell_11293_MODS.xml/"", /""grinnell_11293_RELS-EXT.rdf/""]}], /""paren/"": {/""pid/"": /""grinnell:5000/"", /""title/"": /""China Adventure - A Blog by Professor Daniel Kaiser/"", /""files/"": [/""grinnell_5000_MODS.xml/"", /""grinnell_5000_RELS-EXT.rdf/""]}}"
,,991011507139404641,991011507139404641,parent: grinnell:5000,China Adventure - A Blog by Professor Daniel Kaiser,,,grinnell:5000; grinnell:5000; http://hdl.handle.net/11084/5000; alma:01GCL_INST/bibs/991011507139404641,http://hdl.handle.net/11084/5000,"China Adventure - A Blog by Professor Daniel Kaiser (compound); Our First Few Days In China (Sunday, January 23, 2011) (text); Wedding Festivities, Part 1 (Wednesday, February 9, 2011) (text); Wedding, Part 2 (Friday, February 11, 2011) (text); Wedding, Part 3 (Saturday, February 12, 2011) (text); Wedding; the Guests (Monday, February 14, 2011) (text); Guilin (Wednesday, February 16, 2011) (text); What's to see in China? ...Did you say 'IKEA?/"" (Monday, February 21, 2011) (text); Buildings and history... (Wednesday, February 23, 2011) (text); Home Away From Home (Thursday, February 24, 2011) (text); In China, It's already February 26 - My Mother's Birthday (Friday, February 25, 2011) (text); Teaching Begins (Monday, February 28, 2011) (text); Teaching, 2 (Tuesday, March 1, 2011) (text); Plum Blossom Festival (Friday, March 4, 2011) (text); Nanjing Normal University (Friday, March 4, 2011) (text); What's to see in China? Tall Buildings! (text); Student Life at Nanjing University (Gulou) (Tuesday, March 8, 2011) (text); Roman Catholic Church in Nanjing (Wednesday, March 9, 2011) (text); A Sidelight - masks (Saturday, March 12, 2011) (text); What would Mao Say? (Monday, March 14, 2011) (text); Anticipating Cernobyl's 25th Anniversary (Tuesday, March 15, 2011) (text); Xianlin campus, Nanjing University (Wednesday, March 16, 2011) (text); St. Paul's Church, Nanjing (Friday, March 18, 2011) (text); Nanjing's metro (Saturday, March 19, 2011) (text); Nanjing Massacre Museumr (Sunday, March 20, 2011) (text); Johns Hopkins - Nanjing University Center (Tuesday, March 22, 2011) (text); Kids... (Sunday, March 20, 2011) (text); Eating in Nanjing (Thursday, March 31, 2011) (text)","Kaiser, Daniel H. (Faculty/Staff)",Grinnell College. History,China,,,,,,,,,,,,,"While teaching in Nanjing, Daniel Kaiser, Professor Emeritus of History, kept a blog entitled /""China Adventure/"" that stretched from travel preparations in mid-January to his return to Iowa in late March. Some posts relate directly to teaching and the university; other posts touch on life in China; and several describe the wedding of Dan's son, Andrew (GC 2004).",,,"While teaching in Nanjing, Daniel Kaiser, Professor Emeritus of History, kept a blog entitled /""China Adventure/""",Grinnell College,Grinnell College,2011,2011,2011,,,compound,born digital,27 objects,27 objects,,,,English,,Faculty Scholarship,Faculty Scholarship,Faculty Scholarship,,Nanjing Shi (China),,2011,"Copyright to this work is held by the author(s), in accordance with United States copyright law (USC 17). Readers of this work have certain rights as defined by the law, including but not limited to fair use (17 USC 107 et seq.).",,,,,,,,,,,,,,0242  https://docs.google.com/spreadsheets/d/1JzW8TGU8qJlBAlyoMyDS1mkLTGoaLrsCzVtwQo-4JlU/edit?usp=sharing,"{/""worksheet/"": /""https://docs.google.com/spreadsheets/d/1JzW8TGU8qJlBAlyoMyDS1mkLTGoaLrsCzVtwQo-4JlU#gid=1570273558/"", /""directory/"": /""smb://storage/mediadb/DGingest/Migration-to-Alma/exports/faculty-scholarship/"", /""children/"": [{/""pid/"": /""grinnell:11336/"", /""title/"": /""Our First Few Days In China (Sunday, January 23, 2011)/"", /""files/"": [/""grinnell_11336_MODS.xml/"", /""grinnell_11336_RELS-EXT.rdf/""]}, {/""pid/"": /""grinnell:11243/"", /""title/"": /""Wedding Festivities, Part 1 (Wednesday, February 9, 2011)/"", /""files/"": [/""grinnell_11243_MODS.xml/"", /""grinnell_11243_RELS-EXT.rdf/""]}, {/""pid/"": /""grinnell:11244/"", /""title/"": /""Wedding, Part 2 (Friday, February 11, 2011)/"", /""files/"": [/""grinnell_11244_MODS.xml/"", /""grinnell_11244_RELS-EXT.rdf/""]}, {/""pid/"": /""grinnell:11247/"", /""title/"": /""Wedding, Part 3 (Saturday, February 12, 2011)/"", /""files/"": [/""grinnell_11247_MODS.xml/"", /""grinnell_11247_RELS-EXT.rdf/""]}, {/""pid/"": /""grinnell:11250/"", /""title/"": /""Wedding; the Guests (Monday, February 14, 2011)/"", /""files/"": [/""grinnell_11250_MODS.xml/"", /""grinnell_11250_RELS-EXT.rdf/""]}, {/""pid/"": /""grinnell:11251/"", /""title/"": /""Guilin (Wednesday, February 16, 2011)/"", /""files/"": [/""grinnell_11251_MODS.xml/"", /""grinnell_11251_RELS-EXT.rdf/""]}, {/""pid/"": /""grinnell:11252/"", /""title/"": /""What's to see in China? ...Did you say 'IKEA?\\/"" (Monday, February 21, 2011)/"", /""files/"": [/""grinnell_11252_MODS.xml/"", /""grinnell_11252_RELS-EXT.rdf/""]}, {/""pid/"": /""grinnell:11253/"", /""title/"": /""Buildings and history... (Wednesday, February 23, 2011)/"", /""files/"": [/""grinnell_11253_MODS.xml/"", /""grinnell_11253_RELS-EXT.rdf/""]}, {/""pid/"": /""grinnell:11254/"", /""title/"": /""Home Away From Home (Thursday, February 24, 2011)/"", /""files/"": [/""grinnell_11254_MODS.xml/"", /""grinnell_11254_RELS-EXT.rdf/""]}, {/""pid/"": /""grinnell:11257/"", /""title/"": /""In China, It's already February 26 - My Mother's Birthday (Friday, February 25, 2011)/"", /""files/"": [/""grinnell_11257_MODS.xml/"", /""grinnell_11257_RELS-EXT.rdf/""]}, {/""pid/"": /""grinnell:11260/"", /""title/"": /""Teaching Begins (Monday, February 28, 2011)/"", /""files/"": [/""grinnell_11260_MODS.xml/"", /""grinnell_11260_RELS-EXT.rdf/""]}, {/""pid/"": /""grinnell:11262/"", /""title/"": /""Teaching, 2 (Tuesday, March 1, 2011)/"", /""files/"": [/""grinnell_11262_MODS.xml/"", /""grinnell_11262_RELS-EXT.rdf/""]}, {/""pid/"": /""grinnell:11267/"", /""title/"": /""Plum Blossom Festival (Friday, March 4, 2011)/"", /""files/"": [/""grinnell_11267_MODS.xml/"", /""grinnell_11267_RELS-EXT.rdf/""]}, {/""pid/"": /""grinnell:11268/"", /""title/"": /""Nanjing Normal University (Friday, March 4, 2011)/"", /""files/"": [/""grinnell_11268_MODS.xml/"", /""grinnell_11268_RELS-EXT.rdf/""]}, {/""pid/"": /""grinnell:11271/"", /""title/"": /""What's to see in China? Tall Buildings!/"", /""files/"": [/""grinnell_11271_MODS.xml/"", /""grinnell_11271_RELS-EXT.rdf/""]}, {/""pid/"": /""grinnell:11272/"", /""title/"": /""Student Life at Nanjing University (Gulou) (Tuesday, March 8, 2011)/"", /""files/"": [/""grinnell_11272_MODS.xml/"", /""grinnell_11272_RELS-EXT.rdf/""]}, {/""pid/"": /""grinnell:11275/"", /""title/"": /""Roman Catholic Church in Nanjing (Wednesday, March 9, 2011)/"", /""files/"": [/""grinnell_11275_MODS.xml/"", /""grinnell_11275_RELS-EXT.rdf/""]}, {/""pid/"": /""grinnell:11276/"", /""title/"": /""A Sidelight - masks (Saturday, March 12, 2011)/"", /""files/"": [/""grinnell_11276_MODS.xml/"", /""grinnell_11276_RELS-EXT.rdf/""]}, {/""pid/"": /""grinnell:11279/"", /""title/"": /""What would Mao Say? (Monday, March 14, 2011)/"", /""files/"": [/""grinnell_11279_MODS.xml/"", /""grinnell_11279_RELS-EXT.rdf/""]}, {/""pid/"": /""grinnell:11280/"", /""title/"": /""Anticipating Cernobyl's 25th Anniversary (Tuesday, March 15, 2011)/"", /""files/"": [/""grinnell_11280_MODS.xml/"", /""grinnell_11280_RELS-EXT.rdf/""]}, {/""pid/"": /""grinnell:11281/"", /""title/"": /""Xianlin campus, Nanjing University (Wednesday, March 16, 2011)/"", /""files/"": [/""grinnell_11281_MODS.xml/"", /""grinnell_11281_RELS-EXT.rdf/""]}, {/""pid/"": /""grinnell:11282/"", /""title/"": /""St. Paul's Church, Nanjing (Friday, March 18, 2011)/"", /""files/"": [/""grinnell_11282_MODS.xml/"", /""grinnell_11282_RELS-EXT.rdf/""]}, {/""pid/"": /""grinnell:11283/"", /""title/"": /""Nanjing's metro (Saturday, March 19, 2011)/"", /""files/"": [/""grinnell_11283_MODS.xml/"", /""grinnell_11283_RELS-EXT.rdf/""]}, {/""pid/"": /""grinnell:11286/"", /""title/"": /""Nanjing Massacre Museumr (Sunday, March 20, 2011)/"", /""files/"": [/""grinnell_11286_MODS.xml/"", /""grinnell_11286_RELS-EXT.rdf/""]}, {/""pid/"": /""grinnell:11287/"", /""title/"": /""Johns Hopkins - Nanjing University Center (Tuesday, March 22, 2011)/"", /""files/"": [/""grinnell_11287_MODS.xml/"", /""grinnell_11287_RELS-EXT.rdf/""]}, {/""pid/"": /""grinnell:11290/"", /""title/"": /""Kids... (Sunday, March 20, 2011)/"", /""files/"": [/""grinnell_11290_MODS.xml/"", /""grinnell_11290_RELS-EXT.rdf/""]}, {/""pid/"": /""grinnell:11293/"", /""title/"": /""Eating in Nanjing (Thursday, March 31, 2011)/"", /""files/"": [/""grinnell_11293_MODS.xml/"", /""grinnell_11293_RELS-EXT.rdf/""]}], /""paren/"": {/""pid/"": /""grinnell:5000/"", /""title/"": /""China Adventure - A Blog by Professor Daniel Kaiser/"", /""files/"": [/""grinnell_5000_MODS.xml/"", /""grinnell_5000_RELS-EXT.rdf/""]}}"
,,991011507139404641,991011507139404641,parent: grinnell:5000,China Adventure - A Blog by Professor Daniel Kaiser,,,grinnell:5000; grinnell:5000; http://hdl.handle.net/11084/5000; alma:01GCL_INST/bibs/991011507139404641,http://hdl.handle.net/11084/5000,"China Adventure - A Blog by Professor Daniel Kaiser (compound); Our First Few Days In China (Sunday, January 23, 2011) (text); Wedding Festivities, Part 1 (Wednesday, February 9, 2011) (text); Wedding, Part 2 (Friday, February 11, 2011) (text); Wedding, Part 3 (Saturday, February 12, 2011) (text); Wedding; the Guests (Monday, February 14, 2011) (text); Guilin (Wednesday, February 16, 2011) (text); What's to see in China? ...Did you say 'IKEA?/"" (Monday, February 21, 2011) (text); Buildings and history... (Wednesday, February 23, 2011) (text); Home Away From Home (Thursday, February 24, 2011) (text); In China, It's already February 26 - My Mother's Birthday (Friday, February 25, 2011) (text); Teaching Begins (Monday, February 28, 2011) (text); Teaching, 2 (Tuesday, March 1, 2011) (text); Plum Blossom Festival (Friday, March 4, 2011) (text); Nanjing Normal University (Friday, March 4, 2011) (text); What's to see in China? Tall Buildings! (text); Student Life at Nanjing University (Gulou) (Tuesday, March 8, 2011) (text); Roman Catholic Church in Nanjing (Wednesday, March 9, 2011) (text); A Sidelight - masks (Saturday, March 12, 2011) (text); What would Mao Say? (Monday, March 14, 2011) (text); Anticipating Cernobyl's 25th Anniversary (Tuesday, March 15, 2011) (text); Xianlin campus, Nanjing University (Wednesday, March 16, 2011) (text); St. Paul's Church, Nanjing (Friday, March 18, 2011) (text); Nanjing's metro (Saturday, March 19, 2011) (text); Nanjing Massacre Museumr (Sunday, March 20, 2011) (text); Johns Hopkins - Nanjing University Center (Tuesday, March 22, 2011) (text); Kids... (Sunday, March 20, 2011) (text); Eating in Nanjing (Thursday, March 31, 2011) (text)","Kaiser, Daniel H. (Faculty/Staff)",Grinnell College. History,China,,,,,,,,,,,,,"While teaching in Nanjing, Daniel Kaiser, Professor Emeritus of History, kept a blog entitled /""China Adventure/"" that stretched from travel preparations in mid-January to his return to Iowa in late March. Some posts relate directly to teaching and the university; other posts touch on life in China; and several describe the wedding of Dan's son, Andrew (GC 2004).",,,"While teaching in Nanjing, Daniel Kaiser, Professor Emeritus of History, kept a blog entitled /""China Adventure/""",Grinnell College,Grinnell College,2011,2011,2011,,,compound,born digital,27 objects,27 objects,,,,English,,Faculty Scholarship,Faculty Scholarship,Faculty Scholarship,,Nanjing Shi (China),,2011,"Copyright to this work is held by the author(s), in accordance with United States copyright law (USC 17). Readers of this work have certain rights as defined by the law, including but not limited to fair use (17 USC 107 et seq.).",,,,,,,,,,,,,,0242  https://docs.google.com/spreadsheets/d/1JzW8TGU8qJlBAlyoMyDS1mkLTGoaLrsCzVtwQo-4JlU/edit?usp=sharing,"{/""worksheet/"": /""https://docs.google.com/spreadsheets/d/1JzW8TGU8qJlBAlyoMyDS1mkLTGoaLrsCzVtwQo-4JlU#gid=1570273558/"", /""directory/"": /""smb://storage/mediadb/DGingest/Migration-to-Alma/exports/faculty-scholarship/"", /""children/"": [{/""pid/"": /""grinnell:11336/"", /""title/"": /""Our First Few Days In China (Sunday, January 23, 2011)/"", /""files/"": [/""grinnell_11336_MODS.xml/"", /""grinnell_11336_RELS-EXT.rdf/""]}, {/""pid/"": /""grinnell:11243/"", /""title/"": /""Wedding Festivities, Part 1 (Wednesday, February 9, 2011)/"", /""files/"": [/""grinnell_11243_MODS.xml/"", /""grinnell_11243_RELS-EXT.rdf/""]}, {/""pid/"": /""grinnell:11244/"", /""title/"": /""Wedding, Part 2 (Friday, February 11, 2011)/"", /""files/"": [/""grinnell_11244_MODS.xml/"", /""grinnell_11244_RELS-EXT.rdf/""]}, {/""pid/"": /""grinnell:11247/"", /""title/"": /""Wedding, Part 3 (Saturday, February 12, 2011)/"", /""files/"": [/""grinnell_11247_MODS.xml/"", /""grinnell_11247_RELS-EXT.rdf/""]}, {/""pid/"": /""grinnell:11250/"", /""title/"": /""Wedding; the Guests (Monday, February 14, 2011)/"", /""files/"": [/""grinnell_11250_MODS.xml/"", /""grinnell_11250_RELS-EXT.rdf/""]}, {/""pid/"": /""grinnell:11251/"", /""title/"": /""Guilin (Wednesday, February 16, 2011)/"", /""files/"": [/""grinnell_11251_MODS.xml/"", /""grinnell_11251_RELS-EXT.rdf/""]}, {/""pid/"": /""grinnell:11252/"", /""title/"": /""What's to see in China? ...Did you say 'IKEA?\\/"" (Monday, February 21, 2011)/"", /""files/"": [/""grinnell_11252_MODS.xml/"", /""grinnell_11252_RELS-EXT.rdf/""]}, {/""pid/"": /""grinnell:11253/"", /""title/"": /""Buildings and history... (Wednesday, February 23, 2011)/"", /""files/"": [/""grinnell_11253_MODS.xml/"", /""grinnell_11253_RELS-EXT.rdf/""]}, {/""pid/"": /""grinnell:11254/"", /""title/"": /""Home Away From Home (Thursday, February 24, 2011)/"", /""files/"": [/""grinnell_11254_MODS.xml/"", /""grinnell_11254_RELS-EXT.rdf/""]}, {/""pid/"": /""grinnell:11257/"", /""title/"": /""In China, It's already February 26 - My Mother's Birthday (Friday, February 25, 2011)/"", /""files/"": [/""grinnell_11257_MODS.xml/"", /""grinnell_11257_RELS-EXT.rdf/""]}, {/""pid/"": /""grinnell:11260/"", /""title/"": /""Teaching Begins (Monday, February 28, 2011)/"", /""files/"": [/""grinnell_11260_MODS.xml/"", /""grinnell_11260_RELS-EXT.rdf/""]}, {/""pid/"": /""grinnell:11262/"", /""title/"": /""Teaching, 2 (Tuesday, March 1, 2011)/"", /""files/"": [/""grinnell_11262_MODS.xml/"", /""grinnell_11262_RELS-EXT.rdf/""]}, {/""pid/"": /""grinnell:11267/"", /""title/"": /""Plum Blossom Festival (Friday, March 4, 2011)/"", /""files/"": [/""grinnell_11267_MODS.xml/"", /""grinnell_11267_RELS-EXT.rdf/""]}, {/""pid/"": /""grinnell:11268/"", /""title/"": /""Nanjing Normal University (Friday, March 4, 2011)/"", /""files/"": [/""grinnell_11268_MODS.xml/"", /""grinnell_11268_RELS-EXT.rdf/""]}, {/""pid/"": /""grinnell:11271/"", /""title/"": /""What's to see in China? Tall Buildings!/"", /""files/"": [/""grinnell_11271_MODS.xml/"", /""grinnell_11271_RELS-EXT.rdf/""]}, {/""pid/"": /""grinnell:11272/"", /""title/"": /""Student Life at Nanjing University (Gulou) (Tuesday, March 8, 2011)/"", /""files/"": [/""grinnell_11272_MODS.xml/"", /""grinnell_11272_RELS-EXT.rdf/""]}, {/""pid/"": /""grinnell:11275/"", /""title/"": /""Roman Catholic Church in Nanjing (Wednesday, March 9, 2011)/"", /""files/"": [/""grinnell_11275_MODS.xml/"", /""grinnell_11275_RELS-EXT.rdf/""]}, {/""pid/"": /""grinnell:11276/"", /""title/"": /""A Sidelight - masks (Saturday, March 12, 2011)/"", /""files/"": [/""grinnell_11276_MODS.xml/"", /""grinnell_11276_RELS-EXT.rdf/""]}, {/""pid/"": /""grinnell:11279/"", /""title/"": /""What would Mao Say? (Monday, March 14, 2011)/"", /""files/"": [/""grinnell_11279_MODS.xml/"", /""grinnell_11279_RELS-EXT.rdf/""]}, {/""pid/"": /""grinnell:11280/"", /""title/"": /""Anticipating Cernobyl's 25th Anniversary (Tuesday, March 15, 2011)/"", /""files/"": [/""grinnell_11280_MODS.xml/"", /""grinnell_11280_RELS-EXT.rdf/""]}, {/""pid/"": /""grinnell:11281/"", /""title/"": /""Xianlin campus, Nanjing University (Wednesday, March 16, 2011)/"", /""files/"": [/""grinnell_11281_MODS.xml/"", /""grinnell_11281_RELS-EXT.rdf/""]}, {/""pid/"": /""grinnell:11282/"", /""title/"": /""St. Paul's Church, Nanjing (Friday, March 18, 2011)/"", /""files/"": [/""grinnell_11282_MODS.xml/"", /""grinnell_11282_RELS-EXT.rdf/""]}, {/""pid/"": /""grinnell:11283/"", /""title/"": /""Nanjing's metro (Saturday, March 19, 2011)/"", /""files/"": [/""grinnell_11283_MODS.xml/"", /""grinnell_11283_RELS-EXT.rdf/""]}, {/""pid/"": /""grinnell:11286/"", /""title/"": /""Nanjing Massacre Museumr (Sunday, March 20, 2011)/"", /""files/"": [/""grinnell_11286_MODS.xml/"", /""grinnell_11286_RELS-EXT.rdf/""]}, {/""pid/"": /""grinnell:11287/"", /""title/"": /""Johns Hopkins - Nanjing University Center (Tuesday, March 22, 2011)/"", /""files/"": [/""grinnell_11287_MODS.xml/"", /""grinnell_11287_RELS-EXT.rdf/""]}, {/""pid/"": /""grinnell:11290/"", /""title/"": /""Kids... (Sunday, March 20, 2011)/"", /""files/"": [/""grinnell_11290_MODS.xml/"", /""grinnell_11290_RELS-EXT.rdf/""]}, {/""pid/"": /""grinnell:11293/"", /""title/"": /""Eating in Nanjing (Thursday, March 31, 2011)/"", /""files/"": [/""grinnell_11293_MODS.xml/"", /""grinnell_11293_RELS-EXT.rdf/""]}], /""paren/"": {/""pid/"": /""grinnell:5000/"", /""title/"": /""China Adventure - A Blog by Professor Daniel Kaiser/"", /""files/"": [/""grinnell_5000_MODS.xml/"", /""grinnell_5000_RELS-EXT.rdf/""]}}"
,,991011507139504641,991011507139504641,,Alternative Introductions to Applied Statistics for Mathematics Students,Technical Report No. 90-008,,grinnell:26691; grinnell:26691; http://hdl.handle.net/11084/26691; alma:01GCL_INST/bibs/991011507139504641,http://hdl.handle.net/11084/26691,,"Lock, Robin H.","Moore, Thomas L., Ph. D. (Faculty/Staff); Grinnell College. Mathematics and Statistics",Statistics in the Liberal Arts Workshop (SLAW),,,,,,,,,,,,,Statistics in the Liberal Arts Workshop (SLAW) workshop held in the Summer of 1991 and supported by the Exxon Corporation,,,"At many colleges a typical mathematics student's introduction to the field of statistics consists of the standard two semester sequence in Probability and Statistics. Indeed, at many smaller colleges, there are the only courses in statistics available for credit towards a math major. A group of statistics educators, with support from the Sloan Foundation's New Liberal Arts Program, has been investigating alternatives to this approach. Our goal is to capture the interest of  mathematically talented students and encourage them to pursue further work in statistics. We believe that this goal can be addressed by developing an applied statistics course which exposes students more quickly to the joys of data analysis, emphasizes the applications of statistics, and utilizes their ability/interest in mathematics. The need for such an alternative course, potential pitfalls in its development, and several specific models for its implementation will be discussed.",Grinnell College,Grinnell College,1991,1991,1991,,,essays,digitized other analog,,,,,,English,,Faculty Scholarship,Faculty Scholarship,Faculty Scholarship,,,,,"Copyright to this work is held by the author(s), in accordance with United States copyright law (USC 17). Readers of this work have certain rights as defined by the law, including but not limited to fair use (17 USC 107 et seq.).",,,,,,,,,,,,,,0165  https://docs.google.com/spreadsheets/d/1JzW8TGU8qJlBAlyoMyDS1mkLTGoaLrsCzVtwQo-4JlU/edit?usp=sharing,"{/""worksheet/"": /""https://docs.google.com/spreadsheets/d/1JzW8TGU8qJlBAlyoMyDS1mkLTGoaLrsCzVtwQo-4JlU#gid=1570273558/"", /""directory/"": /""smb://storage/mediadb/DGingest/Migration-to-Alma/exports/faculty-scholarship/"", /""object/"": {/""pid/"": /""grinnell:26691/"", /""title/"": /""Alternative Introductions to Applied Statistics for Mathematics Students/"", /""files/"": [/""grinnell_26691_MODS.xml/"", /""grinnell_26691_RELS-EXT.rdf/""]}}"
,,991011507139604641,991011507139604641,,Lith Bibliography,,,grinnell:11683; grinnell:11683; http://hdl.handle.net/11084/11683; alma:01GCL_INST/bibs/991011507139604641,http://hdl.handle.net/11084/11683,,"Whittaker, John C. (John Charles) (Faculty/Staff)",Grinnell College. Anthropology,Lithic implements,,,,,,,,,,,,,"This is a computerization of bibliographic file cards I started keeping around 1980 for my own research, incorporating most of the references from my two books, Flintknapping: Making and Understanding Stone Tools, and American Flintknappers: Stone Age Art in the Age of Computers, plus many more. It is large but far from comprehensive, as publications with relevance to stone tool studies are literally innumerable. No mortal human could possibly read them all or would want to. Many entries are annotated, mostly notes to remember what was important in my research at the time and what I thought of an article. Comments [in brackets] thus reflect my interests and biases at some point in the last 30+ years, and I have occasionally added comments for students and others who might use this bibliography. The more recent notes tend to be longer as my memory gets shorter. Although irregular, the annotations and titles make it possible to search somewhat by key words and authors. Many of the unannotated newsletter articles are cited in my books. Articles primarily about atlatls or bows are in my Atlatl Bibliography and mostly not duplicated here. As they relate to my research projects, a few non-lithic miscellaneous experimental archaeology articles are included, some on looting, faking, archaeological politics and the antiquities market, and some archaeology related fiction.",,,A bibliography of sources used in writing Flintknapping and American Flintknappers,Grinnell College,Grinnell College,16-Jun-2015,2015,16-Jun-2015,,16-Jun-2015,text,born digital,,,,,,English,,Faculty Scholarship,Faculty Scholarship,Faculty Scholarship,,,,,"Copyright to this work is held by the author(s), in accordance with United States copyright law (USC 17). Readers of this work have certain rights as defined by the law, including but not limited to fair use (17 USC 107 et seq.).",,,,,,,,,,,,,,0082  https://docs.google.com/spreadsheets/d/1JzW8TGU8qJlBAlyoMyDS1mkLTGoaLrsCzVtwQo-4JlU/edit?usp=sharing,"{/""worksheet/"": /""https://docs.google.com/spreadsheets/d/1JzW8TGU8qJlBAlyoMyDS1mkLTGoaLrsCzVtwQo-4JlU#gid=1570273558/"", /""directory/"": /""smb://storage/mediadb/DGingest/Migration-to-Alma/exports/faculty-scholarship/"", /""object/"": {/""pid/"": /""grinnell:11683/"", /""title/"": /""Lith Bibliography/"", /""files/"": [/""grinnell_11683_MODS.xml/"", /""grinnell_11683_RELS-EXT.rdf/""]}}"
,,991011507139704641,991011507139704641,parent: grinnell:19503,Death and Ressurextion of Christi,"СМЕРТЬ И ВОСКРЕСЕНИЕ ИИСУСА ХРИСТА; Death and Resurrection of Christ, Funeral Music (Russian)",,grinnell:19503; grinnell:19503; http://hdl.handle.net/11084/19503; alma:01GCL_INST/bibs/991011507139704641,http://hdl.handle.net/11084/19503,Death and Ressurextion of Christi (compound); Part 1 (score); Part 2 (score),"Scheve, Edward Benjamin, 1865-1924 (Faculty/Staff)","Romanenko, Oleg.; Grinnell College.  Music","Death and Resurrection of Christ, Funeral Music,",,,,,,,,,,,,,,,,A manuscript score of Edward Benjamin Scheve's Death and Resurrection of Christ written in 1905 or 1906 transcribed in Russian by Oleg Romanenko in 2016.,Grinnell College,Grinnell College,2016,2016,2016,,,compound,,,,,,,Russian,,Grinnell College. Special Collections and Archives,Grinnell College. Special Collections and Archives,Grinnell College. Special Collections and Archives,,,,,"Copyright to this work is held by the author(s), in accordance with United States copyright law (USC 17). Readers of this work have certain rights as defined by the law, including but not limited to fair use (17 USC 107 et seq.).",,,,,,,,,,,,,,0108  https://docs.google.com/spreadsheets/d/1JzW8TGU8qJlBAlyoMyDS1mkLTGoaLrsCzVtwQo-4JlU/edit?usp=sharing,"{/""worksheet/"": /""https://docs.google.com/spreadsheets/d/1JzW8TGU8qJlBAlyoMyDS1mkLTGoaLrsCzVtwQo-4JlU#gid=1570273558/"", /""directory/"": /""smb://storage/mediadb/DGingest/Migration-to-Alma/exports/faculty-scholarship/"", /""children/"": [{/""pid/"": /""grinnell:19504/"", /""title/"": /""Part 1/"", /""files/"": [/""grinnell_19504_MODS.xml/"", /""grinnell_19504_RELS-EXT.rdf/""]}, {/""pid/"": /""grinnell:19505/"", /""title/"": /""Part 2/"", /""files/"": [/""grinnell_19505_MODS.xml/"", /""grinnell_19505_RELS-EXT.rdf/""]}], /""paren/"": {/""pid/"": /""grinnell:19503/"", /""title/"": /""Death and Ressurextion of Christi/"", /""files/"": [/""grinnell_19503_MODS.xml/"", /""grinnell_19503_RELS-EXT.rdf/""]}}"
,,991011507139704641,991011507139704641,parent: grinnell:19503,Death and Ressurextion of Christi,"СМЕРТЬ И ВОСКРЕСЕНИЕ ИИСУСА ХРИСТА; Death and Resurrection of Christ, Funeral Music (Russian)",,grinnell:19503; grinnell:19503; http://hdl.handle.net/11084/19503; alma:01GCL_INST/bibs/991011507139704641,http://hdl.handle.net/11084/19503,Death and Ressurextion of Christi (compound); Part 1 (score); Part 2 (score),"Scheve, Edward Benjamin, 1865-1924 (Faculty/Staff)","Romanenko, Oleg.; Grinnell College.  Music","Death and Resurrection of Christ, Funeral Music,",,,,,,,,,,,,,,,,A manuscript score of Edward Benjamin Scheve's Death and Resurrection of Christ written in 1905 or 1906 transcribed in Russian by Oleg Romanenko in 2016.,Grinnell College,Grinnell College,2016,2016,2016,,,compound,,,,,,,Russian,,Grinnell College. Special Collections and Archives,Grinnell College. Special Collections and Archives,Grinnell College. Special Collections and Archives,,,,,"Copyright to this work is held by the author(s), in accordance with United States copyright law (USC 17). Readers of this work have certain rights as defined by the law, including but not limited to fair use (17 USC 107 et seq.).",,,,,,,,,,,,,,0108  https://docs.google.com/spreadsheets/d/1JzW8TGU8qJlBAlyoMyDS1mkLTGoaLrsCzVtwQo-4JlU/edit?usp=sharing,"{/""worksheet/"": /""https://docs.google.com/spreadsheets/d/1JzW8TGU8qJlBAlyoMyDS1mkLTGoaLrsCzVtwQo-4JlU#gid=1570273558/"", /""directory/"": /""smb://storage/mediadb/DGingest/Migration-to-Alma/exports/faculty-scholarship/"", /""children/"": [{/""pid/"": /""grinnell:19504/"", /""title/"": /""Part 1/"", /""files/"": [/""grinnell_19504_MODS.xml/"", /""grinnell_19504_RELS-EXT.rdf/""]}, {/""pid/"": /""grinnell:19505/"", /""title/"": /""Part 2/"", /""files/"": [/""grinnell_19505_MODS.xml/"", /""grinnell_19505_RELS-EXT.rdf/""]}], /""paren/"": {/""pid/"": /""grinnell:19503/"", /""title/"": /""Death and Ressurextion of Christi/"", /""files/"": [/""grinnell_19503_MODS.xml/"", /""grinnell_19503_RELS-EXT.rdf/""]}}"
,,991011507139804641,991011507139804641,,Some Favorite Data Sets: Using the Computer on Real Data in Class,Technical Report No. 90-007,,grinnell:26690; grinnell:26690; http://hdl.handle.net/11084/26690; alma:01GCL_INST/bibs/991011507139804641,http://hdl.handle.net/11084/26690,,"Lock, Robin H.","Moore, Thomas L., Ph. D. (Faculty/Staff); Grinnell College. Mathematics and Statistics",Statistics in the Liberal Arts Workshop (SLAW),,,,,,,,,,,,,Statistics in the Liberal Arts Workshop (SLAW) workshop held in the Summer of 1991 and supported by the Exxon Corporation,,,Several real data sets are described and their use in a variety of applied courses at the college level are illustrated. All of the data sets are significantly large to require analysis by computer and provide a rich setting for students to investigate a variety of questions. Some different strategies for organizing student explorations of the data will be discussed.,Grinnell College,Grinnell College,1991,1991,1991,,,essays,digitized other analog,,,,,,English,,Faculty Scholarship,Faculty Scholarship,Faculty Scholarship,,,,,"Copyright to this work is held by the author(s), in accordance with United States copyright law (USC 17). Readers of this work have certain rights as defined by the law, including but not limited to fair use (17 USC 107 et seq.).",,,,,,,,,,,,,,0164  https://docs.google.com/spreadsheets/d/1JzW8TGU8qJlBAlyoMyDS1mkLTGoaLrsCzVtwQo-4JlU/edit?usp=sharing,"{/""worksheet/"": /""https://docs.google.com/spreadsheets/d/1JzW8TGU8qJlBAlyoMyDS1mkLTGoaLrsCzVtwQo-4JlU#gid=1570273558/"", /""directory/"": /""smb://storage/mediadb/DGingest/Migration-to-Alma/exports/faculty-scholarship/"", /""object/"": {/""pid/"": /""grinnell:26690/"", /""title/"": /""Some Favorite Data Sets: Using the Computer on Real Data in Class/"", /""files/"": [/""grinnell_26690_MODS.xml/"", /""grinnell_26690_RELS-EXT.rdf/""]}}"
,,991011507139904641,991011507139904641,,"Fair Wages, Worker Motivation and Implicit Bargaining Power in Segmented Labor Markets",,,grinnell:11682; grinnell:11682; http://hdl.handle.net/11084/11682; alma:01GCL_INST/bibs/991011507139904641,http://hdl.handle.net/11084/11682,,"Ferguson, William D. (Class of 1975) (Faculty/Staff)",Grinnell College. Economics,Employee motivation,,,,,,,,,,,,,"This paper addresses implicit bargaining power within employment relationships using a versatile model of labor market segmentation that combines labor discipline, performance pay, insider power, and fair wage principles. In the primary sector, fair wage comparisons, firm-specific human capital, and less perfect monitoring engender bilateral bargaining power, yielding high compensation, sometimes including a bonus. Secondary-sector employers exert unilateral bargaining power, via credible dismissal threats with no replacement costs, and offer no bonuses. Differential determinates of implicit bargaining power can potentially explain various phenomena, including nominal wage rigidity, union wage differentials, job-specific wage differentials, and gender or race-based wage differentials.",,,This paper addresses implicit bargaining power within employment relationships.,Grinnell College,Grinnell College,01-Mar-2005,2005,01-Mar-2005,,2005-03,essays,born digital,,,,,,English,,Faculty Scholarship,Faculty Scholarship,Faculty Scholarship,,,,,"Copyright to this work is held by the author(s), in accordance with United States copyright law (USC 17). Readers of this work have certain rights as defined by the law, including but not limited to fair use (17 USC 107 et seq.).",,,,,,,,,,,,,,0081  https://docs.google.com/spreadsheets/d/1JzW8TGU8qJlBAlyoMyDS1mkLTGoaLrsCzVtwQo-4JlU/edit?usp=sharing,"{/""worksheet/"": /""https://docs.google.com/spreadsheets/d/1JzW8TGU8qJlBAlyoMyDS1mkLTGoaLrsCzVtwQo-4JlU#gid=1570273558/"", /""directory/"": /""smb://storage/mediadb/DGingest/Migration-to-Alma/exports/faculty-scholarship/"", /""object/"": {/""pid/"": /""grinnell:11682/"", /""title/"": /""Fair Wages, Worker Motivation and Implicit Bargaining Power in Segmented Labor Markets/"", /""files/"": [/""grinnell_11682_MODS.xml/"", /""grinnell_11682_RELS-EXT.rdf/""]}}"
,,991011507140004641,991011507140004641,parent: grinnell:18491,The Digital Potential: Making Digital Objects More Than a TIFF Image and a MODS Record,,,grinnell:18491; grinnell:18491; http://hdl.handle.net/11084/18491; alma:01GCL_INST/bibs/991011507140004641,http://hdl.handle.net/11084/18491,The Digital Potential: Making Digital Objects More Than a TIFF Image and a MODS Record  (compound); Part 2 (essays); Part 1 (essays),"Ciota, Rebecca  (Faculty/Staff)",Grinnell College. Libraries,Collection and preservation,,,,,,,,,,,,,,,"Ciota, Rebecca. (April 2017). The Digital Potential: Making Digital Objects More Than a TIFF Image and a MODS Record. Poster presented at Electronic Resources &amp;amp; Libraries (ER&amp;L) 2017. Austin, Texas.","Many institutions digitize their physical collections. Unfortunately, once these items are digitized, they reside in a repository and act merely as digital representations of their physical counterparts. I discuss how libraries can make greater use of their homegrown electronic resources through collaborations between scholars, students, and the general community.",Grinnell College,Grinnell College,2017,2017,2017,,,compound,,,,,,,English,,Faculty Scholarship,Faculty Scholarship,Faculty Scholarship,,Grinnell (Iowa),,Twenty tens.,"Copyright to this work is held by the author(s), in accordance with United States copyright law (USC 17). Readers of this work have certain rights as defined by the law, including but not limited to fair use (17 USC 107 et seq.).",,,,,,,,,,,,,,0097  https://docs.google.com/spreadsheets/d/1JzW8TGU8qJlBAlyoMyDS1mkLTGoaLrsCzVtwQo-4JlU/edit?usp=sharing,"{/""worksheet/"": /""https://docs.google.com/spreadsheets/d/1JzW8TGU8qJlBAlyoMyDS1mkLTGoaLrsCzVtwQo-4JlU#gid=1570273558/"", /""directory/"": /""smb://storage/mediadb/DGingest/Migration-to-Alma/exports/faculty-scholarship/"", /""children/"": [{/""pid/"": /""grinnell:18492/"", /""title/"": /""Part 2/"", /""files/"": [/""grinnell_18492_MODS.xml/"", /""grinnell_18492_RELS-EXT.rdf/""]}, {/""pid/"": /""grinnell:18493/"", /""title/"": /""Part 1/"", /""files/"": [/""grinnell_18493_MODS.xml/"", /""grinnell_18493_RELS-EXT.rdf/""]}], /""paren/"": {/""pid/"": /""grinnell:18491/"", /""title/"": /""The Digital Potential: Making Digital Objects More Than a TIFF Image and a MODS Record /"", /""files/"": [/""grinnell_18491_MODS.xml/"", /""grinnell_18491_RELS-EXT.rdf/""]}}"
,,991011507140004641,991011507140004641,parent: grinnell:18491,The Digital Potential: Making Digital Objects More Than a TIFF Image and a MODS Record,,,grinnell:18491; grinnell:18491; http://hdl.handle.net/11084/18491; alma:01GCL_INST/bibs/991011507140004641,http://hdl.handle.net/11084/18491,The Digital Potential: Making Digital Objects More Than a TIFF Image and a MODS Record  (compound); Part 2 (essays); Part 1 (essays),"Ciota, Rebecca  (Faculty/Staff)",Grinnell College. Libraries,Collection and preservation,,,,,,,,,,,,,,,"Ciota, Rebecca. (April 2017). The Digital Potential: Making Digital Objects More Than a TIFF Image and a MODS Record. Poster presented at Electronic Resources &amp;amp; Libraries (ER&amp;L) 2017. Austin, Texas.","Many institutions digitize their physical collections. Unfortunately, once these items are digitized, they reside in a repository and act merely as digital representations of their physical counterparts. I discuss how libraries can make greater use of their homegrown electronic resources through collaborations between scholars, students, and the general community.",Grinnell College,Grinnell College,2017,2017,2017,,,compound,,,,,,,English,,Faculty Scholarship,Faculty Scholarship,Faculty Scholarship,,Grinnell (Iowa),,Twenty tens.,"Copyright to this work is held by the author(s), in accordance with United States copyright law (USC 17). Readers of this work have certain rights as defined by the law, including but not limited to fair use (17 USC 107 et seq.).",,,,,,,,,,,,,,0097  https://docs.google.com/spreadsheets/d/1JzW8TGU8qJlBAlyoMyDS1mkLTGoaLrsCzVtwQo-4JlU/edit?usp=sharing,"{/""worksheet/"": /""https://docs.google.com/spreadsheets/d/1JzW8TGU8qJlBAlyoMyDS1mkLTGoaLrsCzVtwQo-4JlU#gid=1570273558/"", /""directory/"": /""smb://storage/mediadb/DGingest/Migration-to-Alma/exports/faculty-scholarship/"", /""children/"": [{/""pid/"": /""grinnell:18492/"", /""title/"": /""Part 2/"", /""files/"": [/""grinnell_18492_MODS.xml/"", /""grinnell_18492_RELS-EXT.rdf/""]}, {/""pid/"": /""grinnell:18493/"", /""title/"": /""Part 1/"", /""files/"": [/""grinnell_18493_MODS.xml/"", /""grinnell_18493_RELS-EXT.rdf/""]}], /""paren/"": {/""pid/"": /""grinnell:18491/"", /""title/"": /""The Digital Potential: Making Digital Objects More Than a TIFF Image and a MODS Record /"", /""files/"": [/""grinnell_18491_MODS.xml/"", /""grinnell_18491_RELS-EXT.rdf/""]}}"
,,991011507140104641,991011507140104641,,Consulting: An Aid In Recruiting Statistics Students Or Statistical Consulting In Training Students,Technical Report No. 90-006,,grinnell:26689; grinnell:26689; http://hdl.handle.net/11084/26689; alma:01GCL_INST/bibs/991011507140104641,http://hdl.handle.net/11084/26689,,"Bentley, Donald L.; Moore, Thomas L., Ph. D. (Faculty/Staff)",Grinnell College. Mathematics and Statistics,Statistics in the Liberal Arts Workshop (SLAW),,,,,,,,,,,,,Statistics in the Liberal Arts Workshop (SLAW) workshop held in the Summer of 1991 and supported by the Exxon Corporation,,,No abstract was provided for this paper.,Grinnell College,Grinnell College,1991,1991,1991,,,essays,digitized other analog,11 pages,11 pages,,,,English,,Faculty Scholarship,Faculty Scholarship,Faculty Scholarship,,,,,"Copyright to this work is held by the author(s), in accordance with United States copyright law (USC 17). Readers of this work have certain rights as defined by the law, including but not limited to fair use (17 USC 107 et seq.).",,,,,,,,,,,,,,0163  https://docs.google.com/spreadsheets/d/1JzW8TGU8qJlBAlyoMyDS1mkLTGoaLrsCzVtwQo-4JlU/edit?usp=sharing,"{/""worksheet/"": /""https://docs.google.com/spreadsheets/d/1JzW8TGU8qJlBAlyoMyDS1mkLTGoaLrsCzVtwQo-4JlU#gid=1570273558/"", /""directory/"": /""smb://storage/mediadb/DGingest/Migration-to-Alma/exports/faculty-scholarship/"", /""object/"": {/""pid/"": /""grinnell:26689/"", /""title/"": /""Consulting: An Aid In Recruiting Statistics Students Or Statistical Consulting In Training Students/"", /""files/"": [/""grinnell_26689_MODS.xml/"", /""grinnell_26689_RELS-EXT.rdf/""]}}"
,,991011507140204641,991011507140204641,,Explaining the Rising Wage-Productivity Gap on the 1980s: Effects of Declining Employment and Unionization,,,grinnell:11680; grinnell:11680; http://hdl.handle.net/11084/11680; alma:01GCL_INST/bibs/991011507140204641,http://hdl.handle.net/11084/11680,,"Ferguson, William D. (Class of 1975) (Faculty/Staff)",Grinnell College. Economics,Employee motivation,,,,,,,,,,,,,"This paper investigates causes of the dramatic increase in the wage-productivity gap and the divergence between the growth rates of aggregate productivity and real wages - in the post-1981 period. Using a two-step estimation procedure which incorporates three-digit industry wage regression coefficients into an aggregate wage growth identity equation, it finds that employment decline within unionized industries explains 18% of the post-1981 increase in the gap and that declining union ability to raise wages may explain as much as another 25%. Imports, on the other hand, do not appear to explain the gap independently of employment effects.",,"Ferguson, William D. /""Explaining the rising wage-productivity gap of the 1980s: Effects of declining employment and unionization./"" Review of Radical Political Economics 28.2 (1996): 77-115. ~ citation",Article exploring the Wage-Productivity Gap of the 1980s.,Grinnell College,Grinnell College,1996,1996,1996,,,essays,born digital,,,,,,English,,Faculty Scholarship,Faculty Scholarship,Faculty Scholarship,,,,Nineteen eighties,"Copyright to this work is held by the author(s), in accordance with United States copyright law (USC 17). Readers of this work have certain rights as defined by the law, including but not limited to fair use (17 USC 107 et seq.).",,,,,,,,,,,,,,0080  https://docs.google.com/spreadsheets/d/1JzW8TGU8qJlBAlyoMyDS1mkLTGoaLrsCzVtwQo-4JlU/edit?usp=sharing,"{/""worksheet/"": /""https://docs.google.com/spreadsheets/d/1JzW8TGU8qJlBAlyoMyDS1mkLTGoaLrsCzVtwQo-4JlU#gid=1570273558/"", /""directory/"": /""smb://storage/mediadb/DGingest/Migration-to-Alma/exports/faculty-scholarship/"", /""object/"": {/""pid/"": /""grinnell:11680/"", /""title/"": /""Explaining the Rising Wage-Productivity Gap on the 1980s: Effects of Declining Employment and Unionization/"", /""files/"": [/""grinnell_11680_MODS.xml/"", /""grinnell_11680_RELS-EXT.rdf/""]}}"
,,991011507140304641,991011507140304641,,Union Bargaining Power in an Efficiency Wage Environment,,,grinnell:11679; grinnell:11679; http://hdl.handle.net/11084/11679; alma:01GCL_INST/bibs/991011507140304641,http://hdl.handle.net/11084/11679,,"Ferguson, William D. (Class of 1975) (Faculty/Staff)",Grinnell College. Economics,Employee motivation,,,,,,,,,,,,,"The operation of labor markets differs fundamentally from that of other markets because the commodity traded, hours of labor time, cannot be separated from human beings. Efficiency wage models, and effort-regulation (or shirking) models in particular address the issue of individual motivation by explicitly considering the influence of the wage on the worker's decision concerning the level of effort exerted. This paper offers a theoretical argument that a cost-based conception of union bargaining power is compatible with an effort-regulation/contested exchange framework.",,"Ferguson, William D. /""Union Bargaining Power in an Efficiency-Wage Environment,/"" Eastern Economic Journal, 20(4), Fall, 1994, 387-401. Stable URL: http://www.jstor.org/stable/40325593",Article about Union Bargaining Power in an efficiency wage environment,Grinnell College,Grinnell College,Fall 1994,1994,Fall 1994,,Fall 1994,essays,born digital,,,,,,English,,Faculty Scholarship,Faculty Scholarship,Faculty Scholarship,,,,,"Copyright to this work is held by the author(s), in accordance with United States copyright law (USC 17). Readers of this work have certain rights as defined by the law, including but not limited to fair use (17 USC 107 et seq.).",,,,,,,,,,,,,,0079  https://docs.google.com/spreadsheets/d/1JzW8TGU8qJlBAlyoMyDS1mkLTGoaLrsCzVtwQo-4JlU/edit?usp=sharing,"{/""worksheet/"": /""https://docs.google.com/spreadsheets/d/1JzW8TGU8qJlBAlyoMyDS1mkLTGoaLrsCzVtwQo-4JlU#gid=1570273558/"", /""directory/"": /""smb://storage/mediadb/DGingest/Migration-to-Alma/exports/faculty-scholarship/"", /""object/"": {/""pid/"": /""grinnell:11679/"", /""title/"": /""Union Bargaining Power in an Efficiency Wage Environment/"", /""files/"": [/""grinnell_11679_MODS.xml/"", /""grinnell_11679_RELS-EXT.rdf/""]}}"
,,991011507140404641,991011507140404641,parent: grinnell:331,Organizing For The Future,,,grinnell:331; grinnell:331; http://hdl.handle.net/11084/331; alma:01GCL_INST/bibs/991011507140404641,http://hdl.handle.net/11084/331,Organizing For The Future (compound); Poster - Organizational Plan (poster); Core Competencies Spreadsheet (dataset); Job Description Questionaire (essays); Organizational Design Bibliography (essays),"Knight, R. Cecilia (Faculty/Staff)",Grinnell College. Libraries,Core competencies,,,,,,,,,,,,,"Over the past 5 years the Grinnell College Libraries has done more than make adjustments and keep up to date with changes to technologies; products; and types of materials that we are adding to our collections. Instead, we have attempted to re-create our organization for future needs.",,,Collection illustrating the process used for organizing the Grinnell C ollegeLibraries,Grinnell College,Grinnell College,26-Jun-2011,2011,26-Jun-2011,,26-Jun-2011,compound,born digital,,,,,,English,,Liberal Arts Scholarly Repository,Liberal Arts Scholarly Repository,Liberal Arts Scholarly Repository,,Grinnell (Iowa),,21st century,"Copyright to this work is held by the author(s), in accordance with United States copyright law (USC 17). Readers of this work have certain rights as defined by the law, including but not limited to fair use (17 USC 107 et seq.).",,,,,,,,,,,,,,0203  https://docs.google.com/spreadsheets/d/1JzW8TGU8qJlBAlyoMyDS1mkLTGoaLrsCzVtwQo-4JlU/edit?usp=sharing,"{/""worksheet/"": /""https://docs.google.com/spreadsheets/d/1JzW8TGU8qJlBAlyoMyDS1mkLTGoaLrsCzVtwQo-4JlU#gid=1570273558/"", /""directory/"": /""smb://storage/mediadb/DGingest/Migration-to-Alma/exports/faculty-scholarship/"", /""children/"": [{/""pid/"": /""grinnell:10420/"", /""title/"": /""Poster - Organizational Plan/"", /""files/"": [/""grinnell_10420_MODS.xml/"", /""grinnell_10420_RELS-EXT.rdf/""]}, {/""pid/"": /""grinnell:10421/"", /""title/"": /""Core Competencies Spreadsheet/"", /""files/"": [/""grinnell_10421_MODS.xml/"", /""grinnell_10421_RELS-EXT.rdf/""]}, {/""pid/"": /""grinnell:10422/"", /""title/"": /""Job Description Questionaire/"", /""files/"": [/""grinnell_10422_MODS.xml/"", /""grinnell_10422_RELS-EXT.rdf/""]}, {/""pid/"": /""grinnell:10423/"", /""title/"": /""Organizational Design Bibliography/"", /""files/"": [/""grinnell_10423_MODS.xml/"", /""grinnell_10423_RELS-EXT.rdf/""]}], /""paren/"": {/""pid/"": /""grinnell:331/"", /""title/"": /""Organizing For The Future/"", /""files/"": [/""grinnell_331_MODS.xml/"", /""grinnell_331_RELS-EXT.rdf/""]}}"
,,991011507140404641,991011507140404641,parent: grinnell:331,Organizing For The Future,,,grinnell:331; grinnell:331; http://hdl.handle.net/11084/331; alma:01GCL_INST/bibs/991011507140404641,http://hdl.handle.net/11084/331,Organizing For The Future (compound); Poster - Organizational Plan (poster); Core Competencies Spreadsheet (dataset); Job Description Questionaire (essays); Organizational Design Bibliography (essays),"Knight, R. Cecilia (Faculty/Staff)",Grinnell College. Libraries,Core competencies,,,,,,,,,,,,,"Over the past 5 years the Grinnell College Libraries has done more than make adjustments and keep up to date with changes to technologies; products; and types of materials that we are adding to our collections. Instead, we have attempted to re-create our organization for future needs.",,,Collection illustrating the process used for organizing the Grinnell C ollegeLibraries,Grinnell College,Grinnell College,26-Jun-2011,2011,26-Jun-2011,,26-Jun-2011,compound,born digital,,,,,,English,,Liberal Arts Scholarly Repository,Liberal Arts Scholarly Repository,Liberal Arts Scholarly Repository,,Grinnell (Iowa),,21st century,"Copyright to this work is held by the author(s), in accordance with United States copyright law (USC 17). Readers of this work have certain rights as defined by the law, including but not limited to fair use (17 USC 107 et seq.).",,,,,,,,,,,,,,0203  https://docs.google.com/spreadsheets/d/1JzW8TGU8qJlBAlyoMyDS1mkLTGoaLrsCzVtwQo-4JlU/edit?usp=sharing,"{/""worksheet/"": /""https://docs.google.com/spreadsheets/d/1JzW8TGU8qJlBAlyoMyDS1mkLTGoaLrsCzVtwQo-4JlU#gid=1570273558/"", /""directory/"": /""smb://storage/mediadb/DGingest/Migration-to-Alma/exports/faculty-scholarship/"", /""children/"": [{/""pid/"": /""grinnell:10420/"", /""title/"": /""Poster - Organizational Plan/"", /""files/"": [/""grinnell_10420_MODS.xml/"", /""grinnell_10420_RELS-EXT.rdf/""]}, {/""pid/"": /""grinnell:10421/"", /""title/"": /""Core Competencies Spreadsheet/"", /""files/"": [/""grinnell_10421_MODS.xml/"", /""grinnell_10421_RELS-EXT.rdf/""]}, {/""pid/"": /""grinnell:10422/"", /""title/"": /""Job Description Questionaire/"", /""files/"": [/""grinnell_10422_MODS.xml/"", /""grinnell_10422_RELS-EXT.rdf/""]}, {/""pid/"": /""grinnell:10423/"", /""title/"": /""Organizational Design Bibliography/"", /""files/"": [/""grinnell_10423_MODS.xml/"", /""grinnell_10423_RELS-EXT.rdf/""]}], /""paren/"": {/""pid/"": /""grinnell:331/"", /""title/"": /""Organizing For The Future/"", /""files/"": [/""grinnell_331_MODS.xml/"", /""grinnell_331_RELS-EXT.rdf/""]}}"
,,991011507140404641,991011507140404641,parent: grinnell:331,Organizing For The Future,,,grinnell:331; grinnell:331; http://hdl.handle.net/11084/331; alma:01GCL_INST/bibs/991011507140404641,http://hdl.handle.net/11084/331,Organizing For The Future (compound); Poster - Organizational Plan (poster); Core Competencies Spreadsheet (dataset); Job Description Questionaire (essays); Organizational Design Bibliography (essays),"Knight, R. Cecilia (Faculty/Staff)",Grinnell College. Libraries,Core competencies,,,,,,,,,,,,,"Over the past 5 years the Grinnell College Libraries has done more than make adjustments and keep up to date with changes to technologies; products; and types of materials that we are adding to our collections. Instead, we have attempted to re-create our organization for future needs.",,,Collection illustrating the process used for organizing the Grinnell C ollegeLibraries,Grinnell College,Grinnell College,26-Jun-2011,2011,26-Jun-2011,,26-Jun-2011,compound,born digital,,,,,,English,,Liberal Arts Scholarly Repository,Liberal Arts Scholarly Repository,Liberal Arts Scholarly Repository,,Grinnell (Iowa),,21st century,"Copyright to this work is held by the author(s), in accordance with United States copyright law (USC 17). Readers of this work have certain rights as defined by the law, including but not limited to fair use (17 USC 107 et seq.).",,,,,,,,,,,,,,0203  https://docs.google.com/spreadsheets/d/1JzW8TGU8qJlBAlyoMyDS1mkLTGoaLrsCzVtwQo-4JlU/edit?usp=sharing,"{/""worksheet/"": /""https://docs.google.com/spreadsheets/d/1JzW8TGU8qJlBAlyoMyDS1mkLTGoaLrsCzVtwQo-4JlU#gid=1570273558/"", /""directory/"": /""smb://storage/mediadb/DGingest/Migration-to-Alma/exports/faculty-scholarship/"", /""children/"": [{/""pid/"": /""grinnell:10420/"", /""title/"": /""Poster - Organizational Plan/"", /""files/"": [/""grinnell_10420_MODS.xml/"", /""grinnell_10420_RELS-EXT.rdf/""]}, {/""pid/"": /""grinnell:10421/"", /""title/"": /""Core Competencies Spreadsheet/"", /""files/"": [/""grinnell_10421_MODS.xml/"", /""grinnell_10421_RELS-EXT.rdf/""]}, {/""pid/"": /""grinnell:10422/"", /""title/"": /""Job Description Questionaire/"", /""files/"": [/""grinnell_10422_MODS.xml/"", /""grinnell_10422_RELS-EXT.rdf/""]}, {/""pid/"": /""grinnell:10423/"", /""title/"": /""Organizational Design Bibliography/"", /""files/"": [/""grinnell_10423_MODS.xml/"", /""grinnell_10423_RELS-EXT.rdf/""]}], /""paren/"": {/""pid/"": /""grinnell:331/"", /""title/"": /""Organizing For The Future/"", /""files/"": [/""grinnell_331_MODS.xml/"", /""grinnell_331_RELS-EXT.rdf/""]}}"
,,991011507140404641,991011507140404641,parent: grinnell:331,Organizing For The Future,,,grinnell:331; grinnell:331; http://hdl.handle.net/11084/331; alma:01GCL_INST/bibs/991011507140404641,http://hdl.handle.net/11084/331,Organizing For The Future (compound); Poster - Organizational Plan (poster); Core Competencies Spreadsheet (dataset); Job Description Questionaire (essays); Organizational Design Bibliography (essays),"Knight, R. Cecilia (Faculty/Staff)",Grinnell College. Libraries,Core competencies,,,,,,,,,,,,,"Over the past 5 years the Grinnell College Libraries has done more than make adjustments and keep up to date with changes to technologies; products; and types of materials that we are adding to our collections. Instead, we have attempted to re-create our organization for future needs.",,,Collection illustrating the process used for organizing the Grinnell C ollegeLibraries,Grinnell College,Grinnell College,26-Jun-2011,2011,26-Jun-2011,,26-Jun-2011,compound,born digital,,,,,,English,,Liberal Arts Scholarly Repository,Liberal Arts Scholarly Repository,Liberal Arts Scholarly Repository,,Grinnell (Iowa),,21st century,"Copyright to this work is held by the author(s), in accordance with United States copyright law (USC 17). Readers of this work have certain rights as defined by the law, including but not limited to fair use (17 USC 107 et seq.).",,,,,,,,,,,,,,0203  https://docs.google.com/spreadsheets/d/1JzW8TGU8qJlBAlyoMyDS1mkLTGoaLrsCzVtwQo-4JlU/edit?usp=sharing,"{/""worksheet/"": /""https://docs.google.com/spreadsheets/d/1JzW8TGU8qJlBAlyoMyDS1mkLTGoaLrsCzVtwQo-4JlU#gid=1570273558/"", /""directory/"": /""smb://storage/mediadb/DGingest/Migration-to-Alma/exports/faculty-scholarship/"", /""children/"": [{/""pid/"": /""grinnell:10420/"", /""title/"": /""Poster - Organizational Plan/"", /""files/"": [/""grinnell_10420_MODS.xml/"", /""grinnell_10420_RELS-EXT.rdf/""]}, {/""pid/"": /""grinnell:10421/"", /""title/"": /""Core Competencies Spreadsheet/"", /""files/"": [/""grinnell_10421_MODS.xml/"", /""grinnell_10421_RELS-EXT.rdf/""]}, {/""pid/"": /""grinnell:10422/"", /""title/"": /""Job Description Questionaire/"", /""files/"": [/""grinnell_10422_MODS.xml/"", /""grinnell_10422_RELS-EXT.rdf/""]}, {/""pid/"": /""grinnell:10423/"", /""title/"": /""Organizational Design Bibliography/"", /""files/"": [/""grinnell_10423_MODS.xml/"", /""grinnell_10423_RELS-EXT.rdf/""]}], /""paren/"": {/""pid/"": /""grinnell:331/"", /""title/"": /""Organizing For The Future/"", /""files/"": [/""grinnell_331_MODS.xml/"", /""grinnell_331_RELS-EXT.rdf/""]}}"
,,991011507140504641,991011507140504641,,Opportunities for Statisticians at 4-Year Undergraduate Institutions,Technical Report No. 90-005,,grinnell:26688; grinnell:26688; http://hdl.handle.net/11084/26688; alma:01GCL_INST/bibs/991011507140504641,http://hdl.handle.net/11084/26688,,"Roberts, Rosemary A.","Moore, Thomas L., Ph. D. (Faculty/Staff); Grinnell College. Mathematics and Statistics",Statistics in the Liberal Arts Workshop (SLAW),,,,,,,,,,,,,Statistics in the Liberal Arts Workshop (SLAW) workshop held in the Summer of 1991 and supported by the Exxon Corporation,,,No abstract was provided for this paper.,Grinnell College,Grinnell College,1991,1991,1991,,,essays,digitized other analog,,,,,,English,,Faculty Scholarship,Faculty Scholarship,Faculty Scholarship,,,,,"Copyright to this work is held by the author(s), in accordance with United States copyright law (USC 17). Readers of this work have certain rights as defined by the law, including but not limited to fair use (17 USC 107 et seq.).",,,,,,,,,,,,,,0162  https://docs.google.com/spreadsheets/d/1JzW8TGU8qJlBAlyoMyDS1mkLTGoaLrsCzVtwQo-4JlU/edit?usp=sharing,"{/""worksheet/"": /""https://docs.google.com/spreadsheets/d/1JzW8TGU8qJlBAlyoMyDS1mkLTGoaLrsCzVtwQo-4JlU#gid=1570273558/"", /""directory/"": /""smb://storage/mediadb/DGingest/Migration-to-Alma/exports/faculty-scholarship/"", /""object/"": {/""pid/"": /""grinnell:26688/"", /""title/"": /""Opportunities for Statisticians at 4-Year Undergraduate Institutions/"", /""files/"": [/""grinnell_26688_MODS.xml/"", /""grinnell_26688_RELS-EXT.rdf/""]}}"
,,991011507140604641,991011507140604641,,A Two-Sector Effort-Regulation Model with Implications for Wage Developments of the 1980s,,,grinnell:11678; grinnell:11678; http://hdl.handle.net/11084/11678; alma:01GCL_INST/bibs/991011507140604641,http://hdl.handle.net/11084/11678,,"Ferguson, William D. (Class of 1975) (Faculty/Staff)",Grinnell College. Economics,Effect of inflation on wages,,,,,,,,,,,,,,,"Ferguson, William D. /""A Two Sector Effort-Regulation Model with Implications for Wage Developments in the 1980's,/"" Review of Radical Political Economics Vol. 22, No. 3, Spring &amp; Summer 1991, 38-46. DOI: 10.1177/048661349102300106","A simple two-sector effort-regulation model, which assumes that the cost of job loss responds to labor's bargaining power and which acknowledges influences of institutional change, import penetration and shifting employment, can account for the declining real wages for non-supervisory workers in goods sector industries in the 1980s.",Grinnell College,Grinnell College,1991,1991,1991,,,essays,born digital,,,,,,English,,Faculty Scholarship,Faculty Scholarship,Faculty Scholarship,,,,Nineteen eighties,"Copyright to this work is held by the author(s), in accordance with United States copyright law (USC 17). Readers of this work have certain rights as defined by the law, including but not limited to fair use (17 USC 107 et seq.).",,,,,,,,,,,,,,0078  https://docs.google.com/spreadsheets/d/1JzW8TGU8qJlBAlyoMyDS1mkLTGoaLrsCzVtwQo-4JlU/edit?usp=sharing,"{/""worksheet/"": /""https://docs.google.com/spreadsheets/d/1JzW8TGU8qJlBAlyoMyDS1mkLTGoaLrsCzVtwQo-4JlU#gid=1570273558/"", /""directory/"": /""smb://storage/mediadb/DGingest/Migration-to-Alma/exports/faculty-scholarship/"", /""object/"": {/""pid/"": /""grinnell:11678/"", /""title/"": /""A Two-Sector Effort-Regulation Model with Implications for Wage Developments of the 1980s/"", /""files/"": [/""grinnell_11678_MODS.xml/"", /""grinnell_11678_RELS-EXT.rdf/""]}}"
,,991011507140704641,991011507140704641,,"Multivariate Descriptive Statistics, An Alternative Introduction to Statistics",Technical Report No. 90-004,,grinnell:26687; grinnell:26687; http://hdl.handle.net/11084/26687; alma:01GCL_INST/bibs/991011507140704641,http://hdl.handle.net/11084/26687,,"Wolf, Frank L.","Moore, Thomas L., Ph. D. (Faculty/Staff); Grinnell College. Mathematics and Statistics",Statistics in the Liberal Arts Workshop (SLAW),,,,,,,,,,,,,Statistics in the Liberal Arts Workshop (SLAW) workshop held in the Summer of 1991 and supported by the Exxon Corporation,,,A course in multivariate descriptive statistics can serve as an introduction to statistics.,Grinnell College,Grinnell College,1991,1991,1991,,,essays,digitized other analog,,,,,,English,,Faculty Scholarship,Faculty Scholarship,Faculty Scholarship,,,,,"Copyright to this work is held by the author(s), in accordance with United States copyright law (USC 17). Readers of this work have certain rights as defined by the law, including but not limited to fair use (17 USC 107 et seq.).",,,,,,,,,,,,,,0161  https://docs.google.com/spreadsheets/d/1JzW8TGU8qJlBAlyoMyDS1mkLTGoaLrsCzVtwQo-4JlU/edit?usp=sharing,"{/""worksheet/"": /""https://docs.google.com/spreadsheets/d/1JzW8TGU8qJlBAlyoMyDS1mkLTGoaLrsCzVtwQo-4JlU#gid=1570273558/"", /""directory/"": /""smb://storage/mediadb/DGingest/Migration-to-Alma/exports/faculty-scholarship/"", /""object/"": {/""pid/"": /""grinnell:26687/"", /""title/"": /""Multivariate Descriptive Statistics, An Alternative Introduction to Statistics/"", /""files/"": [/""grinnell_26687_MODS.xml/"", /""grinnell_26687_RELS-EXT.rdf/""]}}"
,,991011507140804641,991011507140804641,parent: grinnell:144,Tod und Auferstehung,"Death and Resurrection of Christ, Funeral Music, from the Oratorio (German); Tod und Auferstehung Christi, Trauer Musik, Aus dem Oratorium",,grinnell:144; grinnell:144; http://hdl.handle.net/11084/144; alma:01GCL_INST/bibs/991011507140804641,http://hdl.handle.net/11084/144,"Tod und Auferstehung (compound); Tod und Auferstehung, Part 1 (score); Tod und Auferstehung, Part 2 (score); Tod und Auferstehung, Part 3 (score)","Scheve, Edward Benjamin, 1865-1924 (Faculty/Staff)",Grinnell College. Music,"Death and Resurrection of Christ, Funeral Music, from the Oratorio",,,,,,,,,,,,,,,,A manuscript score of Edward Scheve's composition Tod und Auferstehung (Death and Resurrection).,Grinnell College,Grinnell College,1906-1906,1905,1906-1906,,1906-1906,compound,,3 objects,3 objects,"Ink, paper",,,English,,Grinnell College. Special Collections and Archives,Grinnell College. Special Collections and Archives,Grinnell College. Special Collections and Archives,,Grinnell (Iowa),,20th century,"Copyright to this work is held by the author(s), in accordance with United States copyright law (USC 17). Readers of this work have certain rights as defined by the law, including but not limited to fair use (17 USC 107 et seq.).",,,,,,,,,,,,,,0091  https://docs.google.com/spreadsheets/d/1JzW8TGU8qJlBAlyoMyDS1mkLTGoaLrsCzVtwQo-4JlU/edit?usp=sharing,"{/""worksheet/"": /""https://docs.google.com/spreadsheets/d/1JzW8TGU8qJlBAlyoMyDS1mkLTGoaLrsCzVtwQo-4JlU#gid=1570273558/"", /""directory/"": /""smb://storage/mediadb/DGingest/Migration-to-Alma/exports/faculty-scholarship/"", /""children/"": [{/""pid/"": /""grinnell:10389/"", /""title/"": /""Tod und Auferstehung, Part 1/"", /""files/"": [/""grinnell_10389_MODS.xml/"", /""grinnell_10389_RELS-EXT.rdf/""]}, {/""pid/"": /""grinnell:10390/"", /""title/"": /""Tod und Auferstehung, Part 2/"", /""files/"": [/""grinnell_10390_MODS.xml/"", /""grinnell_10390_RELS-EXT.rdf/""]}, {/""pid/"": /""grinnell:10391/"", /""title/"": /""Tod und Auferstehung, Part 3/"", /""files/"": [/""grinnell_10391_MODS.xml/"", /""grinnell_10391_RELS-EXT.rdf/""]}], /""paren/"": {/""pid/"": /""grinnell:144/"", /""title/"": /""Tod und Auferstehung/"", /""files/"": [/""grinnell_144_MODS.xml/"", /""grinnell_144_RELS-EXT.rdf/""]}}"
,,991011507140804641,991011507140804641,parent: grinnell:144,Tod und Auferstehung,"Death and Resurrection of Christ, Funeral Music, from the Oratorio (German); Tod und Auferstehung Christi, Trauer Musik, Aus dem Oratorium",,grinnell:144; grinnell:144; http://hdl.handle.net/11084/144; alma:01GCL_INST/bibs/991011507140804641,http://hdl.handle.net/11084/144,"Tod und Auferstehung (compound); Tod und Auferstehung, Part 1 (score); Tod und Auferstehung, Part 2 (score); Tod und Auferstehung, Part 3 (score)","Scheve, Edward Benjamin, 1865-1924 (Faculty/Staff)",Grinnell College. Music,"Death and Resurrection of Christ, Funeral Music, from the Oratorio",,,,,,,,,,,,,,,,A manuscript score of Edward Scheve's composition Tod und Auferstehung (Death and Resurrection).,Grinnell College,Grinnell College,1906-1906,1905,1906-1906,,1906-1906,compound,,3 objects,3 objects,"Ink, paper",,,English,,Grinnell College. Special Collections and Archives,Grinnell College. Special Collections and Archives,Grinnell College. Special Collections and Archives,,Grinnell (Iowa),,20th century,"Copyright to this work is held by the author(s), in accordance with United States copyright law (USC 17). Readers of this work have certain rights as defined by the law, including but not limited to fair use (17 USC 107 et seq.).",,,,,,,,,,,,,,0091  https://docs.google.com/spreadsheets/d/1JzW8TGU8qJlBAlyoMyDS1mkLTGoaLrsCzVtwQo-4JlU/edit?usp=sharing,"{/""worksheet/"": /""https://docs.google.com/spreadsheets/d/1JzW8TGU8qJlBAlyoMyDS1mkLTGoaLrsCzVtwQo-4JlU#gid=1570273558/"", /""directory/"": /""smb://storage/mediadb/DGingest/Migration-to-Alma/exports/faculty-scholarship/"", /""children/"": [{/""pid/"": /""grinnell:10389/"", /""title/"": /""Tod und Auferstehung, Part 1/"", /""files/"": [/""grinnell_10389_MODS.xml/"", /""grinnell_10389_RELS-EXT.rdf/""]}, {/""pid/"": /""grinnell:10390/"", /""title/"": /""Tod und Auferstehung, Part 2/"", /""files/"": [/""grinnell_10390_MODS.xml/"", /""grinnell_10390_RELS-EXT.rdf/""]}, {/""pid/"": /""grinnell:10391/"", /""title/"": /""Tod und Auferstehung, Part 3/"", /""files/"": [/""grinnell_10391_MODS.xml/"", /""grinnell_10391_RELS-EXT.rdf/""]}], /""paren/"": {/""pid/"": /""grinnell:144/"", /""title/"": /""Tod und Auferstehung/"", /""files/"": [/""grinnell_144_MODS.xml/"", /""grinnell_144_RELS-EXT.rdf/""]}}"
,,991011507140804641,991011507140804641,parent: grinnell:144,Tod und Auferstehung,"Death and Resurrection of Christ, Funeral Music, from the Oratorio (German); Tod und Auferstehung Christi, Trauer Musik, Aus dem Oratorium",,grinnell:144; grinnell:144; http://hdl.handle.net/11084/144; alma:01GCL_INST/bibs/991011507140804641,http://hdl.handle.net/11084/144,"Tod und Auferstehung (compound); Tod und Auferstehung, Part 1 (score); Tod und Auferstehung, Part 2 (score); Tod und Auferstehung, Part 3 (score)","Scheve, Edward Benjamin, 1865-1924 (Faculty/Staff)",Grinnell College. Music,"Death and Resurrection of Christ, Funeral Music, from the Oratorio",,,,,,,,,,,,,,,,A manuscript score of Edward Scheve's composition Tod und Auferstehung (Death and Resurrection).,Grinnell College,Grinnell College,1906-1906,1905,1906-1906,,1906-1906,compound,,3 objects,3 objects,"Ink, paper",,,English,,Grinnell College. Special Collections and Archives,Grinnell College. Special Collections and Archives,Grinnell College. Special Collections and Archives,,Grinnell (Iowa),,20th century,"Copyright to this work is held by the author(s), in accordance with United States copyright law (USC 17). Readers of this work have certain rights as defined by the law, including but not limited to fair use (17 USC 107 et seq.).",,,,,,,,,,,,,,0091  https://docs.google.com/spreadsheets/d/1JzW8TGU8qJlBAlyoMyDS1mkLTGoaLrsCzVtwQo-4JlU/edit?usp=sharing,"{/""worksheet/"": /""https://docs.google.com/spreadsheets/d/1JzW8TGU8qJlBAlyoMyDS1mkLTGoaLrsCzVtwQo-4JlU#gid=1570273558/"", /""directory/"": /""smb://storage/mediadb/DGingest/Migration-to-Alma/exports/faculty-scholarship/"", /""children/"": [{/""pid/"": /""grinnell:10389/"", /""title/"": /""Tod und Auferstehung, Part 1/"", /""files/"": [/""grinnell_10389_MODS.xml/"", /""grinnell_10389_RELS-EXT.rdf/""]}, {/""pid/"": /""grinnell:10390/"", /""title/"": /""Tod und Auferstehung, Part 2/"", /""files/"": [/""grinnell_10390_MODS.xml/"", /""grinnell_10390_RELS-EXT.rdf/""]}, {/""pid/"": /""grinnell:10391/"", /""title/"": /""Tod und Auferstehung, Part 3/"", /""files/"": [/""grinnell_10391_MODS.xml/"", /""grinnell_10391_RELS-EXT.rdf/""]}], /""paren/"": {/""pid/"": /""grinnell:144/"", /""title/"": /""Tod und Auferstehung/"", /""files/"": [/""grinnell_144_MODS.xml/"", /""grinnell_144_RELS-EXT.rdf/""]}}"
,,991011507140904641,991011507140904641,,"Worker Motivation, Wages, and Bilateral Market Power in Nonunion Labor Markets",,,grinnell:11659; grinnell:11659; http://hdl.handle.net/11084/11657; alma:01GCL_INST/bibs/991011507140904641,http://hdl.handle.net/11084/11657,,"Ferguson, William D. (Class of 1975) (Faculty/Staff)",Grinnell College. Economics,Incentives in industry,,,,,,,,,,,,,,,"Ferguson, William D. /""Worker motivation, wages, and bilateral market power in nonunion labor markets./"" Eastern Economic Journal 30.4 (2004): 527-547. ~ citation","The terms of market exchange can, under certain conditions, even in competitive markets, reflect underlying power relationships.",Grinnell College,Grinnell College,2004,2004,2004,,,essays,born digital,,,,,,English,,Faculty Scholarship,Faculty Scholarship,Faculty Scholarship,,,,,"Copyright to this work is held by the author(s), in accordance with United States copyright law (USC 17). Readers of this work have certain rights as defined by the law, including but not limited to fair use (17 USC 107 et seq.).",,,,,,,,,,,,,,0077  https://docs.google.com/spreadsheets/d/1JzW8TGU8qJlBAlyoMyDS1mkLTGoaLrsCzVtwQo-4JlU/edit?usp=sharing,"{/""worksheet/"": /""https://docs.google.com/spreadsheets/d/1JzW8TGU8qJlBAlyoMyDS1mkLTGoaLrsCzVtwQo-4JlU#gid=1570273558/"", /""directory/"": /""smb://storage/mediadb/DGingest/Migration-to-Alma/exports/faculty-scholarship/"", /""object/"": {/""pid/"": /""grinnell:11659/"", /""title/"": /""Worker Motivation, Wages, and Bilateral Market Power in Nonunion Labor Markets/"", /""files/"": [/""grinnell_11659_MODS.xml/"", /""grinnell_11659_RELS-EXT.rdf/""]}}"
,,991011507141004641,991011507141004641,,Applied Introductory Statistics Courses for Mathematics Majors at Liberal Arts Colleges,Technical Report No.90-002,,grinnell:26685; grinnell:26685; http://hdl.handle.net/11084/26685; alma:01GCL_INST/bibs/991011507141004641,http://hdl.handle.net/11084/26685,,"Roberts, Rosemary A.","Moore, Thomas L., Ph. D. (Faculty/Staff); Grinnell College. Mathematics and Statistics",Statistics in the Liberal Arts Workshop (SLAW),,,,,,,,,,,,,Statistics in the Liberal Arts Workshop (SLAW) workshop held in the Summer of 1991 and supported by the Exxon Corporation,,,The need for an applied introductory statistics course for mathematics majors at liberal arts colleges id discussed. General characteristics for such a course are given and specific examples are described in the papers that follow.,Grinnell College,Grinnell College,1991,1991,1991,,,essays,digitized other analog,,,,,,English,,Faculty Scholarship,Faculty Scholarship,Faculty Scholarship,,,,,"Copyright to this work is held by the author(s), in accordance with United States copyright law (USC 17). Readers of this work have certain rights as defined by the law, including but not limited to fair use (17 USC 107 et seq.).",,,,,,,,,,,,,,0160  https://docs.google.com/spreadsheets/d/1JzW8TGU8qJlBAlyoMyDS1mkLTGoaLrsCzVtwQo-4JlU/edit?usp=sharing,"{/""worksheet/"": /""https://docs.google.com/spreadsheets/d/1JzW8TGU8qJlBAlyoMyDS1mkLTGoaLrsCzVtwQo-4JlU#gid=1570273558/"", /""directory/"": /""smb://storage/mediadb/DGingest/Migration-to-Alma/exports/faculty-scholarship/"", /""object/"": {/""pid/"": /""grinnell:26685/"", /""title/"": /""Applied Introductory Statistics Courses for Mathematics Majors at Liberal Arts Colleges/"", /""files/"": [/""grinnell_26685_MODS.xml/"", /""grinnell_26685_RELS-EXT.rdf/""]}}"
,,991011507141104641,991011507141104641,parent: grinnell:23333,"Code and Data for /""[Rp] Reproducing: 'Typographical features for scene text recognition'/""",,,grinnell:23333; grinnell:23333; http://hdl.handle.net/11084/23333; alma:01GCL_INST/bibs/991011507141104641,http://hdl.handle.net/11084/23333,"Code and Data for /""[Rp] Reproducing: 'Typographical features for scene text recognition'/"" (compound); README Document (text); Data Repository (dataset); Data Repository Data (dataset); Matlab Tools (dataset); VIDI Feature Processing and Parsing for Text Recognition (dataset); CUDA MaxEnt (r231) (dataset); CUDA MaxEnt (r284) (dataset); CUDA MaxEnt (updated) (dataset); CUDA MaxEnt (diff r284:updated) (dataset); Matlab Steerable Pyramid Tools (dataset)","Weinman, Jerod (Faculty/Staff)",,"Code and Data for [Re] Reproducing: /""Typographical features for scene text recognition/"" in ReScience C",,,,,,,,,,,,,,,,"Code and experimental data for [Rp] Reproducing: /""Typographical features for scene text recognition/"". ReScience C.",Grinnell College,Grinnell College,2010,2020,2010,,2010,compound,born digital,10 objects,10 objects,,,,English,,,,,,,,,"Copyright to this work is held by the author(s), in accordance with United States copyright law (USC 17). Readers of this work have certain rights as defined by the law, including but not limited to fair use (17 USC 107 et seq.).",,,,,,,,,,,,,,0139  https://docs.google.com/spreadsheets/d/1JzW8TGU8qJlBAlyoMyDS1mkLTGoaLrsCzVtwQo-4JlU/edit?usp=sharing,"{/""worksheet/"": /""https://docs.google.com/spreadsheets/d/1JzW8TGU8qJlBAlyoMyDS1mkLTGoaLrsCzVtwQo-4JlU#gid=1570273558/"", /""directory/"": /""smb://storage/mediadb/DGingest/Migration-to-Alma/exports/faculty-scholarship/"", /""children/"": [{/""pid/"": /""grinnell:23334/"", /""title/"": /""README Document/"", /""files/"": [/""grinnell_23334_MODS.xml/"", /""grinnell_23334_RELS-EXT.rdf/""]}, {/""pid/"": /""grinnell:23335/"", /""title/"": /""Data Repository/"", /""files/"": []}, {/""pid/"": /""grinnell:23336/"", /""title/"": /""Data Repository Data/"", /""files/"": []}, {/""pid/"": /""grinnell:23337/"", /""title/"": /""Matlab Tools/"", /""files/"": []}, {/""pid/"": /""grinnell:23338/"", /""title/"": /""VIDI Feature Processing and Parsing for Text Recognition/"", /""files/"": []}, {/""pid/"": /""grinnell:23339/"", /""title/"": /""CUDA MaxEnt (r231)/"", /""files/"": []}, {/""pid/"": /""grinnell:23340/"", /""title/"": /""CUDA MaxEnt (r284)/"", /""files/"": []}, {/""pid/"": /""grinnell:23341/"", /""title/"": /""CUDA MaxEnt (updated)/"", /""files/"": []}, {/""pid/"": /""grinnell:23342/"", /""title/"": /""CUDA MaxEnt (diff r284:updated)/"", /""files/"": []}, {/""pid/"": /""grinnell:23343/"", /""title/"": /""Matlab Steerable Pyramid Tools/"", /""files/"": []}], /""paren/"": {/""pid/"": /""grinnell:23333/"", /""title/"": /""Code and Data for \\/""[Rp] Reproducing: 'Typographical features for scene text recognition'\\/""/"", /""files/"": [/""grinnell_23333_MODS.xml/"", /""grinnell_23333_RELS-EXT.rdf/""]}}"
,,991011507141104641,991011507141104641,parent: grinnell:23333,"Code and Data for /""[Rp] Reproducing: 'Typographical features for scene text recognition'/""",,,grinnell:23333; grinnell:23333; http://hdl.handle.net/11084/23333; alma:01GCL_INST/bibs/991011507141104641,http://hdl.handle.net/11084/23333,"Code and Data for /""[Rp] Reproducing: 'Typographical features for scene text recognition'/"" (compound); README Document (text); Data Repository (dataset); Data Repository Data (dataset); Matlab Tools (dataset); VIDI Feature Processing and Parsing for Text Recognition (dataset); CUDA MaxEnt (r231) (dataset); CUDA MaxEnt (r284) (dataset); CUDA MaxEnt (updated) (dataset); CUDA MaxEnt (diff r284:updated) (dataset); Matlab Steerable Pyramid Tools (dataset)","Weinman, Jerod (Faculty/Staff)",,"Code and Data for [Re] Reproducing: /""Typographical features for scene text recognition/"" in ReScience C",,,,,,,,,,,,,,,,"Code and experimental data for [Rp] Reproducing: /""Typographical features for scene text recognition/"". ReScience C.",Grinnell College,Grinnell College,2010,2020,2010,,2010,compound,born digital,10 objects,10 objects,,,,English,,,,,,,,,"Copyright to this work is held by the author(s), in accordance with United States copyright law (USC 17). Readers of this work have certain rights as defined by the law, including but not limited to fair use (17 USC 107 et seq.).",,,,,,,,,,,,,,0139  https://docs.google.com/spreadsheets/d/1JzW8TGU8qJlBAlyoMyDS1mkLTGoaLrsCzVtwQo-4JlU/edit?usp=sharing,"{/""worksheet/"": /""https://docs.google.com/spreadsheets/d/1JzW8TGU8qJlBAlyoMyDS1mkLTGoaLrsCzVtwQo-4JlU#gid=1570273558/"", /""directory/"": /""smb://storage/mediadb/DGingest/Migration-to-Alma/exports/faculty-scholarship/"", /""children/"": [{/""pid/"": /""grinnell:23334/"", /""title/"": /""README Document/"", /""files/"": [/""grinnell_23334_MODS.xml/"", /""grinnell_23334_RELS-EXT.rdf/""]}, {/""pid/"": /""grinnell:23335/"", /""title/"": /""Data Repository/"", /""files/"": []}, {/""pid/"": /""grinnell:23336/"", /""title/"": /""Data Repository Data/"", /""files/"": []}, {/""pid/"": /""grinnell:23337/"", /""title/"": /""Matlab Tools/"", /""files/"": []}, {/""pid/"": /""grinnell:23338/"", /""title/"": /""VIDI Feature Processing and Parsing for Text Recognition/"", /""files/"": []}, {/""pid/"": /""grinnell:23339/"", /""title/"": /""CUDA MaxEnt (r231)/"", /""files/"": []}, {/""pid/"": /""grinnell:23340/"", /""title/"": /""CUDA MaxEnt (r284)/"", /""files/"": []}, {/""pid/"": /""grinnell:23341/"", /""title/"": /""CUDA MaxEnt (updated)/"", /""files/"": []}, {/""pid/"": /""grinnell:23342/"", /""title/"": /""CUDA MaxEnt (diff r284:updated)/"", /""files/"": []}, {/""pid/"": /""grinnell:23343/"", /""title/"": /""Matlab Steerable Pyramid Tools/"", /""files/"": []}], /""paren/"": {/""pid/"": /""grinnell:23333/"", /""title/"": /""Code and Data for \\/""[Rp] Reproducing: 'Typographical features for scene text recognition'\\/""/"", /""files/"": [/""grinnell_23333_MODS.xml/"", /""grinnell_23333_RELS-EXT.rdf/""]}}"
,,991011507141104641,991011507141104641,parent: grinnell:23333,"Code and Data for /""[Rp] Reproducing: 'Typographical features for scene text recognition'/""",,,grinnell:23333; grinnell:23333; http://hdl.handle.net/11084/23333; alma:01GCL_INST/bibs/991011507141104641,http://hdl.handle.net/11084/23333,"Code and Data for /""[Rp] Reproducing: 'Typographical features for scene text recognition'/"" (compound); README Document (text); Data Repository (dataset); Data Repository Data (dataset); Matlab Tools (dataset); VIDI Feature Processing and Parsing for Text Recognition (dataset); CUDA MaxEnt (r231) (dataset); CUDA MaxEnt (r284) (dataset); CUDA MaxEnt (updated) (dataset); CUDA MaxEnt (diff r284:updated) (dataset); Matlab Steerable Pyramid Tools (dataset)","Weinman, Jerod (Faculty/Staff)",,"Code and Data for [Re] Reproducing: /""Typographical features for scene text recognition/"" in ReScience C",,,,,,,,,,,,,,,,"Code and experimental data for [Rp] Reproducing: /""Typographical features for scene text recognition/"". ReScience C.",Grinnell College,Grinnell College,2010,2020,2010,,2010,compound,born digital,10 objects,10 objects,,,,English,,,,,,,,,"Copyright to this work is held by the author(s), in accordance with United States copyright law (USC 17). Readers of this work have certain rights as defined by the law, including but not limited to fair use (17 USC 107 et seq.).",,,,,,,,,,,,,,0139  https://docs.google.com/spreadsheets/d/1JzW8TGU8qJlBAlyoMyDS1mkLTGoaLrsCzVtwQo-4JlU/edit?usp=sharing,"{/""worksheet/"": /""https://docs.google.com/spreadsheets/d/1JzW8TGU8qJlBAlyoMyDS1mkLTGoaLrsCzVtwQo-4JlU#gid=1570273558/"", /""directory/"": /""smb://storage/mediadb/DGingest/Migration-to-Alma/exports/faculty-scholarship/"", /""children/"": [{/""pid/"": /""grinnell:23334/"", /""title/"": /""README Document/"", /""files/"": [/""grinnell_23334_MODS.xml/"", /""grinnell_23334_RELS-EXT.rdf/""]}, {/""pid/"": /""grinnell:23335/"", /""title/"": /""Data Repository/"", /""files/"": []}, {/""pid/"": /""grinnell:23336/"", /""title/"": /""Data Repository Data/"", /""files/"": []}, {/""pid/"": /""grinnell:23337/"", /""title/"": /""Matlab Tools/"", /""files/"": []}, {/""pid/"": /""grinnell:23338/"", /""title/"": /""VIDI Feature Processing and Parsing for Text Recognition/"", /""files/"": []}, {/""pid/"": /""grinnell:23339/"", /""title/"": /""CUDA MaxEnt (r231)/"", /""files/"": []}, {/""pid/"": /""grinnell:23340/"", /""title/"": /""CUDA MaxEnt (r284)/"", /""files/"": []}, {/""pid/"": /""grinnell:23341/"", /""title/"": /""CUDA MaxEnt (updated)/"", /""files/"": []}, {/""pid/"": /""grinnell:23342/"", /""title/"": /""CUDA MaxEnt (diff r284:updated)/"", /""files/"": []}, {/""pid/"": /""grinnell:23343/"", /""title/"": /""Matlab Steerable Pyramid Tools/"", /""files/"": []}], /""paren/"": {/""pid/"": /""grinnell:23333/"", /""title/"": /""Code and Data for \\/""[Rp] Reproducing: 'Typographical features for scene text recognition'\\/""/"", /""files/"": [/""grinnell_23333_MODS.xml/"", /""grinnell_23333_RELS-EXT.rdf/""]}}"
,,991011507141104641,991011507141104641,parent: grinnell:23333,"Code and Data for /""[Rp] Reproducing: 'Typographical features for scene text recognition'/""",,,grinnell:23333; grinnell:23333; http://hdl.handle.net/11084/23333; alma:01GCL_INST/bibs/991011507141104641,http://hdl.handle.net/11084/23333,"Code and Data for /""[Rp] Reproducing: 'Typographical features for scene text recognition'/"" (compound); README Document (text); Data Repository (dataset); Data Repository Data (dataset); Matlab Tools (dataset); VIDI Feature Processing and Parsing for Text Recognition (dataset); CUDA MaxEnt (r231) (dataset); CUDA MaxEnt (r284) (dataset); CUDA MaxEnt (updated) (dataset); CUDA MaxEnt (diff r284:updated) (dataset); Matlab Steerable Pyramid Tools (dataset)","Weinman, Jerod (Faculty/Staff)",,"Code and Data for [Re] Reproducing: /""Typographical features for scene text recognition/"" in ReScience C",,,,,,,,,,,,,,,,"Code and experimental data for [Rp] Reproducing: /""Typographical features for scene text recognition/"". ReScience C.",Grinnell College,Grinnell College,2010,2020,2010,,2010,compound,born digital,10 objects,10 objects,,,,English,,,,,,,,,"Copyright to this work is held by the author(s), in accordance with United States copyright law (USC 17). Readers of this work have certain rights as defined by the law, including but not limited to fair use (17 USC 107 et seq.).",,,,,,,,,,,,,,0139  https://docs.google.com/spreadsheets/d/1JzW8TGU8qJlBAlyoMyDS1mkLTGoaLrsCzVtwQo-4JlU/edit?usp=sharing,"{/""worksheet/"": /""https://docs.google.com/spreadsheets/d/1JzW8TGU8qJlBAlyoMyDS1mkLTGoaLrsCzVtwQo-4JlU#gid=1570273558/"", /""directory/"": /""smb://storage/mediadb/DGingest/Migration-to-Alma/exports/faculty-scholarship/"", /""children/"": [{/""pid/"": /""grinnell:23334/"", /""title/"": /""README Document/"", /""files/"": [/""grinnell_23334_MODS.xml/"", /""grinnell_23334_RELS-EXT.rdf/""]}, {/""pid/"": /""grinnell:23335/"", /""title/"": /""Data Repository/"", /""files/"": []}, {/""pid/"": /""grinnell:23336/"", /""title/"": /""Data Repository Data/"", /""files/"": []}, {/""pid/"": /""grinnell:23337/"", /""title/"": /""Matlab Tools/"", /""files/"": []}, {/""pid/"": /""grinnell:23338/"", /""title/"": /""VIDI Feature Processing and Parsing for Text Recognition/"", /""files/"": []}, {/""pid/"": /""grinnell:23339/"", /""title/"": /""CUDA MaxEnt (r231)/"", /""files/"": []}, {/""pid/"": /""grinnell:23340/"", /""title/"": /""CUDA MaxEnt (r284)/"", /""files/"": []}, {/""pid/"": /""grinnell:23341/"", /""title/"": /""CUDA MaxEnt (updated)/"", /""files/"": []}, {/""pid/"": /""grinnell:23342/"", /""title/"": /""CUDA MaxEnt (diff r284:updated)/"", /""files/"": []}, {/""pid/"": /""grinnell:23343/"", /""title/"": /""Matlab Steerable Pyramid Tools/"", /""files/"": []}], /""paren/"": {/""pid/"": /""grinnell:23333/"", /""title/"": /""Code and Data for \\/""[Rp] Reproducing: 'Typographical features for scene text recognition'\\/""/"", /""files/"": [/""grinnell_23333_MODS.xml/"", /""grinnell_23333_RELS-EXT.rdf/""]}}"
,,991011507141104641,991011507141104641,parent: grinnell:23333,"Code and Data for /""[Rp] Reproducing: 'Typographical features for scene text recognition'/""",,,grinnell:23333; grinnell:23333; http://hdl.handle.net/11084/23333; alma:01GCL_INST/bibs/991011507141104641,http://hdl.handle.net/11084/23333,"Code and Data for /""[Rp] Reproducing: 'Typographical features for scene text recognition'/"" (compound); README Document (text); Data Repository (dataset); Data Repository Data (dataset); Matlab Tools (dataset); VIDI Feature Processing and Parsing for Text Recognition (dataset); CUDA MaxEnt (r231) (dataset); CUDA MaxEnt (r284) (dataset); CUDA MaxEnt (updated) (dataset); CUDA MaxEnt (diff r284:updated) (dataset); Matlab Steerable Pyramid Tools (dataset)","Weinman, Jerod (Faculty/Staff)",,"Code and Data for [Re] Reproducing: /""Typographical features for scene text recognition/"" in ReScience C",,,,,,,,,,,,,,,,"Code and experimental data for [Rp] Reproducing: /""Typographical features for scene text recognition/"". ReScience C.",Grinnell College,Grinnell College,2010,2020,2010,,2010,compound,born digital,10 objects,10 objects,,,,English,,,,,,,,,"Copyright to this work is held by the author(s), in accordance with United States copyright law (USC 17). Readers of this work have certain rights as defined by the law, including but not limited to fair use (17 USC 107 et seq.).",,,,,,,,,,,,,,0139  https://docs.google.com/spreadsheets/d/1JzW8TGU8qJlBAlyoMyDS1mkLTGoaLrsCzVtwQo-4JlU/edit?usp=sharing,"{/""worksheet/"": /""https://docs.google.com/spreadsheets/d/1JzW8TGU8qJlBAlyoMyDS1mkLTGoaLrsCzVtwQo-4JlU#gid=1570273558/"", /""directory/"": /""smb://storage/mediadb/DGingest/Migration-to-Alma/exports/faculty-scholarship/"", /""children/"": [{/""pid/"": /""grinnell:23334/"", /""title/"": /""README Document/"", /""files/"": [/""grinnell_23334_MODS.xml/"", /""grinnell_23334_RELS-EXT.rdf/""]}, {/""pid/"": /""grinnell:23335/"", /""title/"": /""Data Repository/"", /""files/"": []}, {/""pid/"": /""grinnell:23336/"", /""title/"": /""Data Repository Data/"", /""files/"": []}, {/""pid/"": /""grinnell:23337/"", /""title/"": /""Matlab Tools/"", /""files/"": []}, {/""pid/"": /""grinnell:23338/"", /""title/"": /""VIDI Feature Processing and Parsing for Text Recognition/"", /""files/"": []}, {/""pid/"": /""grinnell:23339/"", /""title/"": /""CUDA MaxEnt (r231)/"", /""files/"": []}, {/""pid/"": /""grinnell:23340/"", /""title/"": /""CUDA MaxEnt (r284)/"", /""files/"": []}, {/""pid/"": /""grinnell:23341/"", /""title/"": /""CUDA MaxEnt (updated)/"", /""files/"": []}, {/""pid/"": /""grinnell:23342/"", /""title/"": /""CUDA MaxEnt (diff r284:updated)/"", /""files/"": []}, {/""pid/"": /""grinnell:23343/"", /""title/"": /""Matlab Steerable Pyramid Tools/"", /""files/"": []}], /""paren/"": {/""pid/"": /""grinnell:23333/"", /""title/"": /""Code and Data for \\/""[Rp] Reproducing: 'Typographical features for scene text recognition'\\/""/"", /""files/"": [/""grinnell_23333_MODS.xml/"", /""grinnell_23333_RELS-EXT.rdf/""]}}"
,,991011507141104641,991011507141104641,parent: grinnell:23333,"Code and Data for /""[Rp] Reproducing: 'Typographical features for scene text recognition'/""",,,grinnell:23333; grinnell:23333; http://hdl.handle.net/11084/23333; alma:01GCL_INST/bibs/991011507141104641,http://hdl.handle.net/11084/23333,"Code and Data for /""[Rp] Reproducing: 'Typographical features for scene text recognition'/"" (compound); README Document (text); Data Repository (dataset); Data Repository Data (dataset); Matlab Tools (dataset); VIDI Feature Processing and Parsing for Text Recognition (dataset); CUDA MaxEnt (r231) (dataset); CUDA MaxEnt (r284) (dataset); CUDA MaxEnt (updated) (dataset); CUDA MaxEnt (diff r284:updated) (dataset); Matlab Steerable Pyramid Tools (dataset)","Weinman, Jerod (Faculty/Staff)",,"Code and Data for [Re] Reproducing: /""Typographical features for scene text recognition/"" in ReScience C",,,,,,,,,,,,,,,,"Code and experimental data for [Rp] Reproducing: /""Typographical features for scene text recognition/"". ReScience C.",Grinnell College,Grinnell College,2010,2020,2010,,2010,compound,born digital,10 objects,10 objects,,,,English,,,,,,,,,"Copyright to this work is held by the author(s), in accordance with United States copyright law (USC 17). Readers of this work have certain rights as defined by the law, including but not limited to fair use (17 USC 107 et seq.).",,,,,,,,,,,,,,0139  https://docs.google.com/spreadsheets/d/1JzW8TGU8qJlBAlyoMyDS1mkLTGoaLrsCzVtwQo-4JlU/edit?usp=sharing,"{/""worksheet/"": /""https://docs.google.com/spreadsheets/d/1JzW8TGU8qJlBAlyoMyDS1mkLTGoaLrsCzVtwQo-4JlU#gid=1570273558/"", /""directory/"": /""smb://storage/mediadb/DGingest/Migration-to-Alma/exports/faculty-scholarship/"", /""children/"": [{/""pid/"": /""grinnell:23334/"", /""title/"": /""README Document/"", /""files/"": [/""grinnell_23334_MODS.xml/"", /""grinnell_23334_RELS-EXT.rdf/""]}, {/""pid/"": /""grinnell:23335/"", /""title/"": /""Data Repository/"", /""files/"": []}, {/""pid/"": /""grinnell:23336/"", /""title/"": /""Data Repository Data/"", /""files/"": []}, {/""pid/"": /""grinnell:23337/"", /""title/"": /""Matlab Tools/"", /""files/"": []}, {/""pid/"": /""grinnell:23338/"", /""title/"": /""VIDI Feature Processing and Parsing for Text Recognition/"", /""files/"": []}, {/""pid/"": /""grinnell:23339/"", /""title/"": /""CUDA MaxEnt (r231)/"", /""files/"": []}, {/""pid/"": /""grinnell:23340/"", /""title/"": /""CUDA MaxEnt (r284)/"", /""files/"": []}, {/""pid/"": /""grinnell:23341/"", /""title/"": /""CUDA MaxEnt (updated)/"", /""files/"": []}, {/""pid/"": /""grinnell:23342/"", /""title/"": /""CUDA MaxEnt (diff r284:updated)/"", /""files/"": []}, {/""pid/"": /""grinnell:23343/"", /""title/"": /""Matlab Steerable Pyramid Tools/"", /""files/"": []}], /""paren/"": {/""pid/"": /""grinnell:23333/"", /""title/"": /""Code and Data for \\/""[Rp] Reproducing: 'Typographical features for scene text recognition'\\/""/"", /""files/"": [/""grinnell_23333_MODS.xml/"", /""grinnell_23333_RELS-EXT.rdf/""]}}"
,,991011507141104641,991011507141104641,parent: grinnell:23333,"Code and Data for /""[Rp] Reproducing: 'Typographical features for scene text recognition'/""",,,grinnell:23333; grinnell:23333; http://hdl.handle.net/11084/23333; alma:01GCL_INST/bibs/991011507141104641,http://hdl.handle.net/11084/23333,"Code and Data for /""[Rp] Reproducing: 'Typographical features for scene text recognition'/"" (compound); README Document (text); Data Repository (dataset); Data Repository Data (dataset); Matlab Tools (dataset); VIDI Feature Processing and Parsing for Text Recognition (dataset); CUDA MaxEnt (r231) (dataset); CUDA MaxEnt (r284) (dataset); CUDA MaxEnt (updated) (dataset); CUDA MaxEnt (diff r284:updated) (dataset); Matlab Steerable Pyramid Tools (dataset)","Weinman, Jerod (Faculty/Staff)",,"Code and Data for [Re] Reproducing: /""Typographical features for scene text recognition/"" in ReScience C",,,,,,,,,,,,,,,,"Code and experimental data for [Rp] Reproducing: /""Typographical features for scene text recognition/"". ReScience C.",Grinnell College,Grinnell College,2010,2020,2010,,2010,compound,born digital,10 objects,10 objects,,,,English,,,,,,,,,"Copyright to this work is held by the author(s), in accordance with United States copyright law (USC 17). Readers of this work have certain rights as defined by the law, including but not limited to fair use (17 USC 107 et seq.).",,,,,,,,,,,,,,0139  https://docs.google.com/spreadsheets/d/1JzW8TGU8qJlBAlyoMyDS1mkLTGoaLrsCzVtwQo-4JlU/edit?usp=sharing,"{/""worksheet/"": /""https://docs.google.com/spreadsheets/d/1JzW8TGU8qJlBAlyoMyDS1mkLTGoaLrsCzVtwQo-4JlU#gid=1570273558/"", /""directory/"": /""smb://storage/mediadb/DGingest/Migration-to-Alma/exports/faculty-scholarship/"", /""children/"": [{/""pid/"": /""grinnell:23334/"", /""title/"": /""README Document/"", /""files/"": [/""grinnell_23334_MODS.xml/"", /""grinnell_23334_RELS-EXT.rdf/""]}, {/""pid/"": /""grinnell:23335/"", /""title/"": /""Data Repository/"", /""files/"": []}, {/""pid/"": /""grinnell:23336/"", /""title/"": /""Data Repository Data/"", /""files/"": []}, {/""pid/"": /""grinnell:23337/"", /""title/"": /""Matlab Tools/"", /""files/"": []}, {/""pid/"": /""grinnell:23338/"", /""title/"": /""VIDI Feature Processing and Parsing for Text Recognition/"", /""files/"": []}, {/""pid/"": /""grinnell:23339/"", /""title/"": /""CUDA MaxEnt (r231)/"", /""files/"": []}, {/""pid/"": /""grinnell:23340/"", /""title/"": /""CUDA MaxEnt (r284)/"", /""files/"": []}, {/""pid/"": /""grinnell:23341/"", /""title/"": /""CUDA MaxEnt (updated)/"", /""files/"": []}, {/""pid/"": /""grinnell:23342/"", /""title/"": /""CUDA MaxEnt (diff r284:updated)/"", /""files/"": []}, {/""pid/"": /""grinnell:23343/"", /""title/"": /""Matlab Steerable Pyramid Tools/"", /""files/"": []}], /""paren/"": {/""pid/"": /""grinnell:23333/"", /""title/"": /""Code and Data for \\/""[Rp] Reproducing: 'Typographical features for scene text recognition'\\/""/"", /""files/"": [/""grinnell_23333_MODS.xml/"", /""grinnell_23333_RELS-EXT.rdf/""]}}"
,,991011507141104641,991011507141104641,parent: grinnell:23333,"Code and Data for /""[Rp] Reproducing: 'Typographical features for scene text recognition'/""",,,grinnell:23333; grinnell:23333; http://hdl.handle.net/11084/23333; alma:01GCL_INST/bibs/991011507141104641,http://hdl.handle.net/11084/23333,"Code and Data for /""[Rp] Reproducing: 'Typographical features for scene text recognition'/"" (compound); README Document (text); Data Repository (dataset); Data Repository Data (dataset); Matlab Tools (dataset); VIDI Feature Processing and Parsing for Text Recognition (dataset); CUDA MaxEnt (r231) (dataset); CUDA MaxEnt (r284) (dataset); CUDA MaxEnt (updated) (dataset); CUDA MaxEnt (diff r284:updated) (dataset); Matlab Steerable Pyramid Tools (dataset)","Weinman, Jerod (Faculty/Staff)",,"Code and Data for [Re] Reproducing: /""Typographical features for scene text recognition/"" in ReScience C",,,,,,,,,,,,,,,,"Code and experimental data for [Rp] Reproducing: /""Typographical features for scene text recognition/"". ReScience C.",Grinnell College,Grinnell College,2010,2020,2010,,2010,compound,born digital,10 objects,10 objects,,,,English,,,,,,,,,"Copyright to this work is held by the author(s), in accordance with United States copyright law (USC 17). Readers of this work have certain rights as defined by the law, including but not limited to fair use (17 USC 107 et seq.).",,,,,,,,,,,,,,0139  https://docs.google.com/spreadsheets/d/1JzW8TGU8qJlBAlyoMyDS1mkLTGoaLrsCzVtwQo-4JlU/edit?usp=sharing,"{/""worksheet/"": /""https://docs.google.com/spreadsheets/d/1JzW8TGU8qJlBAlyoMyDS1mkLTGoaLrsCzVtwQo-4JlU#gid=1570273558/"", /""directory/"": /""smb://storage/mediadb/DGingest/Migration-to-Alma/exports/faculty-scholarship/"", /""children/"": [{/""pid/"": /""grinnell:23334/"", /""title/"": /""README Document/"", /""files/"": [/""grinnell_23334_MODS.xml/"", /""grinnell_23334_RELS-EXT.rdf/""]}, {/""pid/"": /""grinnell:23335/"", /""title/"": /""Data Repository/"", /""files/"": []}, {/""pid/"": /""grinnell:23336/"", /""title/"": /""Data Repository Data/"", /""files/"": []}, {/""pid/"": /""grinnell:23337/"", /""title/"": /""Matlab Tools/"", /""files/"": []}, {/""pid/"": /""grinnell:23338/"", /""title/"": /""VIDI Feature Processing and Parsing for Text Recognition/"", /""files/"": []}, {/""pid/"": /""grinnell:23339/"", /""title/"": /""CUDA MaxEnt (r231)/"", /""files/"": []}, {/""pid/"": /""grinnell:23340/"", /""title/"": /""CUDA MaxEnt (r284)/"", /""files/"": []}, {/""pid/"": /""grinnell:23341/"", /""title/"": /""CUDA MaxEnt (updated)/"", /""files/"": []}, {/""pid/"": /""grinnell:23342/"", /""title/"": /""CUDA MaxEnt (diff r284:updated)/"", /""files/"": []}, {/""pid/"": /""grinnell:23343/"", /""title/"": /""Matlab Steerable Pyramid Tools/"", /""files/"": []}], /""paren/"": {/""pid/"": /""grinnell:23333/"", /""title/"": /""Code and Data for \\/""[Rp] Reproducing: 'Typographical features for scene text recognition'\\/""/"", /""files/"": [/""grinnell_23333_MODS.xml/"", /""grinnell_23333_RELS-EXT.rdf/""]}}"
,,991011507141104641,991011507141104641,parent: grinnell:23333,"Code and Data for /""[Rp] Reproducing: 'Typographical features for scene text recognition'/""",,,grinnell:23333; grinnell:23333; http://hdl.handle.net/11084/23333; alma:01GCL_INST/bibs/991011507141104641,http://hdl.handle.net/11084/23333,"Code and Data for /""[Rp] Reproducing: 'Typographical features for scene text recognition'/"" (compound); README Document (text); Data Repository (dataset); Data Repository Data (dataset); Matlab Tools (dataset); VIDI Feature Processing and Parsing for Text Recognition (dataset); CUDA MaxEnt (r231) (dataset); CUDA MaxEnt (r284) (dataset); CUDA MaxEnt (updated) (dataset); CUDA MaxEnt (diff r284:updated) (dataset); Matlab Steerable Pyramid Tools (dataset)","Weinman, Jerod (Faculty/Staff)",,"Code and Data for [Re] Reproducing: /""Typographical features for scene text recognition/"" in ReScience C",,,,,,,,,,,,,,,,"Code and experimental data for [Rp] Reproducing: /""Typographical features for scene text recognition/"". ReScience C.",Grinnell College,Grinnell College,2010,2020,2010,,2010,compound,born digital,10 objects,10 objects,,,,English,,,,,,,,,"Copyright to this work is held by the author(s), in accordance with United States copyright law (USC 17). Readers of this work have certain rights as defined by the law, including but not limited to fair use (17 USC 107 et seq.).",,,,,,,,,,,,,,0139  https://docs.google.com/spreadsheets/d/1JzW8TGU8qJlBAlyoMyDS1mkLTGoaLrsCzVtwQo-4JlU/edit?usp=sharing,"{/""worksheet/"": /""https://docs.google.com/spreadsheets/d/1JzW8TGU8qJlBAlyoMyDS1mkLTGoaLrsCzVtwQo-4JlU#gid=1570273558/"", /""directory/"": /""smb://storage/mediadb/DGingest/Migration-to-Alma/exports/faculty-scholarship/"", /""children/"": [{/""pid/"": /""grinnell:23334/"", /""title/"": /""README Document/"", /""files/"": [/""grinnell_23334_MODS.xml/"", /""grinnell_23334_RELS-EXT.rdf/""]}, {/""pid/"": /""grinnell:23335/"", /""title/"": /""Data Repository/"", /""files/"": []}, {/""pid/"": /""grinnell:23336/"", /""title/"": /""Data Repository Data/"", /""files/"": []}, {/""pid/"": /""grinnell:23337/"", /""title/"": /""Matlab Tools/"", /""files/"": []}, {/""pid/"": /""grinnell:23338/"", /""title/"": /""VIDI Feature Processing and Parsing for Text Recognition/"", /""files/"": []}, {/""pid/"": /""grinnell:23339/"", /""title/"": /""CUDA MaxEnt (r231)/"", /""files/"": []}, {/""pid/"": /""grinnell:23340/"", /""title/"": /""CUDA MaxEnt (r284)/"", /""files/"": []}, {/""pid/"": /""grinnell:23341/"", /""title/"": /""CUDA MaxEnt (updated)/"", /""files/"": []}, {/""pid/"": /""grinnell:23342/"", /""title/"": /""CUDA MaxEnt (diff r284:updated)/"", /""files/"": []}, {/""pid/"": /""grinnell:23343/"", /""title/"": /""Matlab Steerable Pyramid Tools/"", /""files/"": []}], /""paren/"": {/""pid/"": /""grinnell:23333/"", /""title/"": /""Code and Data for \\/""[Rp] Reproducing: 'Typographical features for scene text recognition'\\/""/"", /""files/"": [/""grinnell_23333_MODS.xml/"", /""grinnell_23333_RELS-EXT.rdf/""]}}"
,,991011507141104641,991011507141104641,parent: grinnell:23333,"Code and Data for /""[Rp] Reproducing: 'Typographical features for scene text recognition'/""",,,grinnell:23333; grinnell:23333; http://hdl.handle.net/11084/23333; alma:01GCL_INST/bibs/991011507141104641,http://hdl.handle.net/11084/23333,"Code and Data for /""[Rp] Reproducing: 'Typographical features for scene text recognition'/"" (compound); README Document (text); Data Repository (dataset); Data Repository Data (dataset); Matlab Tools (dataset); VIDI Feature Processing and Parsing for Text Recognition (dataset); CUDA MaxEnt (r231) (dataset); CUDA MaxEnt (r284) (dataset); CUDA MaxEnt (updated) (dataset); CUDA MaxEnt (diff r284:updated) (dataset); Matlab Steerable Pyramid Tools (dataset)","Weinman, Jerod (Faculty/Staff)",,"Code and Data for [Re] Reproducing: /""Typographical features for scene text recognition/"" in ReScience C",,,,,,,,,,,,,,,,"Code and experimental data for [Rp] Reproducing: /""Typographical features for scene text recognition/"". ReScience C.",Grinnell College,Grinnell College,2010,2020,2010,,2010,compound,born digital,10 objects,10 objects,,,,English,,,,,,,,,"Copyright to this work is held by the author(s), in accordance with United States copyright law (USC 17). Readers of this work have certain rights as defined by the law, including but not limited to fair use (17 USC 107 et seq.).",,,,,,,,,,,,,,0139  https://docs.google.com/spreadsheets/d/1JzW8TGU8qJlBAlyoMyDS1mkLTGoaLrsCzVtwQo-4JlU/edit?usp=sharing,"{/""worksheet/"": /""https://docs.google.com/spreadsheets/d/1JzW8TGU8qJlBAlyoMyDS1mkLTGoaLrsCzVtwQo-4JlU#gid=1570273558/"", /""directory/"": /""smb://storage/mediadb/DGingest/Migration-to-Alma/exports/faculty-scholarship/"", /""children/"": [{/""pid/"": /""grinnell:23334/"", /""title/"": /""README Document/"", /""files/"": [/""grinnell_23334_MODS.xml/"", /""grinnell_23334_RELS-EXT.rdf/""]}, {/""pid/"": /""grinnell:23335/"", /""title/"": /""Data Repository/"", /""files/"": []}, {/""pid/"": /""grinnell:23336/"", /""title/"": /""Data Repository Data/"", /""files/"": []}, {/""pid/"": /""grinnell:23337/"", /""title/"": /""Matlab Tools/"", /""files/"": []}, {/""pid/"": /""grinnell:23338/"", /""title/"": /""VIDI Feature Processing and Parsing for Text Recognition/"", /""files/"": []}, {/""pid/"": /""grinnell:23339/"", /""title/"": /""CUDA MaxEnt (r231)/"", /""files/"": []}, {/""pid/"": /""grinnell:23340/"", /""title/"": /""CUDA MaxEnt (r284)/"", /""files/"": []}, {/""pid/"": /""grinnell:23341/"", /""title/"": /""CUDA MaxEnt (updated)/"", /""files/"": []}, {/""pid/"": /""grinnell:23342/"", /""title/"": /""CUDA MaxEnt (diff r284:updated)/"", /""files/"": []}, {/""pid/"": /""grinnell:23343/"", /""title/"": /""Matlab Steerable Pyramid Tools/"", /""files/"": []}], /""paren/"": {/""pid/"": /""grinnell:23333/"", /""title/"": /""Code and Data for \\/""[Rp] Reproducing: 'Typographical features for scene text recognition'\\/""/"", /""files/"": [/""grinnell_23333_MODS.xml/"", /""grinnell_23333_RELS-EXT.rdf/""]}}"
,,991011507141204641,991011507141204641,,Social Context and the Spread of HIV: A Game-theoretic Investigation on Impacts of Social Stigma and HIV Education on Epidemic Outcomes,,,grinnell:11646; grinnell:11646; http://hdl.handle.net/11084/11646; alma:01GCL_INST/bibs/991011507141204641,http://hdl.handle.net/11084/11646,,"Nguyen, Trang Kieu; Ferguson, William D. (Class of 1975) (Faculty/Staff)",Grinnell College. Economics,Game-theoretic investigation on impacts of social stigma and HIV education on epidemic outcomes,,,,,,,,,,,,,"We provide a theoretical foundation for analyzing how social stigma and adopted behavioral traits affect the transmission of HIV across a population. We combine an evolutionary game-theoretic model—based on a relationship signaling stage game—with the SIR (susceptible-infected-recovered) model of disease transmission. Our evolutionary model specifies how two types of social stigma—that which accompanies an HIV+ condition and that which follows associating with an HIV+ partner—influence behavioral propensities to honestly report one’s condition (or not) and to unconditionally accept relationships (or not). With respect to reporting an HIV+ condition, we find that condition stigma impedes the fitness of honest reporting, whereas association stigma impedes the relative fitness of concealing an HIV+ condition; and both propensities can coexist in a polymorphic equilibrium. By linking our model to the SIR model, we find that condition stigma unambiguously enhances disease transmission by discouraging both honest reporting and a society’s acceptance of AIDS education, whereas association stigma has an ambiguous impact: on one hand it can impede HIV transmission by discouraging concealing behavior and unconditional relationship acceptance, but it also compromises a society’s acceptance of AIDS education. Our relatively simple evolutionary/SIR model offers a foundation for numerous theoretical extensions—such as applications to social network theory—as well as foundation for many testable empirical hypotheses.",,"Social Context and the Spread of HIV: A game-theoretic investigation on impacts of social stigma and HIV education on epidemic outcomes, William D. Ferguson and Trang Kieu Nguyen, Economies, August, 2014, 2, 171-192; doi:10.3390/economies2030171. ~ citation/reference",Article providing a theoretical foundation for analyzing how social stigma and adopted behavioral traits affect the transmission of HIV across a population.,Grinnell College,Grinnell College,25-Aug-2014,2014,25-Aug-2014,,25-Aug-2014,essays,born digital,,,,,,English,,Faculty Scholarship,Faculty Scholarship,Faculty Scholarship,,,,,"Copyright to this work is held by the author(s), in accordance with United States copyright law (USC 17). Readers of this work have certain rights as defined by the law, including but not limited to fair use (17 USC 107 et seq.).",,,,,,,,,,,,,,0075  https://docs.google.com/spreadsheets/d/1JzW8TGU8qJlBAlyoMyDS1mkLTGoaLrsCzVtwQo-4JlU/edit?usp=sharing,"{/""worksheet/"": /""https://docs.google.com/spreadsheets/d/1JzW8TGU8qJlBAlyoMyDS1mkLTGoaLrsCzVtwQo-4JlU#gid=1570273558/"", /""directory/"": /""smb://storage/mediadb/DGingest/Migration-to-Alma/exports/faculty-scholarship/"", /""object/"": {/""pid/"": /""grinnell:11646/"", /""title/"": /""Social Context and the Spread of HIV: A Game-theoretic Investigation on Impacts of Social Stigma and HIV Education on Epidemic Outcomes/"", /""files/"": [/""grinnell_11646_MODS.xml/"", /""grinnell_11646_RELS-EXT.rdf/""]}}"
,,991011507141304641,991011507141304641,,Forecasting/Time Series Analysis: An Introduction to Applied Statistics for Mathematics Students,Technical Report No.90-001,,grinnell:26684; grinnell:26684; http://hdl.handle.net/11084/26684; alma:01GCL_INST/bibs/991011507141304641,http://hdl.handle.net/11084/26684,,"Lock, Robin H.","Moore, Thomas L., Ph. D. (Faculty/Staff); Grinnell College. Mathematics and Statistics",Statistics in the Liberal Arts Workshop (SLAW),,,,,,,,,,,,,Statistics in the Liberal Arts Workshop (SLAW) workshop held in the Summer of 1991 and supported by the Exxon Corporation,,,"A course in time series analysis offers a number of unique opportunities for introducing mathematically oriented students to the applications of statistics. Characteristics of such a course and its suitability as a /""first course/"" in statistics are discussed.",Grinnell College,Grinnell College,1991,1991,1991,,,essays,digitized other analog,,,,,,English,,Faculty Scholarship,Faculty Scholarship,Faculty Scholarship,,,,,"Copyright to this work is held by the author(s), in accordance with United States copyright law (USC 17). Readers of this work have certain rights as defined by the law, including but not limited to fair use (17 USC 107 et seq.).",,,,,,,,,,,,,,0159  https://docs.google.com/spreadsheets/d/1JzW8TGU8qJlBAlyoMyDS1mkLTGoaLrsCzVtwQo-4JlU/edit?usp=sharing,"{/""worksheet/"": /""https://docs.google.com/spreadsheets/d/1JzW8TGU8qJlBAlyoMyDS1mkLTGoaLrsCzVtwQo-4JlU#gid=1570273558/"", /""directory/"": /""smb://storage/mediadb/DGingest/Migration-to-Alma/exports/faculty-scholarship/"", /""object/"": {/""pid/"": /""grinnell:26684/"", /""title/"": /""Forecasting/Time Series Analysis: An Introduction to Applied Statistics for Mathematics Students/"", /""files/"": [/""grinnell_26684_MODS.xml/"", /""grinnell_26684_RELS-EXT.rdf/""]}}"
,,991011507141404641,991011507141404641,parent: grinnell:23320,Deep Neural Networks for Text Detection and Recognition in Historical Maps,,,grinnell:23320; grinnell:23320; http://hdl.handle.net/11084/23320; alma:01GCL_INST/bibs/991011507141404641,http://hdl.handle.net/11084/23320,Deep Neural Networks for Text Detection and Recognition in Historical Maps (compound); Map Text Detector (database); CNN-LSTM-CTC-OCR (database); CTC Word Beam Search (database); Map Text Synthesizer (database); Map Text Synthesizer Word List (text); Map Data Gazetteer (database); Map Data Cross-Validation Folds (database); CNN-LSTM-CTC-OCR Checkpoints (program); MapTD Checkpoints (program),"Weinman, Jerod J. (Faculty/Staff); Gifford, Nathan (Class of 2020); Lamsal, Abyaya (Class of 2019)",Grinnell College. Computer Science,Text recognition,,,,,,,,,,,,,,,,"Code and experimental data for the ICDAR 2019 paper by Weinman et al. introducing deep convolutional and recurrent neural networks for end-to-end, open-vocabulary text reading on historical maps.",Grinnell College,Grinnell College,2019,2019,2019,,,compound,born digital,,,,,,English,,Faculty Scholarship,Faculty Scholarship,Faculty Scholarship,,,,21st century,"Copyright to this work is held by the author(s), in accordance with United States copyright law (USC 17). Readers of this work have certain rights as defined by the law, including but not limited to fair use (17 USC 107 et seq.).",,,,,,,,,,,,,,0129  https://docs.google.com/spreadsheets/d/1JzW8TGU8qJlBAlyoMyDS1mkLTGoaLrsCzVtwQo-4JlU/edit?usp=sharing,"{/""worksheet/"": /""https://docs.google.com/spreadsheets/d/1JzW8TGU8qJlBAlyoMyDS1mkLTGoaLrsCzVtwQo-4JlU#gid=1570273558/"", /""directory/"": /""smb://storage/mediadb/DGingest/Migration-to-Alma/exports/faculty-scholarship/"", /""children/"": [{/""pid/"": /""grinnell:23321/"", /""title/"": /""Map Text Detector/"", /""files/"": [/""grinnell_23321_MODS.xml/"", /""grinnell_23321_RELS-EXT.rdf/""]}, {/""pid/"": /""grinnell:23322/"", /""title/"": /""CNN-LSTM-CTC-OCR/"", /""files/"": [/""grinnell_23322_MODS.xml/"", /""grinnell_23322_RELS-EXT.rdf/""]}, {/""pid/"": /""grinnell:23323/"", /""title/"": /""CTC Word Beam Search/"", /""files/"": [/""grinnell_23323_MODS.xml/"", /""grinnell_23323_RELS-EXT.rdf/""]}, {/""pid/"": /""grinnell:23324/"", /""title/"": /""Map Text Synthesizer/"", /""files/"": [/""grinnell_23324_MODS.xml/"", /""grinnell_23324_RELS-EXT.rdf/""]}, {/""pid/"": /""grinnell:23325/"", /""title/"": /""Map Text Synthesizer Word List/"", /""files/"": [/""grinnell_23325_MODS.xml/"", /""grinnell_23325_RELS-EXT.rdf/""]}, {/""pid/"": /""grinnell:23326/"", /""title/"": /""Map Data Gazetteer/"", /""files/"": [/""grinnell_23326_MODS.xml/"", /""grinnell_23326_RELS-EXT.rdf/""]}, {/""pid/"": /""grinnell:23327/"", /""title/"": /""Map Data Cross-Validation Folds/"", /""files/"": [/""grinnell_23327_MODS.xml/"", /""grinnell_23327_RELS-EXT.rdf/""]}, {/""pid/"": /""grinnell:23328/"", /""title/"": /""CNN-LSTM-CTC-OCR Checkpoints/"", /""files/"": [/""grinnell_23328_MODS.xml/"", /""grinnell_23328_RELS-EXT.rdf/""]}, {/""pid/"": /""grinnell:23329/"", /""title/"": /""MapTD Checkpoints/"", /""files/"": [/""grinnell_23329_MODS.xml/"", /""grinnell_23329_RELS-EXT.rdf/""]}], /""paren/"": {/""pid/"": /""grinnell:23320/"", /""title/"": /""Deep Neural Networks for Text Detection and Recognition in Historical Maps/"", /""files/"": [/""grinnell_23320_MODS.xml/"", /""grinnell_23320_RELS-EXT.rdf/""]}}"
,,991011507141404641,991011507141404641,parent: grinnell:23320,Deep Neural Networks for Text Detection and Recognition in Historical Maps,,,grinnell:23320; grinnell:23320; http://hdl.handle.net/11084/23320; alma:01GCL_INST/bibs/991011507141404641,http://hdl.handle.net/11084/23320,Deep Neural Networks for Text Detection and Recognition in Historical Maps (compound); Map Text Detector (database); CNN-LSTM-CTC-OCR (database); CTC Word Beam Search (database); Map Text Synthesizer (database); Map Text Synthesizer Word List (text); Map Data Gazetteer (database); Map Data Cross-Validation Folds (database); CNN-LSTM-CTC-OCR Checkpoints (program); MapTD Checkpoints (program),"Weinman, Jerod J. (Faculty/Staff); Gifford, Nathan (Class of 2020); Lamsal, Abyaya (Class of 2019)",Grinnell College. Computer Science,Text recognition,,,,,,,,,,,,,,,,"Code and experimental data for the ICDAR 2019 paper by Weinman et al. introducing deep convolutional and recurrent neural networks for end-to-end, open-vocabulary text reading on historical maps.",Grinnell College,Grinnell College,2019,2019,2019,,,compound,born digital,,,,,,English,,Faculty Scholarship,Faculty Scholarship,Faculty Scholarship,,,,21st century,"Copyright to this work is held by the author(s), in accordance with United States copyright law (USC 17). Readers of this work have certain rights as defined by the law, including but not limited to fair use (17 USC 107 et seq.).",,,,,,,,,,,,,,0129  https://docs.google.com/spreadsheets/d/1JzW8TGU8qJlBAlyoMyDS1mkLTGoaLrsCzVtwQo-4JlU/edit?usp=sharing,"{/""worksheet/"": /""https://docs.google.com/spreadsheets/d/1JzW8TGU8qJlBAlyoMyDS1mkLTGoaLrsCzVtwQo-4JlU#gid=1570273558/"", /""directory/"": /""smb://storage/mediadb/DGingest/Migration-to-Alma/exports/faculty-scholarship/"", /""children/"": [{/""pid/"": /""grinnell:23321/"", /""title/"": /""Map Text Detector/"", /""files/"": [/""grinnell_23321_MODS.xml/"", /""grinnell_23321_RELS-EXT.rdf/""]}, {/""pid/"": /""grinnell:23322/"", /""title/"": /""CNN-LSTM-CTC-OCR/"", /""files/"": [/""grinnell_23322_MODS.xml/"", /""grinnell_23322_RELS-EXT.rdf/""]}, {/""pid/"": /""grinnell:23323/"", /""title/"": /""CTC Word Beam Search/"", /""files/"": [/""grinnell_23323_MODS.xml/"", /""grinnell_23323_RELS-EXT.rdf/""]}, {/""pid/"": /""grinnell:23324/"", /""title/"": /""Map Text Synthesizer/"", /""files/"": [/""grinnell_23324_MODS.xml/"", /""grinnell_23324_RELS-EXT.rdf/""]}, {/""pid/"": /""grinnell:23325/"", /""title/"": /""Map Text Synthesizer Word List/"", /""files/"": [/""grinnell_23325_MODS.xml/"", /""grinnell_23325_RELS-EXT.rdf/""]}, {/""pid/"": /""grinnell:23326/"", /""title/"": /""Map Data Gazetteer/"", /""files/"": [/""grinnell_23326_MODS.xml/"", /""grinnell_23326_RELS-EXT.rdf/""]}, {/""pid/"": /""grinnell:23327/"", /""title/"": /""Map Data Cross-Validation Folds/"", /""files/"": [/""grinnell_23327_MODS.xml/"", /""grinnell_23327_RELS-EXT.rdf/""]}, {/""pid/"": /""grinnell:23328/"", /""title/"": /""CNN-LSTM-CTC-OCR Checkpoints/"", /""files/"": [/""grinnell_23328_MODS.xml/"", /""grinnell_23328_RELS-EXT.rdf/""]}, {/""pid/"": /""grinnell:23329/"", /""title/"": /""MapTD Checkpoints/"", /""files/"": [/""grinnell_23329_MODS.xml/"", /""grinnell_23329_RELS-EXT.rdf/""]}], /""paren/"": {/""pid/"": /""grinnell:23320/"", /""title/"": /""Deep Neural Networks for Text Detection and Recognition in Historical Maps/"", /""files/"": [/""grinnell_23320_MODS.xml/"", /""grinnell_23320_RELS-EXT.rdf/""]}}"
,,991011507141404641,991011507141404641,parent: grinnell:23320,Deep Neural Networks for Text Detection and Recognition in Historical Maps,,,grinnell:23320; grinnell:23320; http://hdl.handle.net/11084/23320; alma:01GCL_INST/bibs/991011507141404641,http://hdl.handle.net/11084/23320,Deep Neural Networks for Text Detection and Recognition in Historical Maps (compound); Map Text Detector (database); CNN-LSTM-CTC-OCR (database); CTC Word Beam Search (database); Map Text Synthesizer (database); Map Text Synthesizer Word List (text); Map Data Gazetteer (database); Map Data Cross-Validation Folds (database); CNN-LSTM-CTC-OCR Checkpoints (program); MapTD Checkpoints (program),"Weinman, Jerod J. (Faculty/Staff); Gifford, Nathan (Class of 2020); Lamsal, Abyaya (Class of 2019)",Grinnell College. Computer Science,Text recognition,,,,,,,,,,,,,,,,"Code and experimental data for the ICDAR 2019 paper by Weinman et al. introducing deep convolutional and recurrent neural networks for end-to-end, open-vocabulary text reading on historical maps.",Grinnell College,Grinnell College,2019,2019,2019,,,compound,born digital,,,,,,English,,Faculty Scholarship,Faculty Scholarship,Faculty Scholarship,,,,21st century,"Copyright to this work is held by the author(s), in accordance with United States copyright law (USC 17). Readers of this work have certain rights as defined by the law, including but not limited to fair use (17 USC 107 et seq.).",,,,,,,,,,,,,,0129  https://docs.google.com/spreadsheets/d/1JzW8TGU8qJlBAlyoMyDS1mkLTGoaLrsCzVtwQo-4JlU/edit?usp=sharing,"{/""worksheet/"": /""https://docs.google.com/spreadsheets/d/1JzW8TGU8qJlBAlyoMyDS1mkLTGoaLrsCzVtwQo-4JlU#gid=1570273558/"", /""directory/"": /""smb://storage/mediadb/DGingest/Migration-to-Alma/exports/faculty-scholarship/"", /""children/"": [{/""pid/"": /""grinnell:23321/"", /""title/"": /""Map Text Detector/"", /""files/"": [/""grinnell_23321_MODS.xml/"", /""grinnell_23321_RELS-EXT.rdf/""]}, {/""pid/"": /""grinnell:23322/"", /""title/"": /""CNN-LSTM-CTC-OCR/"", /""files/"": [/""grinnell_23322_MODS.xml/"", /""grinnell_23322_RELS-EXT.rdf/""]}, {/""pid/"": /""grinnell:23323/"", /""title/"": /""CTC Word Beam Search/"", /""files/"": [/""grinnell_23323_MODS.xml/"", /""grinnell_23323_RELS-EXT.rdf/""]}, {/""pid/"": /""grinnell:23324/"", /""title/"": /""Map Text Synthesizer/"", /""files/"": [/""grinnell_23324_MODS.xml/"", /""grinnell_23324_RELS-EXT.rdf/""]}, {/""pid/"": /""grinnell:23325/"", /""title/"": /""Map Text Synthesizer Word List/"", /""files/"": [/""grinnell_23325_MODS.xml/"", /""grinnell_23325_RELS-EXT.rdf/""]}, {/""pid/"": /""grinnell:23326/"", /""title/"": /""Map Data Gazetteer/"", /""files/"": [/""grinnell_23326_MODS.xml/"", /""grinnell_23326_RELS-EXT.rdf/""]}, {/""pid/"": /""grinnell:23327/"", /""title/"": /""Map Data Cross-Validation Folds/"", /""files/"": [/""grinnell_23327_MODS.xml/"", /""grinnell_23327_RELS-EXT.rdf/""]}, {/""pid/"": /""grinnell:23328/"", /""title/"": /""CNN-LSTM-CTC-OCR Checkpoints/"", /""files/"": [/""grinnell_23328_MODS.xml/"", /""grinnell_23328_RELS-EXT.rdf/""]}, {/""pid/"": /""grinnell:23329/"", /""title/"": /""MapTD Checkpoints/"", /""files/"": [/""grinnell_23329_MODS.xml/"", /""grinnell_23329_RELS-EXT.rdf/""]}], /""paren/"": {/""pid/"": /""grinnell:23320/"", /""title/"": /""Deep Neural Networks for Text Detection and Recognition in Historical Maps/"", /""files/"": [/""grinnell_23320_MODS.xml/"", /""grinnell_23320_RELS-EXT.rdf/""]}}"
,,991011507141404641,991011507141404641,parent: grinnell:23320,Deep Neural Networks for Text Detection and Recognition in Historical Maps,,,grinnell:23320; grinnell:23320; http://hdl.handle.net/11084/23320; alma:01GCL_INST/bibs/991011507141404641,http://hdl.handle.net/11084/23320,Deep Neural Networks for Text Detection and Recognition in Historical Maps (compound); Map Text Detector (database); CNN-LSTM-CTC-OCR (database); CTC Word Beam Search (database); Map Text Synthesizer (database); Map Text Synthesizer Word List (text); Map Data Gazetteer (database); Map Data Cross-Validation Folds (database); CNN-LSTM-CTC-OCR Checkpoints (program); MapTD Checkpoints (program),"Weinman, Jerod J. (Faculty/Staff); Gifford, Nathan (Class of 2020); Lamsal, Abyaya (Class of 2019)",Grinnell College. Computer Science,Text recognition,,,,,,,,,,,,,,,,"Code and experimental data for the ICDAR 2019 paper by Weinman et al. introducing deep convolutional and recurrent neural networks for end-to-end, open-vocabulary text reading on historical maps.",Grinnell College,Grinnell College,2019,2019,2019,,,compound,born digital,,,,,,English,,Faculty Scholarship,Faculty Scholarship,Faculty Scholarship,,,,21st century,"Copyright to this work is held by the author(s), in accordance with United States copyright law (USC 17). Readers of this work have certain rights as defined by the law, including but not limited to fair use (17 USC 107 et seq.).",,,,,,,,,,,,,,0129  https://docs.google.com/spreadsheets/d/1JzW8TGU8qJlBAlyoMyDS1mkLTGoaLrsCzVtwQo-4JlU/edit?usp=sharing,"{/""worksheet/"": /""https://docs.google.com/spreadsheets/d/1JzW8TGU8qJlBAlyoMyDS1mkLTGoaLrsCzVtwQo-4JlU#gid=1570273558/"", /""directory/"": /""smb://storage/mediadb/DGingest/Migration-to-Alma/exports/faculty-scholarship/"", /""children/"": [{/""pid/"": /""grinnell:23321/"", /""title/"": /""Map Text Detector/"", /""files/"": [/""grinnell_23321_MODS.xml/"", /""grinnell_23321_RELS-EXT.rdf/""]}, {/""pid/"": /""grinnell:23322/"", /""title/"": /""CNN-LSTM-CTC-OCR/"", /""files/"": [/""grinnell_23322_MODS.xml/"", /""grinnell_23322_RELS-EXT.rdf/""]}, {/""pid/"": /""grinnell:23323/"", /""title/"": /""CTC Word Beam Search/"", /""files/"": [/""grinnell_23323_MODS.xml/"", /""grinnell_23323_RELS-EXT.rdf/""]}, {/""pid/"": /""grinnell:23324/"", /""title/"": /""Map Text Synthesizer/"", /""files/"": [/""grinnell_23324_MODS.xml/"", /""grinnell_23324_RELS-EXT.rdf/""]}, {/""pid/"": /""grinnell:23325/"", /""title/"": /""Map Text Synthesizer Word List/"", /""files/"": [/""grinnell_23325_MODS.xml/"", /""grinnell_23325_RELS-EXT.rdf/""]}, {/""pid/"": /""grinnell:23326/"", /""title/"": /""Map Data Gazetteer/"", /""files/"": [/""grinnell_23326_MODS.xml/"", /""grinnell_23326_RELS-EXT.rdf/""]}, {/""pid/"": /""grinnell:23327/"", /""title/"": /""Map Data Cross-Validation Folds/"", /""files/"": [/""grinnell_23327_MODS.xml/"", /""grinnell_23327_RELS-EXT.rdf/""]}, {/""pid/"": /""grinnell:23328/"", /""title/"": /""CNN-LSTM-CTC-OCR Checkpoints/"", /""files/"": [/""grinnell_23328_MODS.xml/"", /""grinnell_23328_RELS-EXT.rdf/""]}, {/""pid/"": /""grinnell:23329/"", /""title/"": /""MapTD Checkpoints/"", /""files/"": [/""grinnell_23329_MODS.xml/"", /""grinnell_23329_RELS-EXT.rdf/""]}], /""paren/"": {/""pid/"": /""grinnell:23320/"", /""title/"": /""Deep Neural Networks for Text Detection and Recognition in Historical Maps/"", /""files/"": [/""grinnell_23320_MODS.xml/"", /""grinnell_23320_RELS-EXT.rdf/""]}}"
,,991011507141404641,991011507141404641,parent: grinnell:23320,Deep Neural Networks for Text Detection and Recognition in Historical Maps,,,grinnell:23320; grinnell:23320; http://hdl.handle.net/11084/23320; alma:01GCL_INST/bibs/991011507141404641,http://hdl.handle.net/11084/23320,Deep Neural Networks for Text Detection and Recognition in Historical Maps (compound); Map Text Detector (database); CNN-LSTM-CTC-OCR (database); CTC Word Beam Search (database); Map Text Synthesizer (database); Map Text Synthesizer Word List (text); Map Data Gazetteer (database); Map Data Cross-Validation Folds (database); CNN-LSTM-CTC-OCR Checkpoints (program); MapTD Checkpoints (program),"Weinman, Jerod J. (Faculty/Staff); Gifford, Nathan (Class of 2020); Lamsal, Abyaya (Class of 2019)",Grinnell College. Computer Science,Text recognition,,,,,,,,,,,,,,,,"Code and experimental data for the ICDAR 2019 paper by Weinman et al. introducing deep convolutional and recurrent neural networks for end-to-end, open-vocabulary text reading on historical maps.",Grinnell College,Grinnell College,2019,2019,2019,,,compound,born digital,,,,,,English,,Faculty Scholarship,Faculty Scholarship,Faculty Scholarship,,,,21st century,"Copyright to this work is held by the author(s), in accordance with United States copyright law (USC 17). Readers of this work have certain rights as defined by the law, including but not limited to fair use (17 USC 107 et seq.).",,,,,,,,,,,,,,0129  https://docs.google.com/spreadsheets/d/1JzW8TGU8qJlBAlyoMyDS1mkLTGoaLrsCzVtwQo-4JlU/edit?usp=sharing,"{/""worksheet/"": /""https://docs.google.com/spreadsheets/d/1JzW8TGU8qJlBAlyoMyDS1mkLTGoaLrsCzVtwQo-4JlU#gid=1570273558/"", /""directory/"": /""smb://storage/mediadb/DGingest/Migration-to-Alma/exports/faculty-scholarship/"", /""children/"": [{/""pid/"": /""grinnell:23321/"", /""title/"": /""Map Text Detector/"", /""files/"": [/""grinnell_23321_MODS.xml/"", /""grinnell_23321_RELS-EXT.rdf/""]}, {/""pid/"": /""grinnell:23322/"", /""title/"": /""CNN-LSTM-CTC-OCR/"", /""files/"": [/""grinnell_23322_MODS.xml/"", /""grinnell_23322_RELS-EXT.rdf/""]}, {/""pid/"": /""grinnell:23323/"", /""title/"": /""CTC Word Beam Search/"", /""files/"": [/""grinnell_23323_MODS.xml/"", /""grinnell_23323_RELS-EXT.rdf/""]}, {/""pid/"": /""grinnell:23324/"", /""title/"": /""Map Text Synthesizer/"", /""files/"": [/""grinnell_23324_MODS.xml/"", /""grinnell_23324_RELS-EXT.rdf/""]}, {/""pid/"": /""grinnell:23325/"", /""title/"": /""Map Text Synthesizer Word List/"", /""files/"": [/""grinnell_23325_MODS.xml/"", /""grinnell_23325_RELS-EXT.rdf/""]}, {/""pid/"": /""grinnell:23326/"", /""title/"": /""Map Data Gazetteer/"", /""files/"": [/""grinnell_23326_MODS.xml/"", /""grinnell_23326_RELS-EXT.rdf/""]}, {/""pid/"": /""grinnell:23327/"", /""title/"": /""Map Data Cross-Validation Folds/"", /""files/"": [/""grinnell_23327_MODS.xml/"", /""grinnell_23327_RELS-EXT.rdf/""]}, {/""pid/"": /""grinnell:23328/"", /""title/"": /""CNN-LSTM-CTC-OCR Checkpoints/"", /""files/"": [/""grinnell_23328_MODS.xml/"", /""grinnell_23328_RELS-EXT.rdf/""]}, {/""pid/"": /""grinnell:23329/"", /""title/"": /""MapTD Checkpoints/"", /""files/"": [/""grinnell_23329_MODS.xml/"", /""grinnell_23329_RELS-EXT.rdf/""]}], /""paren/"": {/""pid/"": /""grinnell:23320/"", /""title/"": /""Deep Neural Networks for Text Detection and Recognition in Historical Maps/"", /""files/"": [/""grinnell_23320_MODS.xml/"", /""grinnell_23320_RELS-EXT.rdf/""]}}"
,,991011507141404641,991011507141404641,parent: grinnell:23320,Deep Neural Networks for Text Detection and Recognition in Historical Maps,,,grinnell:23320; grinnell:23320; http://hdl.handle.net/11084/23320; alma:01GCL_INST/bibs/991011507141404641,http://hdl.handle.net/11084/23320,Deep Neural Networks for Text Detection and Recognition in Historical Maps (compound); Map Text Detector (database); CNN-LSTM-CTC-OCR (database); CTC Word Beam Search (database); Map Text Synthesizer (database); Map Text Synthesizer Word List (text); Map Data Gazetteer (database); Map Data Cross-Validation Folds (database); CNN-LSTM-CTC-OCR Checkpoints (program); MapTD Checkpoints (program),"Weinman, Jerod J. (Faculty/Staff); Gifford, Nathan (Class of 2020); Lamsal, Abyaya (Class of 2019)",Grinnell College. Computer Science,Text recognition,,,,,,,,,,,,,,,,"Code and experimental data for the ICDAR 2019 paper by Weinman et al. introducing deep convolutional and recurrent neural networks for end-to-end, open-vocabulary text reading on historical maps.",Grinnell College,Grinnell College,2019,2019,2019,,,compound,born digital,,,,,,English,,Faculty Scholarship,Faculty Scholarship,Faculty Scholarship,,,,21st century,"Copyright to this work is held by the author(s), in accordance with United States copyright law (USC 17). Readers of this work have certain rights as defined by the law, including but not limited to fair use (17 USC 107 et seq.).",,,,,,,,,,,,,,0129  https://docs.google.com/spreadsheets/d/1JzW8TGU8qJlBAlyoMyDS1mkLTGoaLrsCzVtwQo-4JlU/edit?usp=sharing,"{/""worksheet/"": /""https://docs.google.com/spreadsheets/d/1JzW8TGU8qJlBAlyoMyDS1mkLTGoaLrsCzVtwQo-4JlU#gid=1570273558/"", /""directory/"": /""smb://storage/mediadb/DGingest/Migration-to-Alma/exports/faculty-scholarship/"", /""children/"": [{/""pid/"": /""grinnell:23321/"", /""title/"": /""Map Text Detector/"", /""files/"": [/""grinnell_23321_MODS.xml/"", /""grinnell_23321_RELS-EXT.rdf/""]}, {/""pid/"": /""grinnell:23322/"", /""title/"": /""CNN-LSTM-CTC-OCR/"", /""files/"": [/""grinnell_23322_MODS.xml/"", /""grinnell_23322_RELS-EXT.rdf/""]}, {/""pid/"": /""grinnell:23323/"", /""title/"": /""CTC Word Beam Search/"", /""files/"": [/""grinnell_23323_MODS.xml/"", /""grinnell_23323_RELS-EXT.rdf/""]}, {/""pid/"": /""grinnell:23324/"", /""title/"": /""Map Text Synthesizer/"", /""files/"": [/""grinnell_23324_MODS.xml/"", /""grinnell_23324_RELS-EXT.rdf/""]}, {/""pid/"": /""grinnell:23325/"", /""title/"": /""Map Text Synthesizer Word List/"", /""files/"": [/""grinnell_23325_MODS.xml/"", /""grinnell_23325_RELS-EXT.rdf/""]}, {/""pid/"": /""grinnell:23326/"", /""title/"": /""Map Data Gazetteer/"", /""files/"": [/""grinnell_23326_MODS.xml/"", /""grinnell_23326_RELS-EXT.rdf/""]}, {/""pid/"": /""grinnell:23327/"", /""title/"": /""Map Data Cross-Validation Folds/"", /""files/"": [/""grinnell_23327_MODS.xml/"", /""grinnell_23327_RELS-EXT.rdf/""]}, {/""pid/"": /""grinnell:23328/"", /""title/"": /""CNN-LSTM-CTC-OCR Checkpoints/"", /""files/"": [/""grinnell_23328_MODS.xml/"", /""grinnell_23328_RELS-EXT.rdf/""]}, {/""pid/"": /""grinnell:23329/"", /""title/"": /""MapTD Checkpoints/"", /""files/"": [/""grinnell_23329_MODS.xml/"", /""grinnell_23329_RELS-EXT.rdf/""]}], /""paren/"": {/""pid/"": /""grinnell:23320/"", /""title/"": /""Deep Neural Networks for Text Detection and Recognition in Historical Maps/"", /""files/"": [/""grinnell_23320_MODS.xml/"", /""grinnell_23320_RELS-EXT.rdf/""]}}"
,,991011507141404641,991011507141404641,parent: grinnell:23320,Deep Neural Networks for Text Detection and Recognition in Historical Maps,,,grinnell:23320; grinnell:23320; http://hdl.handle.net/11084/23320; alma:01GCL_INST/bibs/991011507141404641,http://hdl.handle.net/11084/23320,Deep Neural Networks for Text Detection and Recognition in Historical Maps (compound); Map Text Detector (database); CNN-LSTM-CTC-OCR (database); CTC Word Beam Search (database); Map Text Synthesizer (database); Map Text Synthesizer Word List (text); Map Data Gazetteer (database); Map Data Cross-Validation Folds (database); CNN-LSTM-CTC-OCR Checkpoints (program); MapTD Checkpoints (program),"Weinman, Jerod J. (Faculty/Staff); Gifford, Nathan (Class of 2020); Lamsal, Abyaya (Class of 2019)",Grinnell College. Computer Science,Text recognition,,,,,,,,,,,,,,,,"Code and experimental data for the ICDAR 2019 paper by Weinman et al. introducing deep convolutional and recurrent neural networks for end-to-end, open-vocabulary text reading on historical maps.",Grinnell College,Grinnell College,2019,2019,2019,,,compound,born digital,,,,,,English,,Faculty Scholarship,Faculty Scholarship,Faculty Scholarship,,,,21st century,"Copyright to this work is held by the author(s), in accordance with United States copyright law (USC 17). Readers of this work have certain rights as defined by the law, including but not limited to fair use (17 USC 107 et seq.).",,,,,,,,,,,,,,0129  https://docs.google.com/spreadsheets/d/1JzW8TGU8qJlBAlyoMyDS1mkLTGoaLrsCzVtwQo-4JlU/edit?usp=sharing,"{/""worksheet/"": /""https://docs.google.com/spreadsheets/d/1JzW8TGU8qJlBAlyoMyDS1mkLTGoaLrsCzVtwQo-4JlU#gid=1570273558/"", /""directory/"": /""smb://storage/mediadb/DGingest/Migration-to-Alma/exports/faculty-scholarship/"", /""children/"": [{/""pid/"": /""grinnell:23321/"", /""title/"": /""Map Text Detector/"", /""files/"": [/""grinnell_23321_MODS.xml/"", /""grinnell_23321_RELS-EXT.rdf/""]}, {/""pid/"": /""grinnell:23322/"", /""title/"": /""CNN-LSTM-CTC-OCR/"", /""files/"": [/""grinnell_23322_MODS.xml/"", /""grinnell_23322_RELS-EXT.rdf/""]}, {/""pid/"": /""grinnell:23323/"", /""title/"": /""CTC Word Beam Search/"", /""files/"": [/""grinnell_23323_MODS.xml/"", /""grinnell_23323_RELS-EXT.rdf/""]}, {/""pid/"": /""grinnell:23324/"", /""title/"": /""Map Text Synthesizer/"", /""files/"": [/""grinnell_23324_MODS.xml/"", /""grinnell_23324_RELS-EXT.rdf/""]}, {/""pid/"": /""grinnell:23325/"", /""title/"": /""Map Text Synthesizer Word List/"", /""files/"": [/""grinnell_23325_MODS.xml/"", /""grinnell_23325_RELS-EXT.rdf/""]}, {/""pid/"": /""grinnell:23326/"", /""title/"": /""Map Data Gazetteer/"", /""files/"": [/""grinnell_23326_MODS.xml/"", /""grinnell_23326_RELS-EXT.rdf/""]}, {/""pid/"": /""grinnell:23327/"", /""title/"": /""Map Data Cross-Validation Folds/"", /""files/"": [/""grinnell_23327_MODS.xml/"", /""grinnell_23327_RELS-EXT.rdf/""]}, {/""pid/"": /""grinnell:23328/"", /""title/"": /""CNN-LSTM-CTC-OCR Checkpoints/"", /""files/"": [/""grinnell_23328_MODS.xml/"", /""grinnell_23328_RELS-EXT.rdf/""]}, {/""pid/"": /""grinnell:23329/"", /""title/"": /""MapTD Checkpoints/"", /""files/"": [/""grinnell_23329_MODS.xml/"", /""grinnell_23329_RELS-EXT.rdf/""]}], /""paren/"": {/""pid/"": /""grinnell:23320/"", /""title/"": /""Deep Neural Networks for Text Detection and Recognition in Historical Maps/"", /""files/"": [/""grinnell_23320_MODS.xml/"", /""grinnell_23320_RELS-EXT.rdf/""]}}"
,,991011507141404641,991011507141404641,parent: grinnell:23320,Deep Neural Networks for Text Detection and Recognition in Historical Maps,,,grinnell:23320; grinnell:23320; http://hdl.handle.net/11084/23320; alma:01GCL_INST/bibs/991011507141404641,http://hdl.handle.net/11084/23320,Deep Neural Networks for Text Detection and Recognition in Historical Maps (compound); Map Text Detector (database); CNN-LSTM-CTC-OCR (database); CTC Word Beam Search (database); Map Text Synthesizer (database); Map Text Synthesizer Word List (text); Map Data Gazetteer (database); Map Data Cross-Validation Folds (database); CNN-LSTM-CTC-OCR Checkpoints (program); MapTD Checkpoints (program),"Weinman, Jerod J. (Faculty/Staff); Gifford, Nathan (Class of 2020); Lamsal, Abyaya (Class of 2019)",Grinnell College. Computer Science,Text recognition,,,,,,,,,,,,,,,,"Code and experimental data for the ICDAR 2019 paper by Weinman et al. introducing deep convolutional and recurrent neural networks for end-to-end, open-vocabulary text reading on historical maps.",Grinnell College,Grinnell College,2019,2019,2019,,,compound,born digital,,,,,,English,,Faculty Scholarship,Faculty Scholarship,Faculty Scholarship,,,,21st century,"Copyright to this work is held by the author(s), in accordance with United States copyright law (USC 17). Readers of this work have certain rights as defined by the law, including but not limited to fair use (17 USC 107 et seq.).",,,,,,,,,,,,,,0129  https://docs.google.com/spreadsheets/d/1JzW8TGU8qJlBAlyoMyDS1mkLTGoaLrsCzVtwQo-4JlU/edit?usp=sharing,"{/""worksheet/"": /""https://docs.google.com/spreadsheets/d/1JzW8TGU8qJlBAlyoMyDS1mkLTGoaLrsCzVtwQo-4JlU#gid=1570273558/"", /""directory/"": /""smb://storage/mediadb/DGingest/Migration-to-Alma/exports/faculty-scholarship/"", /""children/"": [{/""pid/"": /""grinnell:23321/"", /""title/"": /""Map Text Detector/"", /""files/"": [/""grinnell_23321_MODS.xml/"", /""grinnell_23321_RELS-EXT.rdf/""]}, {/""pid/"": /""grinnell:23322/"", /""title/"": /""CNN-LSTM-CTC-OCR/"", /""files/"": [/""grinnell_23322_MODS.xml/"", /""grinnell_23322_RELS-EXT.rdf/""]}, {/""pid/"": /""grinnell:23323/"", /""title/"": /""CTC Word Beam Search/"", /""files/"": [/""grinnell_23323_MODS.xml/"", /""grinnell_23323_RELS-EXT.rdf/""]}, {/""pid/"": /""grinnell:23324/"", /""title/"": /""Map Text Synthesizer/"", /""files/"": [/""grinnell_23324_MODS.xml/"", /""grinnell_23324_RELS-EXT.rdf/""]}, {/""pid/"": /""grinnell:23325/"", /""title/"": /""Map Text Synthesizer Word List/"", /""files/"": [/""grinnell_23325_MODS.xml/"", /""grinnell_23325_RELS-EXT.rdf/""]}, {/""pid/"": /""grinnell:23326/"", /""title/"": /""Map Data Gazetteer/"", /""files/"": [/""grinnell_23326_MODS.xml/"", /""grinnell_23326_RELS-EXT.rdf/""]}, {/""pid/"": /""grinnell:23327/"", /""title/"": /""Map Data Cross-Validation Folds/"", /""files/"": [/""grinnell_23327_MODS.xml/"", /""grinnell_23327_RELS-EXT.rdf/""]}, {/""pid/"": /""grinnell:23328/"", /""title/"": /""CNN-LSTM-CTC-OCR Checkpoints/"", /""files/"": [/""grinnell_23328_MODS.xml/"", /""grinnell_23328_RELS-EXT.rdf/""]}, {/""pid/"": /""grinnell:23329/"", /""title/"": /""MapTD Checkpoints/"", /""files/"": [/""grinnell_23329_MODS.xml/"", /""grinnell_23329_RELS-EXT.rdf/""]}], /""paren/"": {/""pid/"": /""grinnell:23320/"", /""title/"": /""Deep Neural Networks for Text Detection and Recognition in Historical Maps/"", /""files/"": [/""grinnell_23320_MODS.xml/"", /""grinnell_23320_RELS-EXT.rdf/""]}}"
,,991011507141404641,991011507141404641,parent: grinnell:23320,Deep Neural Networks for Text Detection and Recognition in Historical Maps,,,grinnell:23320; grinnell:23320; http://hdl.handle.net/11084/23320; alma:01GCL_INST/bibs/991011507141404641,http://hdl.handle.net/11084/23320,Deep Neural Networks for Text Detection and Recognition in Historical Maps (compound); Map Text Detector (database); CNN-LSTM-CTC-OCR (database); CTC Word Beam Search (database); Map Text Synthesizer (database); Map Text Synthesizer Word List (text); Map Data Gazetteer (database); Map Data Cross-Validation Folds (database); CNN-LSTM-CTC-OCR Checkpoints (program); MapTD Checkpoints (program),"Weinman, Jerod J. (Faculty/Staff); Gifford, Nathan (Class of 2020); Lamsal, Abyaya (Class of 2019)",Grinnell College. Computer Science,Text recognition,,,,,,,,,,,,,,,,"Code and experimental data for the ICDAR 2019 paper by Weinman et al. introducing deep convolutional and recurrent neural networks for end-to-end, open-vocabulary text reading on historical maps.",Grinnell College,Grinnell College,2019,2019,2019,,,compound,born digital,,,,,,English,,Faculty Scholarship,Faculty Scholarship,Faculty Scholarship,,,,21st century,"Copyright to this work is held by the author(s), in accordance with United States copyright law (USC 17). Readers of this work have certain rights as defined by the law, including but not limited to fair use (17 USC 107 et seq.).",,,,,,,,,,,,,,0129  https://docs.google.com/spreadsheets/d/1JzW8TGU8qJlBAlyoMyDS1mkLTGoaLrsCzVtwQo-4JlU/edit?usp=sharing,"{/""worksheet/"": /""https://docs.google.com/spreadsheets/d/1JzW8TGU8qJlBAlyoMyDS1mkLTGoaLrsCzVtwQo-4JlU#gid=1570273558/"", /""directory/"": /""smb://storage/mediadb/DGingest/Migration-to-Alma/exports/faculty-scholarship/"", /""children/"": [{/""pid/"": /""grinnell:23321/"", /""title/"": /""Map Text Detector/"", /""files/"": [/""grinnell_23321_MODS.xml/"", /""grinnell_23321_RELS-EXT.rdf/""]}, {/""pid/"": /""grinnell:23322/"", /""title/"": /""CNN-LSTM-CTC-OCR/"", /""files/"": [/""grinnell_23322_MODS.xml/"", /""grinnell_23322_RELS-EXT.rdf/""]}, {/""pid/"": /""grinnell:23323/"", /""title/"": /""CTC Word Beam Search/"", /""files/"": [/""grinnell_23323_MODS.xml/"", /""grinnell_23323_RELS-EXT.rdf/""]}, {/""pid/"": /""grinnell:23324/"", /""title/"": /""Map Text Synthesizer/"", /""files/"": [/""grinnell_23324_MODS.xml/"", /""grinnell_23324_RELS-EXT.rdf/""]}, {/""pid/"": /""grinnell:23325/"", /""title/"": /""Map Text Synthesizer Word List/"", /""files/"": [/""grinnell_23325_MODS.xml/"", /""grinnell_23325_RELS-EXT.rdf/""]}, {/""pid/"": /""grinnell:23326/"", /""title/"": /""Map Data Gazetteer/"", /""files/"": [/""grinnell_23326_MODS.xml/"", /""grinnell_23326_RELS-EXT.rdf/""]}, {/""pid/"": /""grinnell:23327/"", /""title/"": /""Map Data Cross-Validation Folds/"", /""files/"": [/""grinnell_23327_MODS.xml/"", /""grinnell_23327_RELS-EXT.rdf/""]}, {/""pid/"": /""grinnell:23328/"", /""title/"": /""CNN-LSTM-CTC-OCR Checkpoints/"", /""files/"": [/""grinnell_23328_MODS.xml/"", /""grinnell_23328_RELS-EXT.rdf/""]}, {/""pid/"": /""grinnell:23329/"", /""title/"": /""MapTD Checkpoints/"", /""files/"": [/""grinnell_23329_MODS.xml/"", /""grinnell_23329_RELS-EXT.rdf/""]}], /""paren/"": {/""pid/"": /""grinnell:23320/"", /""title/"": /""Deep Neural Networks for Text Detection and Recognition in Historical Maps/"", /""files/"": [/""grinnell_23320_MODS.xml/"", /""grinnell_23320_RELS-EXT.rdf/""]}}"
,,991011507141504641,991011507141504641,,Cycles of Conflict: A Computational Modeling Alternative to Collins's Theory of Conflict Escalation,,,grinnell:11475; grinnell:11475; http://hdl.handle.net/11084/11475; alma:01GCL_INST/bibs/991011507141504641,http://hdl.handle.net/11084/11475,,"McClelland, Kent A. (Faculty/Staff)",Grinnell College. Sociology,Computational Modeling Alternative to Collins's Theory of Conflict Escalation,,,,,,,,,,,,,"In a new theory of conflict escalation, Randall Collins engages critical issues of violent conflict and presents a compellingly plausible theoretical description based on his extensive empirical research. He also sets a new challenge for sociology: explaining the time dynamics of social interaction. However, despite heavy reliance on the quantitative concept of positive feedback loops in his theory, Collins presents no mathematical specification of the dynamic relationships among his variables. This article seeks to fill that gap by offering a computational model that can parsimoniously account for many features of Collins's theory. My model uses perceptual control theory to create an agent-based computational model of the time dynamics of conflict. With greater conceptual clarity and more wide-ranging generalizability, my alternative model opens the door to further advances in theory development by revealing dynamic aspects of conflict escalation not found in Collins's model.",,"McClelland, Kent.  Cycles of Conflict: A Computational Modeling Alternative to Collins's Theory of Conflict Escalation Sociological Theory June 2014 vol. 32 no. 2 100-127 doi: 10.1177/0735275114536387 ~ citation/reference",This article seeks to  offer a computational model that can parsimoniously account for many features of Collins's theory of conflict escalation.,Grinnell College,Grinnell College,16-Jun-2014,2014,16-Jun-2014,,16-Jun-2014,essays,born digital,,,,,,English,,Faculty Scholarship,Faculty Scholarship,Faculty Scholarship,,,,,"Copyright to this work is held by the author(s), in accordance with United States copyright law (USC 17). Readers of this work have certain rights as defined by the law, including but not limited to fair use (17 USC 107 et seq.).",,,,,,,,,,,,,,0074  https://docs.google.com/spreadsheets/d/1JzW8TGU8qJlBAlyoMyDS1mkLTGoaLrsCzVtwQo-4JlU/edit?usp=sharing,"{/""worksheet/"": /""https://docs.google.com/spreadsheets/d/1JzW8TGU8qJlBAlyoMyDS1mkLTGoaLrsCzVtwQo-4JlU#gid=1570273558/"", /""directory/"": /""smb://storage/mediadb/DGingest/Migration-to-Alma/exports/faculty-scholarship/"", /""object/"": {/""pid/"": /""grinnell:11475/"", /""title/"": /""Cycles of Conflict: A Computational Modeling Alternative to Collins's Theory of Conflict Escalation/"", /""files/"": [/""grinnell_11475_MODS.xml/"", /""grinnell_11475_RELS-EXT.rdf/""]}}"
,,991011507141604641,991011507141604641,,Reduced pollinator service and elevated pollen limitation at the geographic range limit of an annual plant,,,grinnell:26667; grinnell:26667; http://hdl.handle.net/11084/26667; alma:01GCL_INST/bibs/991011507141604641,http://hdl.handle.net/11084/26667,,"Moeller, David A.; Geber, Monica A.; Eckhart, V. M. (Faculty/Staff); Tiffin, Peter",Grinnell College. Biology,reproductive assurance,,,,,,,,,,,,,"Mutualisms are well known to influence individual fitness and the population dynamics of partner species, but little is known about whether they influence species distributions and the location of geographic range limits. Here, we examine the contribution of plant-pollinator interactions to the geographic range limit of the California endemic plant Clarkia xantiana ssp. xantiana. We show that pollinator availability declined from the center to the margin of the geographic range consistently across four years of study. This decline in pollinator availability was caused to a greater extent by variation in the abundance of generalist rather than specialist bee pollinators. Climate data suggest that patterns of precipitation in the current and previous year drove variation in bee abundance because of its effects on cues for bee emergence in the current year and the abundance of floral resources in the previous year. Experimental floral manipulations showed that marginal populations had greater outcross pollen limitation of reproduction, in parallel with the decline in pollinator abundance. Although plants are self-compatible, we found no evidence that autonomous selfing contributes to reproduction, and thus no evidence that it alleviates outcross pollen limitation in marginal populations. Furthermore, we found no association between the distance to the range edge and selfing rate, as estimated from sequence and microsatellite variation, indicating that the mating system has not evolved in response to the pollination environment at the range periphery. Overall, our results suggest that dependence on pollinators for reproduction may be an important constraint limiting range expansion in this system.",,"Moeller, D. A., Geber, M. A., Eckhart, V. M., &amp; Tiffin, P. (2012). Reduced pollinator service and elevated pollen limitation at the geographic range limit of an annual plant. Ecology, 93(5), 1036-1048.",We examine the contribution of plant pollinator interactions to the geographic range limit of the California endemic plant Clarkia xantiana ssp. xantiana. We show that pollinator availability declined from the center to the margin of the geographic range consistently across four years of study.,Grinnell College,Grinnell College,2012,2012,2012,,,essays,reformatted digital,,,,,,English,,Faculty Scholarship,Faculty Scholarship,Faculty Scholarship,,California,,,"Copyright to this work is held by the author(s), in accordance with United States copyright law (USC 17). Readers of this work have certain rights as defined by the law, including but not limited to fair use (17 USC 107 et seq.).",,,,,,,,,,,,,,0158  https://docs.google.com/spreadsheets/d/1JzW8TGU8qJlBAlyoMyDS1mkLTGoaLrsCzVtwQo-4JlU/edit?usp=sharing,"{/""worksheet/"": /""https://docs.google.com/spreadsheets/d/1JzW8TGU8qJlBAlyoMyDS1mkLTGoaLrsCzVtwQo-4JlU#gid=1570273558/"", /""directory/"": /""smb://storage/mediadb/DGingest/Migration-to-Alma/exports/faculty-scholarship/"", /""object/"": {/""pid/"": /""grinnell:26667/"", /""title/"": /""Reduced pollinator service and elevated pollen limitation at the geographic range limit of an annual plant/"", /""files/"": [/""grinnell_26667_MODS.xml/"", /""grinnell_26667_RELS-EXT.rdf/""]}}"
,,991011507141704641,991011507141704641,parent: grinnell:34450,"Counting the Corner Cases: Revisiting Robust Reading Challenge Data Sets, Evaluation Protocols, and Metrics",,,grinnell:34450; grinnell:34450; http://hdl.handle.net/11084/34450; alma:01GCL_INST/bibs/991011507141704641,http://hdl.handle.net/11084/34450,"Counting the Corner Cases: Revisiting Robust Reading Challenge Data Sets, Evaluation Protocols, and Metrics (compound); Research Paper (Embargo Document) (text); Code ZIP (dataset); Results TAR (dataset); Submissions (Universal JSON Format) TAR (dataset); Submissions (Original Format) TAR (dataset)","Weinman, Jerod (Faculty/Staff); Grabowska, Amelia Gómez; Karatzas, Dimosthenis",University of Massachusetts Amherst. Dept. of Computer Science,Scene text reading,,,,,,,,,,,,,,,,"For two decades, robust reading challenges (RRCs) have driven and measured progress of text recognition systems in new and difficult domains. Such standardized benchmarks benefit the field by allowing participants and observers to systematically track steady performance improvements as interest in the problem continues to grow. To better understand their impacts and create opportunities for further improvements, this work empirically analyzes three important aspects of several challenges from the last decade: data sets, evaluation protocols, and competition metrics. First, we explore implications of certain annotation protocols. Second, we identify limitations in existing evaluation protocols that cause even the ground truth annotations to receive less than perfect scores. To remedy this, we propose evaluation protocol updates that boost both recall and precision. Accounting for these corner cases causes almost no changes to current rankings; however, such cases may become more prominent and important to consider as challenges focus on increasingly complex reading tasks. Finally, inspired by the recent HierText challenge’s use of Panoptic Quality (PQ), we explore the impact of this simple, parameter-free tightness-aware metric on six prior challenges, and we propose a new variant—Panoptic Character Quality (PCQ)—for simultaneously measuring character-level accuracy and word detection tightness. We find PQ-based metrics have a greater re-ranking impact on detection-only tasks, but predict end-to-end rankings slightly better than F-score. In sum, our empirical analysis and associated code should allow future challenge designers to make better-informed choices.",,,2024,2024,2024,,,compound,born digital,5 objects,5 objects,,,,English,,Faculty Scholarship,Faculty Scholarship,Faculty Scholarship,,,,20th century; 21st century,"Copyright to this work is held by the author(s), in accordance with United States copyright law (USC 17). Readers of this work have certain rights as defined by the law, including but not limited to fair use (17 USC 107 et seq.).",,,,,,,,,,,,,,0258  https://docs.google.com/spreadsheets/d/1JzW8TGU8qJlBAlyoMyDS1mkLTGoaLrsCzVtwQo-4JlU/edit?usp=sharing,"{/""worksheet/"": /""https://docs.google.com/spreadsheets/d/1JzW8TGU8qJlBAlyoMyDS1mkLTGoaLrsCzVtwQo-4JlU#gid=1570273558/"", /""directory/"": /""smb://storage/mediadb/DGingest/Migration-to-Alma/exports/faculty-scholarship/"", /""children/"": [{/""pid/"": /""grinnell:34451/"", /""title/"": /""Research Paper (Embargo Document)/"", /""files/"": []}, {/""pid/"": /""grinnell:35452/"", /""title/"": /""Code ZIP/"", /""files/"": []}, {/""pid/"": /""grinnell:35453/"", /""title/"": /""Results TAR/"", /""files/"": []}, {/""pid/"": /""grinnell:35454/"", /""title/"": /""Submissions (Universal JSON Format) TAR/"", /""files/"": []}, {/""pid/"": /""grinnell:35455/"", /""title/"": /""Submissions (Original Format) TAR/"", /""files/"": []}], /""paren/"": {/""pid/"": /""grinnell:34450/"", /""title/"": /""Counting the Corner Cases: Revisiting Robust Reading Challenge Data Sets, Evaluation Protocols, and Metrics/"", /""files/"": []}}"
,,991011507141704641,991011507141704641,parent: grinnell:34450,"Counting the Corner Cases: Revisiting Robust Reading Challenge Data Sets, Evaluation Protocols, and Metrics",,,grinnell:34450; grinnell:34450; http://hdl.handle.net/11084/34450; alma:01GCL_INST/bibs/991011507141704641,http://hdl.handle.net/11084/34450,"Counting the Corner Cases: Revisiting Robust Reading Challenge Data Sets, Evaluation Protocols, and Metrics (compound); Research Paper (Embargo Document) (text); Code ZIP (dataset); Results TAR (dataset); Submissions (Universal JSON Format) TAR (dataset); Submissions (Original Format) TAR (dataset)","Weinman, Jerod (Faculty/Staff); Grabowska, Amelia Gómez; Karatzas, Dimosthenis",University of Massachusetts Amherst. Dept. of Computer Science,Scene text reading,,,,,,,,,,,,,,,,"For two decades, robust reading challenges (RRCs) have driven and measured progress of text recognition systems in new and difficult domains. Such standardized benchmarks benefit the field by allowing participants and observers to systematically track steady performance improvements as interest in the problem continues to grow. To better understand their impacts and create opportunities for further improvements, this work empirically analyzes three important aspects of several challenges from the last decade: data sets, evaluation protocols, and competition metrics. First, we explore implications of certain annotation protocols. Second, we identify limitations in existing evaluation protocols that cause even the ground truth annotations to receive less than perfect scores. To remedy this, we propose evaluation protocol updates that boost both recall and precision. Accounting for these corner cases causes almost no changes to current rankings; however, such cases may become more prominent and important to consider as challenges focus on increasingly complex reading tasks. Finally, inspired by the recent HierText challenge’s use of Panoptic Quality (PQ), we explore the impact of this simple, parameter-free tightness-aware metric on six prior challenges, and we propose a new variant—Panoptic Character Quality (PCQ)—for simultaneously measuring character-level accuracy and word detection tightness. We find PQ-based metrics have a greater re-ranking impact on detection-only tasks, but predict end-to-end rankings slightly better than F-score. In sum, our empirical analysis and associated code should allow future challenge designers to make better-informed choices.",,,2024,2024,2024,,,compound,born digital,5 objects,5 objects,,,,English,,Faculty Scholarship,Faculty Scholarship,Faculty Scholarship,,,,20th century; 21st century,"Copyright to this work is held by the author(s), in accordance with United States copyright law (USC 17). Readers of this work have certain rights as defined by the law, including but not limited to fair use (17 USC 107 et seq.).",,,,,,,,,,,,,,0258  https://docs.google.com/spreadsheets/d/1JzW8TGU8qJlBAlyoMyDS1mkLTGoaLrsCzVtwQo-4JlU/edit?usp=sharing,"{/""worksheet/"": /""https://docs.google.com/spreadsheets/d/1JzW8TGU8qJlBAlyoMyDS1mkLTGoaLrsCzVtwQo-4JlU#gid=1570273558/"", /""directory/"": /""smb://storage/mediadb/DGingest/Migration-to-Alma/exports/faculty-scholarship/"", /""children/"": [{/""pid/"": /""grinnell:34451/"", /""title/"": /""Research Paper (Embargo Document)/"", /""files/"": []}, {/""pid/"": /""grinnell:35452/"", /""title/"": /""Code ZIP/"", /""files/"": []}, {/""pid/"": /""grinnell:35453/"", /""title/"": /""Results TAR/"", /""files/"": []}, {/""pid/"": /""grinnell:35454/"", /""title/"": /""Submissions (Universal JSON Format) TAR/"", /""files/"": []}, {/""pid/"": /""grinnell:35455/"", /""title/"": /""Submissions (Original Format) TAR/"", /""files/"": []}], /""paren/"": {/""pid/"": /""grinnell:34450/"", /""title/"": /""Counting the Corner Cases: Revisiting Robust Reading Challenge Data Sets, Evaluation Protocols, and Metrics/"", /""files/"": []}}"
,,991011507141704641,991011507141704641,parent: grinnell:34450,"Counting the Corner Cases: Revisiting Robust Reading Challenge Data Sets, Evaluation Protocols, and Metrics",,,grinnell:34450; grinnell:34450; http://hdl.handle.net/11084/34450; alma:01GCL_INST/bibs/991011507141704641,http://hdl.handle.net/11084/34450,"Counting the Corner Cases: Revisiting Robust Reading Challenge Data Sets, Evaluation Protocols, and Metrics (compound); Research Paper (Embargo Document) (text); Code ZIP (dataset); Results TAR (dataset); Submissions (Universal JSON Format) TAR (dataset); Submissions (Original Format) TAR (dataset)","Weinman, Jerod (Faculty/Staff); Grabowska, Amelia Gómez; Karatzas, Dimosthenis",University of Massachusetts Amherst. Dept. of Computer Science,Scene text reading,,,,,,,,,,,,,,,,"For two decades, robust reading challenges (RRCs) have driven and measured progress of text recognition systems in new and difficult domains. Such standardized benchmarks benefit the field by allowing participants and observers to systematically track steady performance improvements as interest in the problem continues to grow. To better understand their impacts and create opportunities for further improvements, this work empirically analyzes three important aspects of several challenges from the last decade: data sets, evaluation protocols, and competition metrics. First, we explore implications of certain annotation protocols. Second, we identify limitations in existing evaluation protocols that cause even the ground truth annotations to receive less than perfect scores. To remedy this, we propose evaluation protocol updates that boost both recall and precision. Accounting for these corner cases causes almost no changes to current rankings; however, such cases may become more prominent and important to consider as challenges focus on increasingly complex reading tasks. Finally, inspired by the recent HierText challenge’s use of Panoptic Quality (PQ), we explore the impact of this simple, parameter-free tightness-aware metric on six prior challenges, and we propose a new variant—Panoptic Character Quality (PCQ)—for simultaneously measuring character-level accuracy and word detection tightness. We find PQ-based metrics have a greater re-ranking impact on detection-only tasks, but predict end-to-end rankings slightly better than F-score. In sum, our empirical analysis and associated code should allow future challenge designers to make better-informed choices.",,,2024,2024,2024,,,compound,born digital,5 objects,5 objects,,,,English,,Faculty Scholarship,Faculty Scholarship,Faculty Scholarship,,,,20th century; 21st century,"Copyright to this work is held by the author(s), in accordance with United States copyright law (USC 17). Readers of this work have certain rights as defined by the law, including but not limited to fair use (17 USC 107 et seq.).",,,,,,,,,,,,,,0258  https://docs.google.com/spreadsheets/d/1JzW8TGU8qJlBAlyoMyDS1mkLTGoaLrsCzVtwQo-4JlU/edit?usp=sharing,"{/""worksheet/"": /""https://docs.google.com/spreadsheets/d/1JzW8TGU8qJlBAlyoMyDS1mkLTGoaLrsCzVtwQo-4JlU#gid=1570273558/"", /""directory/"": /""smb://storage/mediadb/DGingest/Migration-to-Alma/exports/faculty-scholarship/"", /""children/"": [{/""pid/"": /""grinnell:34451/"", /""title/"": /""Research Paper (Embargo Document)/"", /""files/"": []}, {/""pid/"": /""grinnell:35452/"", /""title/"": /""Code ZIP/"", /""files/"": []}, {/""pid/"": /""grinnell:35453/"", /""title/"": /""Results TAR/"", /""files/"": []}, {/""pid/"": /""grinnell:35454/"", /""title/"": /""Submissions (Universal JSON Format) TAR/"", /""files/"": []}, {/""pid/"": /""grinnell:35455/"", /""title/"": /""Submissions (Original Format) TAR/"", /""files/"": []}], /""paren/"": {/""pid/"": /""grinnell:34450/"", /""title/"": /""Counting the Corner Cases: Revisiting Robust Reading Challenge Data Sets, Evaluation Protocols, and Metrics/"", /""files/"": []}}"
,,991011507141704641,991011507141704641,parent: grinnell:34450,"Counting the Corner Cases: Revisiting Robust Reading Challenge Data Sets, Evaluation Protocols, and Metrics",,,grinnell:34450; grinnell:34450; http://hdl.handle.net/11084/34450; alma:01GCL_INST/bibs/991011507141704641,http://hdl.handle.net/11084/34450,"Counting the Corner Cases: Revisiting Robust Reading Challenge Data Sets, Evaluation Protocols, and Metrics (compound); Research Paper (Embargo Document) (text); Code ZIP (dataset); Results TAR (dataset); Submissions (Universal JSON Format) TAR (dataset); Submissions (Original Format) TAR (dataset)","Weinman, Jerod (Faculty/Staff); Grabowska, Amelia Gómez; Karatzas, Dimosthenis",University of Massachusetts Amherst. Dept. of Computer Science,Scene text reading,,,,,,,,,,,,,,,,"For two decades, robust reading challenges (RRCs) have driven and measured progress of text recognition systems in new and difficult domains. Such standardized benchmarks benefit the field by allowing participants and observers to systematically track steady performance improvements as interest in the problem continues to grow. To better understand their impacts and create opportunities for further improvements, this work empirically analyzes three important aspects of several challenges from the last decade: data sets, evaluation protocols, and competition metrics. First, we explore implications of certain annotation protocols. Second, we identify limitations in existing evaluation protocols that cause even the ground truth annotations to receive less than perfect scores. To remedy this, we propose evaluation protocol updates that boost both recall and precision. Accounting for these corner cases causes almost no changes to current rankings; however, such cases may become more prominent and important to consider as challenges focus on increasingly complex reading tasks. Finally, inspired by the recent HierText challenge’s use of Panoptic Quality (PQ), we explore the impact of this simple, parameter-free tightness-aware metric on six prior challenges, and we propose a new variant—Panoptic Character Quality (PCQ)—for simultaneously measuring character-level accuracy and word detection tightness. We find PQ-based metrics have a greater re-ranking impact on detection-only tasks, but predict end-to-end rankings slightly better than F-score. In sum, our empirical analysis and associated code should allow future challenge designers to make better-informed choices.",,,2024,2024,2024,,,compound,born digital,5 objects,5 objects,,,,English,,Faculty Scholarship,Faculty Scholarship,Faculty Scholarship,,,,20th century; 21st century,"Copyright to this work is held by the author(s), in accordance with United States copyright law (USC 17). Readers of this work have certain rights as defined by the law, including but not limited to fair use (17 USC 107 et seq.).",,,,,,,,,,,,,,0258  https://docs.google.com/spreadsheets/d/1JzW8TGU8qJlBAlyoMyDS1mkLTGoaLrsCzVtwQo-4JlU/edit?usp=sharing,"{/""worksheet/"": /""https://docs.google.com/spreadsheets/d/1JzW8TGU8qJlBAlyoMyDS1mkLTGoaLrsCzVtwQo-4JlU#gid=1570273558/"", /""directory/"": /""smb://storage/mediadb/DGingest/Migration-to-Alma/exports/faculty-scholarship/"", /""children/"": [{/""pid/"": /""grinnell:34451/"", /""title/"": /""Research Paper (Embargo Document)/"", /""files/"": []}, {/""pid/"": /""grinnell:35452/"", /""title/"": /""Code ZIP/"", /""files/"": []}, {/""pid/"": /""grinnell:35453/"", /""title/"": /""Results TAR/"", /""files/"": []}, {/""pid/"": /""grinnell:35454/"", /""title/"": /""Submissions (Universal JSON Format) TAR/"", /""files/"": []}, {/""pid/"": /""grinnell:35455/"", /""title/"": /""Submissions (Original Format) TAR/"", /""files/"": []}], /""paren/"": {/""pid/"": /""grinnell:34450/"", /""title/"": /""Counting the Corner Cases: Revisiting Robust Reading Challenge Data Sets, Evaluation Protocols, and Metrics/"", /""files/"": []}}"
,,991011507141804641,991011507141804641,,The Peter Ridgway Jordan Collection,,,grinnell:1099; grinnell:1099; http://hdl.handle.net/11084/1099; alma:01GCL_INST/bibs/991011507141804641,http://hdl.handle.net/11084/1099,,"Fyffe, Richard (Faculty/Staff)","Rod, Catherine (Faculty/Staff); Grinnell College Libraries. Special Collections and Archives",Early printed books,,,,,,,,,,,,,,,,The catalog for an exhibit by the same name which features the donation of 16th and 17th century books by Peter Ridgway Jordan.,Grinnell College,Grinnell College,2010,2010,2010,,,book,reformated digital,,,,,,English,,Library Exhibitions,Library Exhibitions,Library Exhibitions,,,,17th century; 18th century,"Copyright to this work is held by the author(s), in accordance with United States copyright law (USC 17). Readers of this work have certain rights as defined by the law, including but not limited to fair use (17 USC 107 et seq.).",,,,,,,,,,,,,,0045  https://docs.google.com/spreadsheets/d/1JzW8TGU8qJlBAlyoMyDS1mkLTGoaLrsCzVtwQo-4JlU/edit?usp=sharing,"{/""worksheet/"": /""https://docs.google.com/spreadsheets/d/1JzW8TGU8qJlBAlyoMyDS1mkLTGoaLrsCzVtwQo-4JlU#gid=1570273558/"", /""directory/"": /""smb://storage/mediadb/DGingest/Migration-to-Alma/exports/faculty-scholarship/"", /""object/"": {/""pid/"": /""grinnell:1099/"", /""title/"": /""The Peter Ridgway Jordan Collection/"", /""files/"": [/""grinnell_1099_MODS.xml/"", /""grinnell_1099_RELS-EXT.rdf/""]}}"
,,991011507141904641,991011507141904641,,Experimental Studies of Adaptation in Clarkia Xantiana. I. Sources of Trait Variation Across a Subspecies Border,,,grinnell:26666; grinnell:26666; http://hdl.handle.net/11084/26666; alma:01GCL_INST/bibs/991011507141904641,http://hdl.handle.net/11084/26666,,"Eckhart, V. M. (Faculty/Staff); Geber, Monica A.; McGuire, Christopher M.",Grinnell College. Biology,species borders,,,,,,,,,,,,,"Both genetic differentiation and phenotypic plasticity might be expected to affect the location of geographic range limits. Co-gradient variation (CoGV), plasticity that is congruent with genetic differentiation, may enhance performance at range margins, whereas its opposite, counter-gradient variation (CnGV) may hinder performance. Here we report findings of reciprocal transplant experiments intended to tease apart the roles of differentiation and plasticity in producing phenotypic variation across a geographic border between two plant subspecies. Clarkia xantiana ssp. xantiana and C. xantiana ssp. parviflora are California-endemic annuals that replace each other along a west–east gradient of declining precipitation. We analyzed variation in floral traits, phenological traits, and vegetative morphological and developmental traits by sowing seeds of 18 populations (six of ssp. xantiana and 12 of ssp. parviflora) at three sites (one in each subspecies’ exclusive range and one in the subspecies’ contact zone), in two growing seasons (an exceptionally wet El Nin˜o winter and a much drier La Nin˜a winter). Significant genetic differences between subspecies appeared in 11 of 12 traits, and differences were of the same sign as in nature. These findings are consistent with the hypothesis that selection is responsible for subspecies differences. Geographic variation within subspecies over part of the spatial gradient mirrored between-subspecies differences present at a larger scale. All traits showed significant plasticity in response to spatial and temporal environmental variation. Plasticity patterns ranged from spatial and temporal CoGV (e.g., in node of first flower), to spatial CnGV (e.g., in flowering time), to patterns that were neither CoGV nor CnGV (the majority of traits). Instances of CoGV may reflect adaptive plasticity and may serve to increase performance under year-to-year environmental variation and at sites near the subspecies border. However, the presence of spatial CnGV in some critical traits suggests that subspecies ranges may also be constrained by patterns of plasticity.",,"Eckhart, V. M., Geber, M. A., &amp; McGuire, C. M. (2004). Experimental studies of adaptation in Clarkia xantiana. I. Sources of trait variation across a subspecies border. Evolution, 58(1), 59-70.",We report fndings of reciprocal transplant experiments intended to tease apart the roles of differentiation and plasticity in producing phenotypic variation across a geographic border between two plant subspecies. Clarkia xantiana ssp. xantiana and C. xantiana ssp. parvifora are California-endemic annuals that replace each other along a west-east gradient of declining precipitation.,Grinnell College,Grinnell College,2004,2004,2004,,,essays,reformatted digital,,,,,,English,,Faculty Scholarship,Faculty Scholarship,Faculty Scholarship,,California,,,"Copyright to this work is held by the author(s), in accordance with United States copyright law (USC 17). Readers of this work have certain rights as defined by the law, including but not limited to fair use (17 USC 107 et seq.).",,,,,,,,,,,,,,0157  https://docs.google.com/spreadsheets/d/1JzW8TGU8qJlBAlyoMyDS1mkLTGoaLrsCzVtwQo-4JlU/edit?usp=sharing,"{/""worksheet/"": /""https://docs.google.com/spreadsheets/d/1JzW8TGU8qJlBAlyoMyDS1mkLTGoaLrsCzVtwQo-4JlU#gid=1570273558/"", /""directory/"": /""smb://storage/mediadb/DGingest/Migration-to-Alma/exports/faculty-scholarship/"", /""object/"": {/""pid/"": /""grinnell:26666/"", /""title/"": /""Experimental Studies of Adaptation in Clarkia Xantiana. I. Sources of Trait Variation Across a Subspecies Border/"", /""files/"": [/""grinnell_26666_MODS.xml/"", /""grinnell_26666_RELS-EXT.rdf/""]}}"
,,991011507142004641,991011507142004641,,ACM Works of Dr. Henry M. Walker,,,grinnell:10010; grinnell:10010; http://hdl.handle.net/11084/10010; alma:01GCL_INST/bibs/991011507142004641,http://hdl.handle.net/11084/10010,,"Walker, Henry M., (Faculty/Staff)",Grinnell College. Computer Science,Publications of Henry M. Walker indexed by the ACM Digital Library or from other sources,,,,,,,,,,,,,"This image is a screen capture (taken February 4, 2015) of a web page listing several ACM (Association for Computing Machinery) copyrighted publications of Dr. Henry M. Walker, Grinnell College.  Associated metadata includes the text of all pertinent links presented in Dr. Walker's page.",,,"Screen capture (taken February 4, 2015) of a web page listing several ACM (Association for Computing Machinery) copyrighted publications of Dr. Henry M. Walker, Grinnell College.",ACM,ACM,1981-present,2015,1981-present,,1981-present,text,born digital,,,,,,English,,Faculty Scholarship,Faculty Scholarship,Faculty Scholarship,,,,20th century,"Copyright to this work is held by the ACM and by the author(s), in accordance with United States copyright law (USC 17). Readers of this work have certain rights as defined by the law, including but not limited to fair use (17 USC 107 et seq.).",,,,,,,,,,,,,,0002  https://docs.google.com/spreadsheets/d/1JzW8TGU8qJlBAlyoMyDS1mkLTGoaLrsCzVtwQo-4JlU/edit?usp=sharing,"{/""worksheet/"": /""https://docs.google.com/spreadsheets/d/1JzW8TGU8qJlBAlyoMyDS1mkLTGoaLrsCzVtwQo-4JlU#gid=1570273558/"", /""directory/"": /""smb://storage/mediadb/DGingest/Migration-to-Alma/exports/faculty-scholarship/"", /""object/"": {/""pid/"": /""grinnell:10010/"", /""title/"": /""ACM Works of Dr. Henry M. Walker/"", /""files/"": [/""grinnell_10010_MODS.xml/"", /""grinnell_10010_RELS-EXT.rdf/""]}}"
,,991011507142104641,991011507142104641,,"The Collembola of North America, North of the Rio Grande: A Taxonomic Analysis - 4 Volumes",,,grinnell:32100; http://hdl.handle.net/11084/32100; alma:01GCL_INST/bibs/991011507142104641,http://hdl.handle.net/11084/32100,"The Collembola of North America, North of the Rio Grande: A Taxonomic Analysis - 4 Volumes (compound); Part 1 - Introduction - General - Families poduridae and hypogastruridae (book); Part 2 - Families onychiuridae and isotomidae (book); Part 3 - Families entomobryidae, cyphoderidae, paronellidae, oncopoduridae and tomoceridae (book); Part 4 - Families neelidae, sminthuridae and mackenziellidae - Glossary - Bibliography - Index (book)","Christiansen, Kenneth Allen, 1924-2017; Bellinger, Peter F.",,,,,,,,,,,,,,,,,,The four-volume 1998 edition of Collembola of North America.,Grinnell College,Grinnell College,1998,1998,1998,,,compound,digitized other analog,4 volumes,4 volumes,,,,English,,Digital Grinnell,Digital Grinnell,Digital Grinnell,,,,,"Copyright to this work is held by the author(s), in accordance with United States copyright law (USC 17). Readers of this work have certain rights as defined by the law, including but not limited to fair use (17 USC 107 et seq.).",,,,,,,,,,,,,,,
,,991011507142104641,991011507142104641,,"The Collembola of North America, North of the Rio Grande: A Taxonomic Analysis - 4 Volumes",,,grinnell:32100; http://hdl.handle.net/11084/32100; alma:01GCL_INST/bibs/991011507142104641,http://hdl.handle.net/11084/32100,"The Collembola of North America, North of the Rio Grande: A Taxonomic Analysis - 4 Volumes (compound); Part 1 - Introduction - General - Families poduridae and hypogastruridae (book); Part 2 - Families onychiuridae and isotomidae (book); Part 3 - Families entomobryidae, cyphoderidae, paronellidae, oncopoduridae and tomoceridae (book); Part 4 - Families neelidae, sminthuridae and mackenziellidae - Glossary - Bibliography - Index (book)","Christiansen, Kenneth Allen, 1924-2017; Bellinger, Peter F.",,,,,,,,,,,,,,,,,,The four-volume 1998 edition of Collembola of North America.,Grinnell College,Grinnell College,1998,1998,1998,,,compound,digitized other analog,4 volumes,4 volumes,,,,English,,Digital Grinnell,Digital Grinnell,Digital Grinnell,,,,,"Copyright to this work is held by the author(s), in accordance with United States copyright law (USC 17). Readers of this work have certain rights as defined by the law, including but not limited to fair use (17 USC 107 et seq.).",,,,,,,,,,,,,,,
,,991011507142104641,991011507142104641,,"The Collembola of North America, North of the Rio Grande: A Taxonomic Analysis - 4 Volumes",,,grinnell:32100; http://hdl.handle.net/11084/32100; alma:01GCL_INST/bibs/991011507142104641,http://hdl.handle.net/11084/32100,"The Collembola of North America, North of the Rio Grande: A Taxonomic Analysis - 4 Volumes (compound); Part 1 - Introduction - General - Families poduridae and hypogastruridae (book); Part 2 - Families onychiuridae and isotomidae (book); Part 3 - Families entomobryidae, cyphoderidae, paronellidae, oncopoduridae and tomoceridae (book); Part 4 - Families neelidae, sminthuridae and mackenziellidae - Glossary - Bibliography - Index (book)","Christiansen, Kenneth Allen, 1924-2017; Bellinger, Peter F.",,,,,,,,,,,,,,,,,,The four-volume 1998 edition of Collembola of North America.,Grinnell College,Grinnell College,1998,1998,1998,,,compound,digitized other analog,4 volumes,4 volumes,,,,English,,Digital Grinnell,Digital Grinnell,Digital Grinnell,,,,,"Copyright to this work is held by the author(s), in accordance with United States copyright law (USC 17). Readers of this work have certain rights as defined by the law, including but not limited to fair use (17 USC 107 et seq.).",,,,,,,,,,,,,,,
,,991011507142104641,991011507142104641,,"The Collembola of North America, North of the Rio Grande: A Taxonomic Analysis - 4 Volumes",,,grinnell:32100; http://hdl.handle.net/11084/32100; alma:01GCL_INST/bibs/991011507142104641,http://hdl.handle.net/11084/32100,"The Collembola of North America, North of the Rio Grande: A Taxonomic Analysis - 4 Volumes (compound); Part 1 - Introduction - General - Families poduridae and hypogastruridae (book); Part 2 - Families onychiuridae and isotomidae (book); Part 3 - Families entomobryidae, cyphoderidae, paronellidae, oncopoduridae and tomoceridae (book); Part 4 - Families neelidae, sminthuridae and mackenziellidae - Glossary - Bibliography - Index (book)","Christiansen, Kenneth Allen, 1924-2017; Bellinger, Peter F.",,,,,,,,,,,,,,,,,,The four-volume 1998 edition of Collembola of North America.,Grinnell College,Grinnell College,1998,1998,1998,,,compound,digitized other analog,4 volumes,4 volumes,,,,English,,Digital Grinnell,Digital Grinnell,Digital Grinnell,,,,,"Copyright to this work is held by the author(s), in accordance with United States copyright law (USC 17). Readers of this work have certain rights as defined by the law, including but not limited to fair use (17 USC 107 et seq.).",,,,,,,,,,,,,,,
,,991011507142204641,991011507142204641,,The effects of floral display on pollinator visitation vary among populations of Phacelia linearis (Hydrophyllaceae),,,grinnell:26665; grinnell:26665; http://hdl.handle.net/11084/26665; alma:01GCL_INST/bibs/991011507142204641,http://hdl.handle.net/11084/26665,,"Eckhart, V. M. (Faculty/Staff)",Grinnell College. Biology,gynodioecy,,,,,,,,,,,,,"Individual plants in gynodioecious populations of Phacelia linearis (Hydrophyllaceae) vary in flower gender, flower size, and flower number. This paper reports the effects of variation in floral display on the visitation behaviour of this species' pollinators (mainly pollen-collecting solitary bees) in several natural and three experimental plant populations, and discusses the results in terms of the consequences for plant fitness. The working hypotheses were: (1) that because female plants do not produce pollen, pollen-collecting insects would visit hermaphrodite plants at a higher rate than female plants and would visit more flowers per hermaphrodite than per female; and (2) that pollinator arrival rate would increase with flower size and flower number, the two main components of visual display. These hypotheses were generally supported, but the effects of floral display on pollinator visitation varied substantially among plant populations.",,"Eckhart, V. M. (1991). The effects of floral display on pollinator visitation vary among populations of Phacelia linearis (Hydrophyllaceae). Evolutionary Ecology, 5(4), 370-384.","Individual plants in gynodioecious populations of Phacelia linearis (Hydrophyllaceae) vary in flower gender, flower size, and flower number. This paper reports the effects of variation in floral display on the visitation behaviour of this species' pollinators (mainly pollen-collecting solitary bees) in several natural and three experimental plant populations, and discusses the results in terms of the consequences for plant fitness.",Grinnell College,Grinnell College,1991,1991,1991,,,essays,born digital,,,,,,English,,Faculty Scholarship,Faculty Scholarship,Faculty Scholarship,,,,,"Copyright to this work is held by the author(s), in accordance with United States copyright law (USC 17). Readers of this work have certain rights as defined by the law, including but not limited to fair use (17 USC 107 et seq.).",,,,,,,,,,,,,,0156  https://docs.google.com/spreadsheets/d/1JzW8TGU8qJlBAlyoMyDS1mkLTGoaLrsCzVtwQo-4JlU/edit?usp=sharing,"{/""worksheet/"": /""https://docs.google.com/spreadsheets/d/1JzW8TGU8qJlBAlyoMyDS1mkLTGoaLrsCzVtwQo-4JlU#gid=1570273558/"", /""directory/"": /""smb://storage/mediadb/DGingest/Migration-to-Alma/exports/faculty-scholarship/"", /""object/"": {/""pid/"": /""grinnell:26665/"", /""title/"": /""The effects of floral display on pollinator visitation vary among populations of Phacelia linearis (Hydrophyllaceae)/"", /""files/"": [/""grinnell_26665_MODS.xml/"", /""grinnell_26665_RELS-EXT.rdf/""]}}"
,,991011507142304641,991011507142304641,parent: grinnell:13118,Ken Christiansen Collembola Collection,,,grinnell:13118; grinnell:13118; http://hdl.handle.net/11084/13118; alma:01GCL_INST/bibs/991011507142304641,http://hdl.handle.net/11084/13118,Ken Christiansen Collembola Collection (compound); Collembola Database Part 1 (database); Collembola Database Part 2 (database),"Christiansen, Kenneth Allen, 1924- 2017 (Faculty/Staff)",Grinnell College. Biology,Collembola database,,,,,,,,,,,,,,,,"This database includes all records of Collembola which are or were in the Collection of K. Christiansen. The records are mainly from North America but include some specimens from Mexico and Lebanon, Syria and China",Grinnell College,Grinnell College,2006,2006,2006,,,compound,reformatted digital,,,,,,English,,Faculty Scholarship,Faculty Scholarship,Faculty Scholarship,,North America,,,"Copyright to this work is held by the author(s), in accordance with United States copyright law (USC 17). Readers of this work have certain rights as defined by the law, including but not limited to fair use (17 USC 107 et seq.).",,,,,,,,,,,,,,0085  https://docs.google.com/spreadsheets/d/1JzW8TGU8qJlBAlyoMyDS1mkLTGoaLrsCzVtwQo-4JlU/edit?usp=sharing,"{/""worksheet/"": /""https://docs.google.com/spreadsheets/d/1JzW8TGU8qJlBAlyoMyDS1mkLTGoaLrsCzVtwQo-4JlU#gid=1570273558/"", /""directory/"": /""smb://storage/mediadb/DGingest/Migration-to-Alma/exports/faculty-scholarship/"", /""children/"": [{/""pid/"": /""grinnell:13116/"", /""title/"": /""Collembola Database Part 1/"", /""files/"": [/""grinnell_13116_MODS.xml/"", /""grinnell_13116_RELS-EXT.rdf/""]}, {/""pid/"": /""grinnell:13117/"", /""title/"": /""Collembola Database Part 2/"", /""files/"": [/""grinnell_13117_MODS.xml/"", /""grinnell_13117_RELS-EXT.rdf/""]}], /""paren/"": {/""pid/"": /""grinnell:13118/"", /""title/"": /""Ken Christiansen Collembola Collection/"", /""files/"": [/""grinnell_13118_MODS.xml/"", /""grinnell_13118_RELS-EXT.rdf/""]}}"
,,991011507142304641,991011507142304641,parent: grinnell:13118,Ken Christiansen Collembola Collection,,,grinnell:13118; grinnell:13118; http://hdl.handle.net/11084/13118; alma:01GCL_INST/bibs/991011507142304641,http://hdl.handle.net/11084/13118,Ken Christiansen Collembola Collection (compound); Collembola Database Part 1 (database); Collembola Database Part 2 (database),"Christiansen, Kenneth Allen, 1924- 2017 (Faculty/Staff)",Grinnell College. Biology,Collembola database,,,,,,,,,,,,,,,,"This database includes all records of Collembola which are or were in the Collection of K. Christiansen. The records are mainly from North America but include some specimens from Mexico and Lebanon, Syria and China",Grinnell College,Grinnell College,2006,2006,2006,,,compound,reformatted digital,,,,,,English,,Faculty Scholarship,Faculty Scholarship,Faculty Scholarship,,North America,,,"Copyright to this work is held by the author(s), in accordance with United States copyright law (USC 17). Readers of this work have certain rights as defined by the law, including but not limited to fair use (17 USC 107 et seq.).",,,,,,,,,,,,,,0085  https://docs.google.com/spreadsheets/d/1JzW8TGU8qJlBAlyoMyDS1mkLTGoaLrsCzVtwQo-4JlU/edit?usp=sharing,"{/""worksheet/"": /""https://docs.google.com/spreadsheets/d/1JzW8TGU8qJlBAlyoMyDS1mkLTGoaLrsCzVtwQo-4JlU#gid=1570273558/"", /""directory/"": /""smb://storage/mediadb/DGingest/Migration-to-Alma/exports/faculty-scholarship/"", /""children/"": [{/""pid/"": /""grinnell:13116/"", /""title/"": /""Collembola Database Part 1/"", /""files/"": [/""grinnell_13116_MODS.xml/"", /""grinnell_13116_RELS-EXT.rdf/""]}, {/""pid/"": /""grinnell:13117/"", /""title/"": /""Collembola Database Part 2/"", /""files/"": [/""grinnell_13117_MODS.xml/"", /""grinnell_13117_RELS-EXT.rdf/""]}], /""paren/"": {/""pid/"": /""grinnell:13118/"", /""title/"": /""Ken Christiansen Collembola Collection/"", /""files/"": [/""grinnell_13118_MODS.xml/"", /""grinnell_13118_RELS-EXT.rdf/""]}}"
,,991011507142404641,991011507142404641,,"Wood Anatomy of Hydrophyllaceae. II. GeneraOther Tan Eriodictyon, with Comments on Parenchyma Bands Containing Vessels with Large Pits",,,grinnell:26664; grinnell:26664; http://hdl.handle.net/11084/26664; alma:01GCL_INST/bibs/991011507142404641,http://hdl.handle.net/11084/26664,,"Carlquist, Sherwin; Eckhart, V. M. (Faculty/Staff)",Grinnell College. Biology,Wood,,,,,,,,,,,,,"Although the family Hydrophyllaceae is largely herbaceous, woody species and genera present a series of interesting problems which invite study by means of wood anatomy. One concern of this paper and its antecedent (Carlquist, Eckhart and  Michener 1983) is whether Hydrophyllaceae is basically an herbaceous or woody family. The potential parallel between the distinctive habits of particular genera and species and their wood anatomy provides other questions. For example, is raylessness in some Hydrophyllaceae the result of secondary woodiness, as appears to be the case in other families? Does the wood of Wigandia, the most arborescent genus in the family, approach an herbaceous or a woody mode of wood structure more closely?",,"Carlquist, Sherwin and Eckhart, Vincent M. (1984) /""Wood Anatomy of Hydrophyllaceae. II. Genera Other Tan Eriodictyon, with Comments on Parenchyma Bands Containing Vessels with Large Pits,/"" Aliso: A Journal of Systematic and Evolutionary Botany: Vol. 10: Iss. 4, Article 4. Also available at: htp://scholarship.claremont.edu/aliso/vol10/iss4/4","Wood Anatomy of Hydrophyllaceae. II. GeneraOther Tan Eriodictyon, with Comments on Parenchyma Bands Containing Vessels with Large Pits",Grinnell College,Grinnell College,1984,1984,1984,,,essays,digitized other analog,,,,,,English,,Faculty Scholarship,Faculty Scholarship,Faculty Scholarship,,North America,,,"Copyright to this work is held by the author(s), in accordance with United States copyright law (USC 17). Readers of this work have certain rights as defined by the law, including but not limited to fair use (17 USC 107 et seq.).",,,,,,,,,,,,,,0155  https://docs.google.com/spreadsheets/d/1JzW8TGU8qJlBAlyoMyDS1mkLTGoaLrsCzVtwQo-4JlU/edit?usp=sharing,"{/""worksheet/"": /""https://docs.google.com/spreadsheets/d/1JzW8TGU8qJlBAlyoMyDS1mkLTGoaLrsCzVtwQo-4JlU#gid=1570273558/"", /""directory/"": /""smb://storage/mediadb/DGingest/Migration-to-Alma/exports/faculty-scholarship/"", /""object/"": {/""pid/"": /""grinnell:26664/"", /""title/"": /""Wood Anatomy of Hydrophyllaceae. II. GeneraOther Tan Eriodictyon, with Comments on Parenchyma Bands Containing Vessels with Large Pits/"", /""files/"": [/""grinnell_26664_MODS.xml/"", /""grinnell_26664_RELS-EXT.rdf/""]}}"
,,991011507196704641,991011507196704641,,Avoiding the New Cold War: Environmental Conflict Resolution and the Need for an International Legal Regime in the High Arctic,,,grinnell:100; grinnell:100; http://hdl.handle.net/11084/100; alma:01GCL_INST/bibs/991011507196704641,http://hdl.handle.net/11084/100,,"Mulopulos, Sam (Class of 2014)",Grinnell College. Peace Studies Program,Global warming,,,,,,,,,,,,,,,,Sam Mulopulos' submission to the 2012 Peace Studies Student Conference,Grinnell College,Grinnell College,2012-03,2012,2012-03,,2012-03,text,born digital,,,,,,English,,Peace Studies Student Conference,Peace Studies Student Conference,Peace Studies Student Conference,,Arctic regions,,,"Copyright to this work is held by the author(s), in accordance with United States copyright law (USC 17). Readers of this work have certain rights as defined by the law, including but not limited to fair use (17 USC 107 et seq.).",,,,,,,,,,,,,,0000  https://docs.google.com/spreadsheets/d/1JzW8TGU8qJlBAlyoMyDS1mkLTGoaLrsCzVtwQo-4JlU/edit?usp=sharing,"{/""worksheet/"": /""https://docs.google.com/spreadsheets/d/1JzW8TGU8qJlBAlyoMyDS1mkLTGoaLrsCzVtwQo-4JlU#gid=275533058/"", /""directory/"": /""smb://storage/mediadb/DGingest/Migration-to-Alma/exports/student-scholarship/"", /""object/"": {/""pid/"": /""grinnell:100/"", /""title/"": /""Avoiding the New Cold War: Environmental Conflict Resolution and the Need for an International Legal Regime in the High Arctic/"", /""files/"": [/""grinnell_100_MODS.xml/"", /""grinnell_100_RELS-EXT.rdf/""]}}"
,,991011507198204641,991011507198204641,,Sin for a Sign? Another Look at Milton's Sin and Death,,,grinnell:31911; grinnell:31911; http://hdl.handle.net/11084/31911; alma:01GCL_INST/bibs/991011507198204641,http://hdl.handle.net/11084/31911,,"Jones, Caleb (Class of 2013)","Lee, James (Faculty/Staff); Grinnell College",English Literature,,,,,,,,,,,,,,,,"This essay contends that Milton's critique of Sin and Death, and allegory more generally, lies in their relation to his system of signs and the epistemological value of those signs.",Grinnell College,Grinnell College,04-29-2013,2013,04-29-2013,,,text,Born digital,,,,,,English,,Student Scholarship,Student Scholarship,Student Scholarship,,England,,17th century,"Copyright to this work is held by the author(s), in accordance with United States copyright law (USC 17). Readers of this work have certain rights as defined by the law, including but not limited to fair use (17 USC 107 et seq.).",,,,,,,,,,,,,,0228  https://docs.google.com/spreadsheets/d/1JzW8TGU8qJlBAlyoMyDS1mkLTGoaLrsCzVtwQo-4JlU/edit?usp=sharing,"{/""worksheet/"": /""https://docs.google.com/spreadsheets/d/1JzW8TGU8qJlBAlyoMyDS1mkLTGoaLrsCzVtwQo-4JlU#gid=275533058/"", /""directory/"": /""smb://storage/mediadb/DGingest/Migration-to-Alma/exports/student-scholarship/"", /""object/"": {/""pid/"": /""grinnell:31911/"", /""title/"": /""Sin for a Sign? Another Look at Milton's Sin and Death/"", /""files/"": [/""grinnell_31911_MODS.xml/"", /""grinnell_31911_RELS-EXT.rdf/""]}}"
,,991011507198304641,991011507198304641,,Divinity and Power: Gendered Constructions of Identity in Portraits of Marie De Medici and Henry IV,,,grinnell:31910; grinnell:31910; http://hdl.handle.net/11084/31910; alma:01GCL_INST/bibs/991011507198304641,http://hdl.handle.net/11084/31910,,"Nystrom, Jennelle (Class of 2014)","Lyon, J. Vanessa (Faculty/Staff); Grinnell College",Portrait painting,,,,,,,,,,,,,,,,This essay compares 17th century portraits of Marie de Medici and those of her husband Henry IV of France in the context of gender performativity.,Grinnell College,Grinnell College,04-29-2013,2013,04-29-2013,,,text,Born digital,,,,,,English,,Student Scholarship,Student Scholarship,Student Scholarship,,France,,17th century,"Copyright to this work is held by the author(s), in accordance with United States copyright law (USC 17). Readers of this work have certain rights as defined by the law, including but not limited to fair use (17 USC 107 et seq.).",,,,,,,,,,,,,,0227  https://docs.google.com/spreadsheets/d/1JzW8TGU8qJlBAlyoMyDS1mkLTGoaLrsCzVtwQo-4JlU/edit?usp=sharing,"{/""worksheet/"": /""https://docs.google.com/spreadsheets/d/1JzW8TGU8qJlBAlyoMyDS1mkLTGoaLrsCzVtwQo-4JlU#gid=275533058/"", /""directory/"": /""smb://storage/mediadb/DGingest/Migration-to-Alma/exports/student-scholarship/"", /""object/"": {/""pid/"": /""grinnell:31910/"", /""title/"": /""Divinity and Power: Gendered Constructions of Identity in Portraits of Marie De Medici and Henry IV/"", /""files/"": [/""grinnell_31910_MODS.xml/"", /""grinnell_31910_RELS-EXT.rdf/""]}}"
,,991011507198404641,991011507198404641,,"P.A.L.S. Volunteer Retention Project, Final Report","PALS Volunteer Retention Project, Final Report",,grinnell:3190; grinnell:3190; http://hdl.handle.net/11084/3190; alma:01GCL_INST/bibs/991011507198404641,http://hdl.handle.net/11084/3190,,"Romodan, Hanan (Class of 2013); Whisenhunt, Amber (Class of 2014)","Practicing Anthropology, Fall 2012; Grinnell College. Anthropology; Roper, Jackson Montgomery (Faculty/Staff advisor)","PALS Volunteer Retention Project, Final Report",,,,,,,,,,,,,,,,Poweshiek Animal League Shelter (P.A.L.S.) started in 2004 with a group of volunteers and has continued to depend on volunteers through its development.,Grinnell College,Grinnell College,19-12-2012,2012,19-12-2012,,19-12-2012,text,born digital,,,,,,English,,Digital Grinnell,Digital Grinnell,Digital Grinnell,,Grinnell (Iowa),,,"Copyright to this work is held by the author(s), in accordance with United States copyright law (USC 17). Readers of this work have certain rights as defined by the law, including but not limited to fair use (17 USC 107 et seq.).",,,,,,,,,,,,,,0226  https://docs.google.com/spreadsheets/d/1JzW8TGU8qJlBAlyoMyDS1mkLTGoaLrsCzVtwQo-4JlU/edit?usp=sharing,"{/""worksheet/"": /""https://docs.google.com/spreadsheets/d/1JzW8TGU8qJlBAlyoMyDS1mkLTGoaLrsCzVtwQo-4JlU#gid=275533058/"", /""directory/"": /""smb://storage/mediadb/DGingest/Migration-to-Alma/exports/student-scholarship/"", /""object/"": {/""pid/"": /""grinnell:3190/"", /""title/"": /""P.A.L.S. Volunteer Retention Project, Final Report/"", /""files/"": [/""grinnell_3190_MODS.xml/"", /""grinnell_3190_RELS-EXT.rdf/""]}}"
,,991011507198504641,991011507198504641,,Women's Rights and Development in India,,,grinnell:31909; grinnell:31909; http://hdl.handle.net/11084/31909; alma:01GCL_INST/bibs/991011507198504641,http://hdl.handle.net/11084/31909,,"Moore, Allison (Class of 2013)","Moyer, H. Wayne (Faculty/Staff); Grinnell College",Abortion,,,,,,,,,,,,,,,,This essay looks at Sex-selective abortions in relation to levels of development in three states in India,Grinnell College,Grinnell College,04-29-2013,2013,04-29-2013,,,text,Born digital,,,,,,English,,Student Scholarship,Student Scholarship,Student Scholarship,,"India; Bihar; Punjab,; Kerala",,21st century,"Copyright to this work is held by the author(s), in accordance with United States copyright law (USC 17). Readers of this work have certain rights as defined by the law, including but not limited to fair use (17 USC 107 et seq.).",,,,,,,,,,,,,,0225  https://docs.google.com/spreadsheets/d/1JzW8TGU8qJlBAlyoMyDS1mkLTGoaLrsCzVtwQo-4JlU/edit?usp=sharing,"{/""worksheet/"": /""https://docs.google.com/spreadsheets/d/1JzW8TGU8qJlBAlyoMyDS1mkLTGoaLrsCzVtwQo-4JlU#gid=275533058/"", /""directory/"": /""smb://storage/mediadb/DGingest/Migration-to-Alma/exports/student-scholarship/"", /""object/"": {/""pid/"": /""grinnell:31909/"", /""title/"": /""Women's Rights and Development in India/"", /""files/"": [/""grinnell_31909_MODS.xml/"", /""grinnell_31909_RELS-EXT.rdf/""]}}"
,,991011507198604641,991011507198604641,,Speech: French Identity and Music under Nazi Occupation,,,grinnell:31908; grinnell:31908; http://hdl.handle.net/11084/31908; alma:01GCL_INST/bibs/991011507198604641,http://hdl.handle.net/11084/31908,,"Bruce, Irene (Class of 2015)","Maynard, Kelly J. (Faculty/Staff); Grinnell College",World War (1939-1945),,,,,,,,,,,,,,,,This essay examines how the musical sense of national identity that French composers had formed before World War II was influenced or changed by the Nazi occupation of France.,Grinnell College,Grinnell College,04-29-2013,2013,04-29-2013,,,text,Born digital,,,,,,English,,Student Scholarship,Student Scholarship,Student Scholarship,,France,,20th century,"Copyright to this work is held by the author(s), in accordance with United States copyright law (USC 17). Readers of this work have certain rights as defined by the law, including but not limited to fair use (17 USC 107 et seq.).",,,,,,,,,,,,,,0224  https://docs.google.com/spreadsheets/d/1JzW8TGU8qJlBAlyoMyDS1mkLTGoaLrsCzVtwQo-4JlU/edit?usp=sharing,"{/""worksheet/"": /""https://docs.google.com/spreadsheets/d/1JzW8TGU8qJlBAlyoMyDS1mkLTGoaLrsCzVtwQo-4JlU#gid=275533058/"", /""directory/"": /""smb://storage/mediadb/DGingest/Migration-to-Alma/exports/student-scholarship/"", /""object/"": {/""pid/"": /""grinnell:31908/"", /""title/"": /""Speech: French Identity and Music under Nazi Occupation/"", /""files/"": [/""grinnell_31908_MODS.xml/"", /""grinnell_31908_RELS-EXT.rdf/""]}}"
,,991011507198704641,991011507198704641,,Quatrevingt-Treize in Soixante-Quatorze: Victor Hugo's Portrayal of the Revolution,,,grinnell:31907; grinnell:31907; http://hdl.handle.net/11084/31907; alma:01GCL_INST/bibs/991011507198704641,http://hdl.handle.net/11084/31907,,"Lakiotis, Andrea (Class of 2015)","Maynard, Kelly J. (Faculty/Staff); Grinnell College",French literature,,,,,,,,,,,,,,,,This essay explores Victor Hugo's novel Quatrevingt-treize as a political warning to his fellow citizens in the 1870s.,Grinnell College,Grinnell College,04-29-2013,2013,04-29-2013,,,text,Born digital,,,,,,English,,Student Scholarship,Student Scholarship,Student Scholarship,,France,,19th century,"Copyright to this work is held by the author(s), in accordance with United States copyright law (USC 17). Readers of this work have certain rights as defined by the law, including but not limited to fair use (17 USC 107 et seq.).",,,,,,,,,,,,,,0223  https://docs.google.com/spreadsheets/d/1JzW8TGU8qJlBAlyoMyDS1mkLTGoaLrsCzVtwQo-4JlU/edit?usp=sharing,"{/""worksheet/"": /""https://docs.google.com/spreadsheets/d/1JzW8TGU8qJlBAlyoMyDS1mkLTGoaLrsCzVtwQo-4JlU#gid=275533058/"", /""directory/"": /""smb://storage/mediadb/DGingest/Migration-to-Alma/exports/student-scholarship/"", /""object/"": {/""pid/"": /""grinnell:31907/"", /""title/"": /""Quatrevingt-Treize in Soixante-Quatorze: Victor Hugo's Portrayal of the Revolution/"", /""files/"": [/""grinnell_31907_MODS.xml/"", /""grinnell_31907_RELS-EXT.rdf/""]}}"
